Key,en,es,ar,fr,hi
Languages,Languages,Idiomas,اللغات,Langues,बोली
Language,Language,Idioma,لغة,Langue,भाषा
Information,Information,Información,معلومة,Information,जानकारी
Language Information,Language Information,Información del idioma,معلومات اللغة,Informations linguistiques,भाषा की जानकारी
Language Manager,Language Manager,Administrador de idiomas,مدير اللغة,Responsable linguistique,भाषा प्रबंधक
Language created successfully!,Language created successfully!,¡Idioma creado exitosamente!,تم إنشاء اللغة بنجاح!,Langue créée avec succès !,भाषा सफलतापूर्वक बनाई गई!
Super Admin,Super Admin,Superadministrador,المشرف الأعلى,Super administrateur,सुपर एडमिन
DEFAULT,DEFAULT,POR DEFECTO,تقصير,DÉFAUT,गलती करना
Setup Currency,Setup Currency,Configurar moneda,إعداد العملة,Configuration de la devise,सेटअप मुद्रा
Fees & Charges,Fees & Charges,Tarifas y cargos,الرسوم والتكاليف,Frais et charges,शुल्क और प्रभार
TRANSACTIONS & LOGS,Transactions & Logs,Transacciones y registros,المعاملات والسجلات,Transactions et journaux,लेनदेन और लॉग
Add Money Logs,Add Money Logs,Agregar registros de dinero,إضافة سجلات الأموال,Ajouter des journaux d'argent,धन लॉग जोड़ें
All Logs,All Logs,Todos los registros,جميع السجلات,Tous les journaux,सभी लॉग
Money Out Logs,Money Out Logs,Registros de salida de dinero,سجلات خروج الأموال,Journaux de sorties d'argent,मनी आउट लॉग्स
Pending Logs,Pending Logs,Registros pendientes,السجلات المعلقة,Journaux en attente,लंबित लॉग
Completed Logs,Completed Logs,Registros completados,السجلات المكتملة,Journaux terminés,पूर्ण लॉग
Canceled Logs,Canceled Logs,Registros cancelados,السجلات الملغاة,Journaux annulés,रद्द किए गए लॉग
User Care,User Care,Atención al usuario,رعاية المستخدم,Service utilisateur,उपयोगकर्ता देखभाल
Active Users,Active Users,Usuarios activos,المستخدمون النشطون,Utilisateurs actifs,सक्रिय उपयोगकर्ता
All Users,All Users,Todos los usuarios,جميع المستخدمين,Tous les utilisateurs,सभी उपयोगकर्ता
Email To Users,Email To Users,Correo electrónico a los usuarios,البريد الإلكتروني للمستخدمين,Courriel aux utilisateurs,उपयोगकर्ताओं को ईमेल
Banned Users,Banned Users,Usuarios baneados,المستخدمون المحظورون,Utilisateurs bannis,प्रतिबंधित उपयोगकर्ता
Agent Care,Agent Care,Atención al agente,رعاية الوكيل,Agent Care,एजेंट केयर
Active Agents,Active Agents,Agentes activos,العوامل الفعالة,Agents actifs,सक्रिय एजेंट
Email unverified,Email Unverified,Correo electrónico no verificado,البريد الإلكتروني غير مؤكد,E-mail non vérifié,ईमेल असत्यापित
KYC Unverified,KYC Unverified,KYC sin verificar,KYC غير مُتحقق,KYC non vérifié,केवाईसी असत्यापित
All Agents,All Agents,Todos los agentes,جميع الوكلاء,Tous les agents,सभी एजेंट
Email To Agents,Email To Agents,Correo electrónico a los agentes,البريد الإلكتروني إلى الوكلاء,Courriel aux agents,एजेंटों को ईमेल करें
Banned Agents,Banned Agents,Agentes prohibidos,العملاء المحظورون,Agents interdits,प्रतिबंधित एजेंट
Admin Care,Admin Care,Atención al administrador,الرعاية الإدارية,Soins administratifs,व्यवस्थापक देखभाल
All Admin,All Admin,Todos los administradores,جميع المسؤولين,Tous les administrateurs,सभी व्यवस्थापक
Admin Role,Admin Role,Rol de administrador,دور المسؤول,Rôle d'administrateur,व्यवस्थापक भूमिका
Role Permission,Role Permission,Permiso de rol,إذن الدور,Autorisation de rôle,भूमिका अनुमति
Email To Admin,Email To Admin,Correo electrónico al administrador,البريد الإلكتروني إلى المشرف,Envoyer un e-mail à l'administrateur,व्यवस्थापक को ईमेल करें
Settings,Settings,Ajustes,إعدادات,Paramètres,सेटिंग्स
Web Settings,Web Settings,Configuración web,إعدادات الويب,Paramètres Web,वेब सेटिंग्स
Basic Settings,Basic Settings,Configuración básica,الإعدادات الأساسية,Paramètres de base,मूल सेटिंग्स
Image Assets,Image Assets,Activos de imagen,أصول الصور,Ressources d'image,छवि संपत्तियाँ
Setup SEO,Setup SEO ( Search Engine Optimization ),Configurar SEO (optimización de motores de búsqueda),إعداد تحسين محركات البحث (SEO),Configuration du référencement (SEO),SEO (सर्च इंजन ऑप्टिमाइजेशन) सेटअप करें
App Settings,App Settings,Configuración de la aplicación,إعدادات التطبيق,Paramètres de l'application,ऐप सेटिंग्स
Splash Screen,Splash Screen,Pantalla de bienvenida,شاشة البداية,Écran de démarrage,स्प्लैश स्क्रीन
Onboard Screen,Onboard Screen,Pantalla a bordo,شاشة مدمجة,Écran embarqué,ऑनबोर्ड स्क्रीन
App URLs,App URLs,URL de aplicaciones,عناوين URL للتطبيقات,URL des applications,ऐप URL
VERIFICATION CENTER,Verification Center,Centro de verificación,مركز التحقق,Centre de vérification,सत्यापन केंद्र
Setup Email,Setup Email,Configurar correo electrónico,إعداد البريد الإلكتروني,Configuration de l'e-mail,ईमेल सेटअप करें
Email Method,Email Method,Método de correo electrónico,طريقة البريد الإلكتروني,Méthode par courrier électronique,ईमेल विधि
Setup KYC,Setup KYC,Configurar KYC,إعداد KYC,Configuration KYC,केवाईसी सेटअप करें
SETUP WEB CONTENT,Setup Web Content,Configurar contenido web,إعداد محتوى الويب,Configurer le contenu Web,वेब सामग्री सेटअप करें
Setup Section,Setup Section,Sección de configuración,قسم الإعداد,Section de configuration,सेटअप अनुभाग
Banner Section,Banner Section,Sección de pancartas,قسم اللافتات,Section Bannière,बैनर अनुभाग
Banner Floting,Banner Floting,Bandera flotante,لافتة عائمة,Bannière flottante,बैनर फ़्लोटिंग
About Section,About Section,Sección Acerca de,حول القسم,À propos de la section,अनुभाग के बारे में
Work Section,Work Section,Sección de trabajo,قسم العمل,Section Travail,कार्य अनुभाग
Service Section,Service Section,Sección de Servicio,قسم الخدمة,Section des services,सेवा अनुभाग
FAQ Section,FAQ Section,Sección de preguntas frecuentes,قسم الأسئلة الشائعة,Section FAQ,FAQ अनुभाग
Blog Section,Blog Section,Sección del blog,قسم المدونة,Section Blog,ब्लॉग अनुभाग
Blog Category,Blog Category,Categoría del blog,فئة المدونة,Catégorie de blog,ब्लॉग श्रेणी
Contact Us Section,Contact Us Section,Sección Contáctenos,قسم اتصل بنا,Section Contactez-nous,हमसे संपर्क करें अनुभाग
Footer Section,Footer Section,Sección de pie de página,قسم التذييل,Section pied de page,पाद अनुभाग
Testimonials Section,Testimonials Section,Sección de testimonios,قسم الشهادات,Section Témoignages,प्रशंसापत्र अनुभाग
Setup Pages,Setup Pages,Páginas de configuración,صفحات الإعداد,Pages de configuration,सेटअप पृष्ठ
Extensions,Extensions,Extensiones,الإضافات,Extensions,एक्सटेंशन
PAYMENT METHODS,Payment Methods,Métodos de pago,طرق الدفع,Modes de paiement,भुगतान विधियाँ
Add Money,Add Money,Añadir dinero,أضف المال,Ajouter de l'argent,पैसे जोड़ें
Automatic,Automatic,Automático,أوتوماتيكي,Automatique,स्वचालित
Manual,Manual,Manual,يدوي,Manuel,नियमावली
NOTIFICATION-UPPER,Notification,Notificación,إشعار,Notification,अधिसूचना
Push Notification,Push Notification,Notificación push,إشعارات الدفع,Notification push,सर्वर पुश नोटीफिकेशन
Setup Notification,Setup Notification,Notificación de configuración,إشعار الإعداد,Notification de configuration,सेटअप अधिसूचना
Send Notification,Send Notification,Enviar notificación,إرسال إشعار,Envoyer une notification,सूचना भेजें
BONUS,Bonus,Prima,علاوة,Prime,बोनस
GDPR Cookie,GDPR Cookie,Cookie de RGPD,ملف تعريف الارتباط GDPR,Cookie RGPD,GDPR कुकी
Server Info,Server Info,Información del servidor,معلومات الخادم,Informations sur le serveur,सर्वर जानकारी
Clear Cache,Clear Cache,Borrar caché,مسح ذاكرة التخزين المؤقت,Vider le cache,कैश को साफ़ करें
Layout mode,Layout mode,Modo de diseño,وضع التخطيط,Mode de mise en page,लेआउट मोड
Topbar Color,Topbar Color,Color de la barra superior,لون الشريط العلوي,Couleur de la barre supérieure,टॉपबार रंग
Sidebar color,Sidebar color,Color de la barra lateral,لون الشريط الجانبي,Couleur de la barre latérale,साइडबार का रंग
Min Sidebar Color,Min Sidebar Color,Color mínimo de la barra lateral,الحد الأدنى للون الشريط الجانبي,Couleur minimale de la barre latérale,न्यूनतम साइडबार रंग
RTL Support,RTL Support,Soporte RTL,دعم RTL,Prise en charge RTL,आरटीएल समर्थन
Merchant Care,Merchant Care,Atención al comerciante,رعاية التجار,Service aux commerçants,व्यापारी देखभाल
Active Merchants,Active Merchants,Comerciantes activos,التجار النشطين,Commerçants actifs,सक्रिय व्यापारी
Sms Unverified,Sms Unverified,SMS no verificados,الرسائل القصيرة غير مؤكدة,SMS non vérifié,एसएमएस असत्यापित
All Merchants,All Merchants,Todos los comerciantes,جميع التجار,Tous les commerçants,सभी व्यापारी
Email To Merchants,Email To Merchants,Correo electrónico a comerciantes,البريد الإلكتروني للتجار,Courriel aux commerçants,व्यापारियों को ईमेल करें
Banned Merchants,Banned Merchants,Comerciantes prohibidos,التجار المحظورين,Marchands interdits,प्रतिबंधित व्यापारी
Recipient Countries,Recipient Countries,Países receptores,الدول المتلقية,Pays bénéficiaires,प्राप्तकर्ता देश
Mobile Topup,Mobile TopUp,Recarga móvil,اشحن رصيدك المحمول,Recharge mobile,मोबाइल टॉपअप
Categories,Categories,Categorías,فئات,Catégories,श्रेणियाँ
Virtual Card Api,Virtual Card Api,API de tarjeta virtual,واجهة برمجة تطبيقات البطاقة الافتراضية,API de carte virtuelle,वर्चुअल कार्ड एपीआई
Setup Firebase,Setup Firebase,Configurar Firebase,إعداد Firebase,Configurer Firebase,फ़ायरबेस सेटअप करें
Home,Home,Hogar,بيت,Maison,घर
About,About,Acerca de,عن,À propos,के बारे में
FAQ,FAQ,Preguntas frecuentes,التعليمات,FAQ,अक्सर पूछे जाने वाले प्रश्न
Web Journal,Web Journal,Diario web,مجلة الويب,Journal Web,वेब जर्नल
Merchant,Merchant,Comerciante,تاجر,Marchand,व्यापारी
Service,Service,Servicio,خدمة,Service,सेवा
Contact,Contact,Contacto,اتصال,Contact,संपर्क
Download App,Download App,Descargar la aplicación,تنزيل التطبيق,Télécharger l'application,ऐप डाउनलोड करें
Dashboard,Dashboard,Panel,لوحة القيادة,Tableau de bord,डैशबोर्ड
Register,Register,Registro,يسجل,Registre,पंजीकरण करवाना
Login,Login,Acceso,تسجيل الدخول,Se connecter,लॉग इन करें
Usefull Links,Usefull Links,Enlaces útiles,روابط مفيدة,Liens utiles,उपयोगी लिंक
Newsletter,Newsletter,Hoja informativa,النشرة الإخبارية,Bulletin,समाचार पत्रिका
Top,Top,Arriba,قمة,Haut,शीर्ष
Login Information,Login Information,Información de inicio de sesión,معلومات تسجيل الدخول,Informations de connexion,लॉगिन जानकारी
Please input your phone number and password and login to your account to get access to your dashboard.,Please input your phone number and password and login to your account to get access to your dashboard.,Ingrese su número de teléfono y contraseña e inicie sesión en su cuenta para obtener acceso a su panel de control.,يرجى إدخال رقم هاتفك وكلمة المرور وتسجيل الدخول إلى حسابك للوصول إلى لوحة التحكم الخاصة بك.,Veuillez saisir votre numéro de téléphone et votre mot de passe et vous connecter à votre compte pour accéder à votre tableau de bord.,कृपया अपना फ़ोन नंबर और पासवर्ड डालें और अपने डैशबोर्ड तक पहुंच प्राप्त करने के लिए अपने खाते में लॉगिन करें।
Don't Have An Account?,Don't Have An Account?,¿No tienes una cuenta?,ليس لديك حساب؟,Vous n'avez pas de compte ?,क्या आपके पास खाता नहीं है?
Register Information,Don't Have An Account?,¿No tienes una cuenta?,ليس لديك حساب؟,Vous n'avez pas de compte ?,क्या आपके पास खाता नहीं है?
Please input your details and register to your account to get access to your dashboard.,Please input your details and register to your account to get access to your dashboard.,Ingrese sus datos y regístrese en su cuenta para obtener acceso a su panel de control.,يرجى إدخال تفاصيلك والتسجيل في حسابك للحصول على إمكانية الوصول إلى لوحة التحكم الخاصة بك.,Veuillez saisir vos coordonnées et vous inscrire à votre compte pour accéder à votre tableau de bord.,कृपया अपने विवरण दर्ज करें और अपने डैशबोर्ड तक पहुंच प्राप्त करने के लिए अपने खाते में पंजीकरण करें।
Terms Of Use & Privacy Policy,Terms Of Use & Privacy Policy,Condiciones de uso y política de privacidad,شروط الاستخدام وسياسة الخصوصية,Conditions d'utilisation et politique de confidentialité,उपयोग की शर्ते प्राइवेसि पॉलिसी
I have agreed with,I have agreed with,Estoy de acuerdo con,لقد وافقت على,Je suis d'accord avec,मैं इससे सहमत हूँ
Continue,Continue,Continuar,يكمل,Continuer,जारी रखना
Login Now,Login Now,Iniciar sesión ahora,تسجيل الدخول الآن,Connectez-vous maintenant,अभी लॉगिन करें
KYC Form,KYC Form,Formulario KYC,نموذج اعرف عميلك,Formulaire KYC,केवाईसी फॉर्म
Please input all the fild for login to your account to get access to your dashboard.,Please input all the fild for login to your account to get access to your dashboard.,Ingrese todos los campos para iniciar sesión en su cuenta para obtener acceso a su panel de control.,يرجى إدخال كافة الحقول لتسجيل الدخول إلى حسابك للوصول إلى لوحة التحكم الخاصة بك.,Veuillez saisir tous les champs pour vous connecter à votre compte afin d'accéder à votre tableau de bord.,कृपया अपने डैशबोर्ड तक पहुंच प्राप्त करने के लिए अपने खाते में लॉगिन करने के लिए सभी फ़ील्ड इनपुट करें।
Please input your mobile number and get verify code  for recovering your account.,Please input your mobile number and get verify code  for recovering your account.,Ingrese su número de móvil y obtenga el código de verificación para recuperar su cuenta.,الرجاء إدخال رقم هاتفك المحمول والحصول على رمز التحقق لاستعادة حسابك.,Veuillez saisir votre numéro de téléphone portable et obtenir un code de vérification pour récupérer votre compte.,कृपया अपना मोबाइल नंबर दर्ज करें और अपना खाता पुनर्प्राप्त करने के लिए सत्यापन कोड प्राप्त करें।
Register Now,Register Now,Regístrate ahora,سجل الآن,Inscrivez-vous maintenant,अभी पंजीकरण करें
Please enter the code,Please enter the code,"Por favor, introduzca el código",الرجاء إدخال الرمز,Veuillez entrer le code,कृपया कोड दर्ज करें
We sent a 6 digit code here,We sent a 6 digit code here,Enviamos un código de 6 dígitos aquí,لقد أرسلنا رمزًا مكونًا من 6 أرقام هنا,Nous avons envoyé un code à 6 chiffres ici,हमने यहां 6 अंकों का कोड भेजा है
You can resend the code after,You can resend the code after,Puedes reenviar el código después,يمكنك إعادة إرسال الرمز بعد ذلك,Vous pouvez renvoyer le code après,आप इसके बाद कोड पुनः भेज सकते हैं
Please enter your authorization code to access dashboard,Please enter your authorization code to access dashboard,Ingrese su código de autorización para acceder al panel de control,الرجاء إدخال رمز التفويض الخاص بك للوصول إلى لوحة المعلومات,Veuillez saisir votre code d'autorisation pour accéder au tableau de bord,डैशबोर्ड तक पहुँचने के लिए कृपया अपना प्राधिकरण कोड दर्ज करें
Two Factor Authorization,Two Factor Authorization,Autorización de dos factores,تفويض العاملين,Autorisation à deux facteurs,दो कारक प्राधिकरण
Back to Login,Back to Login,Volver al inicio de sesión,العودة إلى تسجيل الدخول,Retour à la connexion,लॉगिन पर वापस जाएं
Authorize,Authorize,Autorizar,تفويض,Autoriser,अधिकृत
KYC Verification,KYC Verification,Verificación KYC,التحقق من هوية العميل,Vérification KYC,केवाईसी सत्यापन
Please submit your KYC information with valid data.,Please submit your KYC information with valid data.,Envíe su información KYC con datos válidos.,يرجى تقديم معلومات KYC الخاصة بك مع بيانات صالحة.,Veuillez soumettre vos informations KYC avec des données valides.,कृपया अपनी केवाईसी जानकारी वैध डेटा के साथ प्रस्तुत करें।
Account Authorization,Account Authorization,Autorización de cuenta,تفويض الحساب,Autorisation de compte,खाता प्राधिकरण
Need to verify your account. Please check your mail inbox to get the authorization code,Need to verify your account. Please check your mail inbox to get the authorization code,Necesita verificar su cuenta. Revise su bandeja de entrada para obtener el código de autorización.,يجب التحقق من حسابك. يُرجى مراجعة بريدك الإلكتروني للحصول على رمز التفويض.,Votre compte doit être vérifié. Veuillez consulter votre boîte mail pour obtenir le code d'autorisation.,आपके खाते को सत्यापित करने की आवश्यकता है। कृपया प्राधिकरण कोड प्राप्त करने के लिए अपना ईमेल इनबॉक्स देखें।
Verify,Verify,Verificar,يؤكد,Vérifier,सत्यापित करें
Submit,Submit,Entregar,يُقدِّم,Soumettre,जमा करना
Send Money,Send Money,Enviar dinero,إرسال الأموال,Envoyer de l'argent,पैसे भेजना
Receive Money,Receive Money,Recibir dinero,تلقي الأموال,Recevoir de l'argent,धन प्राप्त करें
Remittance,Remittance,Remesa,التحويلات المالية,Remise,प्रेषण
Make Payment,Make Payment,Realizar pago,قم بالدفع,Effectuer un paiement,भुगतान करें
Mobile ToUp,Mobile ToUp,ToUp móvil,شحن الهاتف المحمول,Mobile ToUp,मोबाइल टूअप
Transaction,Transaction,Transacción,عملية,Transaction,लेन-देन
Seved Recipient,Seved Recipient,Destinatario Seved,المستلم المختار,Bénéficiaire servi,सेवा प्राप्त प्राप्तकर्ता
2FA Security,2FA Security,Seguridad 2FA,أمان المصادقة الثنائية,Sécurité 2FA,2FA सुरक्षा
Get Support,Get Support,Obtener soporte,احصل على الدعم,Obtenir de l'aide,समर्थन प्राप्त करें
Notification,Notification,Notificación,إشعار,Notification,अधिसूचना
Cancel,Cancel,Cancelar,يلغي,Annuler,रद्द करना
Optional,Optional,Opcional,خياري,Facultatif,वैकल्पिक
Add Money Preview,Add Money Preview,Añadir vista previa de dinero,إضافة معاينة الأموال,Ajouter de l'argent Aperçu,पैसे जोड़ें पूर्वावलोकन
Entered Amount,Entered Amount,Cantidad ingresada,المبلغ المدخل,Montant saisi,दर्ज की गई राशि
Total Fees & Charges,Total Fees & Charges,Tarifas y cargos totales,إجمالي الرسوم والتكاليف,Total des frais et charges,कुल शुल्क और प्रभार
Will Get,Will Get,Lo conseguiré,سوف تحصل,Obtiendra,लाऊंगा
Total Payable Amount,Total Payable Amount,Importe total a pagar,إجمالي المبلغ المستحق,Montant total à payer,कुल देय राशि
Available Balance,Available Balance,Saldo disponible,الرصيد المتاح,Solde disponible,उपलब्ध शेष राशि
Bill Pay Form,Bill Pay Form,Formulario de pago de facturas,نموذج دفع الفاتورة,Formulaire de paiement de facture,बिल भुगतान फॉर्म
Bill Pay,Bill Pay,Pago de facturas,دفع الفاتورة,Paiement de factures,बिल का भुगतान
Bill Number,Bill Number,Número de factura,رقم الفاتورة,Numéro de facture,बिल संख्या
Amount,Amount,Cantidad,كمية,Montant,मात्रा
Total Charge,Total Charge,Carga total,إجمالي الرسوم,Charge totale,कुल शुल्क
Total Payable,Total Payable,Total a pagar,إجمالي المبلغ المستحق,Total à payer,कुल देय
View More,View More,Ver más,عرض المزيد,Voir plus,और देखें
Mobile Number,Mobile Number,Número de teléfono móvil,رقم الهاتف المحمول,Numéro de portable,मोबाइल नंबर
Confirm Payment,Confirm Payment,Confirmar pago,تأكيد الدفع,Confirmer le paiement,भुगतान की पुष्टि करें
Total Fees,Total Fees,Tarifas totales,إجمالي الرسوم,Total des frais,कुल शुल्क
Recipient Received,Recipient Received,Destinatario Recibido,تم استلام المستلم,Destinataire reçu,प्राप्तकर्ता प्राप्त
Make Payment Log,Make Payment Logs,Realizar registros de pagos,إنشاء سجلات الدفع,Effectuer des journaux de paiement,भुगतान लॉग बनाएं
Bill Pay Log,Bill Pay Log,Registro de pago de facturas,سجل دفع الفاتورة,Journal de paiement des factures,बिल भुगतान लॉग
Recharge,Recharge,Recargar,إعادة الشحن,Recharger,फिर से दाम लगाना
Recharge Now,Recharge Now,Recarga ahora,اشحن الآن,Rechargez maintenant,अभी रिचार्ज करें
TopUp Type,TopUp Type,Tipo de recarga,نوع الشحن,Type de recharge,टॉपअप प्रकार
Preview,Preview,Avance,معاينة,Aperçu,पूर्व दर्शन
Mobile Topup Log,Mobile Topup Log,Registro de recargas móviles,سجل شحن الهاتف المحمول,Journal de rechargement mobile,मोबाइल टॉपअप लॉग
Money Out,Money Out,Dinero fuera,سحب الأموال,Sortie d'argent,धन ले जाना
Conversion Amount,Conversion Amount,Monto de conversión,مبلغ التحويل,Montant de la conversion,रूपांतरण राशि
Money Out Information,Money Out Information,Información sobre retiro de dinero,معلومات عن صرف الأموال,Informations sur les retraits d'argent,पैसे निकालने की जानकारी
Exchange Rate,Exchange Rate,Tipo de cambio,سعر الصرف,Taux de change,विनिमय दर
Profile Settings,Profile Settings,Configuración del perfil,إعدادات الملف الشخصي,Paramètres du profil,प्रोफ़ाइल सेटिंग्स
Change Password,Change Password,Cambiar la contraseña,تغيير كلمة المرور,Changer le mot de passe,पासवर्ड बदलें
Change,Change,Cambiar,يتغير,Changement,परिवर्तन
Add Receipient,Add Receipient,Agregar destinatario,إضافة المستلم,Ajouter un destinataire,प्राप्तकर्ता जोड़ें
Transaction Type,Transaction Type,Tipo de transacción,نوع المعاملة,Type de transaction,लेन-देन का प्रकार
No Recipient Found!,No Recipient Found!,¡No se encontró ningún destinatario!,لم يتم العثور على المستلم!,Aucun destinataire trouvé !,कोई प्राप्तकर्ता नहीं मिला!
Money Receive,Money Receive,Recibir dinero,استلام الأموال,Argent reçu,धन प्राप्ति
Share Qr Code,Share Qr Code,Compartir código QR,مشاركة رمز الاستجابة السريعة,Partager le code QR,क्यूआर कोड साझा करें
Share,Share,Compartir,يشارك,Partager,शेयर करना
Form,Form,Forma,استمارة,Formulaire,रूप
Add,Add,Agregar,يضيف,Ajouter,जोड़ना
Send Now,Send Now,Enviar ahora,أرسل الآن,Envoyer maintenant,अब भेजें
Receiving Country,Receiving Country,País receptor,البلد المستقبل,Pays d'accueil,प्राप्तकर्ता देश
Receipient,Receipient,Destinatario,المستلم,Destinataire,प्राप्तकर्ता
Transfer Fee,Transfer Fee,Tarifa de transferencia,رسوم التحويل,Frais de transfert,स्थानांतरण शुल्क
Receipient Get,Receipient Get,Receptor Obtener,المستلم الحصول على,Destinataire Obtenir,प्राप्तकर्ता प्राप्त करें
Remittance Log,Remittance Log,Registro de remesas,سجل التحويلات المالية,Journal des transferts de fonds,प्रेषण लॉग
Two Factor Authenticator,Two Factor Authenticator,Autenticador de dos factores,المصادقة الثنائية,Authentificateur à deux facteurs,दो कारक प्रमाणक
Disable,Disable,Desactivar,إبطال,Désactiver,अक्षम करना
Enable,Enable,Permitir,يُمكَِن,Activer,सक्षम
Confirm Send,Confirm Send,Confirmar envío,تأكيد الإرسال,Confirmer l'envoi,भेजने की पुष्टि करें
Send Money Preview,Send Money Preview,Vista previa de envío de dinero,معاينة إرسال الأموال,Aperçu de l'envoi d'argent,पैसे भेजें पूर्वावलोकन
Send Money Log,Send Money Log,Registro de envío de dinero,سجل إرسال الأموال,Journal d'envoi d'argent,धन भेजें लॉग
Add New Ticket,Add New Ticket,Agregar nuevo ticket,إضافة تذكرة جديدة,Ajouter un nouveau ticket,नया टिकट जोड़ें
Add New,Add New,Agregar nuevo,إضافة جديد,Ajouter un nouveau,नया जोड़ो
Ticket ID,Ticket ID,Identificación del ticket,معرف التذكرة,ID du billet,टिकट आईडी
Full Name,Full Name,Nombre completo,الاسم الكامل,Nom et prénom,पूरा नाम
Email,Email,Correo electrónico,بريد إلكتروني,E-mail,ईमेल
Subject,Subject,Sujeto,موضوع,Sujet,विषय
Status,Status,Estado,حالة,Statut,स्थिति
Last Replied,Last Replied,Última respuesta,آخر رد,Dernière réponse,अंतिम उत्तर
Details,Details,Detalles,تفاصيل,Détails,विवरण
Add Balance via,Add Balance via,Agregar saldo a través de,إضافة الرصيد عبر,Ajouter un solde via,बैलेंस जोड़ें
Virtual Card,Virtual Card,Tarjeta virtual,بطاقة افتراضية,Carte virtuelle,वर्चुअल कार्ड
Exchange Money,Exchange Money,Cambio de dinero,صرف الأموال,Échange d'argent,विदेशी मुद्रा
Balance Update From Admin,Balance Update From Admin,Actualización de saldo del administrador,تحديث الرصيد من الإدارة,Mise à jour du solde par l'administrateur,व्यवस्थापक से शेष राशि अपडेट
Current Balance,Current Balance,Saldo actual,الرصيد الحالي,Solde actuel,वर्तमान शेष
Card Type,Card Type,Tipo de tarjeta,نوع البطاقة,Type de carte,कार्ड का प्रकार
Total Bill Pay,Total Bill Pay,Pago total de facturas,إجمالي دفع الفاتورة,Total des factures à payer,कुल बिल भुगतान
Total Mobile TopUp,Total Mobile TopUp,Recarga total de móvil,إجمالي شحن الهاتف المحمول,Recharge mobile totale,कुल मोबाइल टॉपअप
Total Buy Gift Card,Total Buy Gift Card,Tarjeta de regalo de compra total,إجمالي شراء بطاقة الهدايا,Carte-cadeau Total Buy,कुल खरीद उपहार कार्ड
Total Transaction,Total Transaction,Transacción total,إجمالي المعاملات,Total des transactions,कुल लेनदेन
Latest Transactions,Latest Transactions,Últimas transacciones,أحدث المعاملات,Dernières transactions,नवीनतम लेनदेन
Log in and Stay Connected,Log in and Stay Connected,Inicia sesión y mantente conectado,تسجيل الدخول والبقاء على اتصال,Connectez-vous et restez connecté,लॉग इन करें और जुड़े रहें
Register for an Account Today,Register for an Account Today,Regístrese para obtener una cuenta hoy,سجل للحصول على حساب اليوم,Créez un compte aujourd'hui,एक खाता के लिए आज ही पंजीकरण करें
Reset Your Forgotten Password,Reset Your Forgotten Password,Restablecer su contraseña olvidada,إعادة تعيين كلمة المرور المنسية,Réinitialiser votre mot de passe oublié,अपना भूला हुआ पासवर्ड रीसेट करें
Developer,Developer,Revelador,المطور,Promoteur,डेवलपर
please Fill Out The Field,Please Fill Out The Field,"Por favor, rellene el campo",الرجاء ملء الحقل,Veuillez remplir le champ,कृपया फ़ील्ड भरें
sign In,Sign In,Iniciar sesión,تسجيل الدخول,Se connecter,दाखिल करना
rich Signin,Sign In,Iniciar sesión,تسجيل الدخول,Se connecter,दाखिल करना
sign Up,Sign Up,Inscribirse,اشتراك,S'inscrire,साइन अप करें
rich Sign Up,Sign Up,Inscribirse,اشتراك,S'inscrire,साइन अप करें
welcome Back,Welcome Back,Bienvenido de nuevo,مرحبًا بعودتك,Content de te revoir,वापसी पर स्वागत है
country,Country,País,دولة,Pays,देश
billing Information,Billing Information,Información de facturación,معلومات الفوترة,Informations de facturation,बिलिंग जानकारी
top Up Information,Top UP Information,Información de recarga,معلومات التعبئة,Informations sur le rechargement,टॉप अप जानकारी
use Secure Instant MOney,Use Secure & Instant Money Transfer App Now,Utilice la aplicación de transferencia de dinero segura e instantánea ahora,استخدم تطبيق تحويل الأموال الآمن والفوري الآن,Utilisez dès maintenant l'application de transfert d'argent sécurisée et instantanée,सुरक्षित और त्वरित धन हस्तांतरण ऐप का अभी उपयोग करें
user Name Or Email Address,Username Or Email Address,Nombre de usuario o dirección de correo electrónico,اسم المستخدم أو عنوان البريد الإلكتروني,Nom d'utilisateur ou adresse e-mail,उपयोगकर्ता का नाम या ईमेल पता
password,Password,Contraseña,كلمة المرور,Mot de passe,पासवर्ड
get Started,Get Started,Empezar,البدء,Commencer,शुरू हो जाओ
use App For Instant,app for instant money transfer. Scan or Place this QRcode for receiving money in your wallet. Share this QR for instant money receiving.,Aplicación para transferencias instantáneas de dinero. Escanea o coloca este código QR para recibir dinero en tu billetera. Comparte este código QR para recibir dinero al instante.,تطبيق لتحويل الأموال فورًا. امسح رمز الاستجابة السريعة هذا أو ضعه في محفظتك لاستلام الأموال. شارك رمز الاستجابة السريعة هذا لاستلام الأموال فورًا.,Application pour transfert d'argent instantané. Scannez ou placez ce QRcode pour recevoir de l'argent dans votre portefeuille. Partagez ce QR pour recevoir de l'argent instantanément.,तुरंत पैसे ट्रांसफर करने के लिए ऐप। अपने वॉलेट में पैसे प्राप्त करने के लिए इस QR कोड को स्कैन करें या रखें। तुरंत पैसे प्राप्त करने के लिए इस QR कोड को शेयर करें।
email Address,Email Address,Dirección de correo electrónico,عنوان البريد الإلكتروني,Adresse email,मेल पता
enter The OTPCode Send To,We sent a 6-digit code to your email,Enviamos un código de 6 dígitos a tu correo electrónico.,لقد أرسلنا لك رمزًا مكونًا من 6 أرقام إلى بريدك الإلكتروني,Nous avons envoyé un code à 6 chiffres à votre adresse e-mail,हमने आपके ईमेल पर एक 6-अंकीय कोड भेजा है
enter The Google Auth OTPCode,Enter OTP Code From Google Authenticator,Introducir el código OTP de Google Authenticator,أدخل رمز OTP من Google Authenticator,Saisissez le code OTP de Google Authenticator,Google प्रमाणक से OTP कोड दर्ज करें
verified Code,Verified Code,Código verificado,الرمز المُتحقق,Code vérifié,सत्यापित कोड
at Andt,AT&T,AT&T,شركة AT&T,AT&T,एटी एंड टी
phone Number,Phone Number,Número de teléfono,رقم التليفون,Numéro de téléphone,फ़ोन नंबर
o TPVerification,Otp Verification,Verificación OTP,التحقق من كلمة المرور المؤقتة (OTP),Vérification OTP,ओटीपी सत्यापन
email Verification,Email Verification,Verificación de correo electrónico,التحقق من البريد الإلكتروني,Vérification de l'e-mail,ईमेल सत्यापन
resend,Resend,Reenviar,إعادة الإرسال,Renvoyer,पुन: भेजें
xxx,xxx xxxx xxx,xxx xxxx xxx,xxx xxxx xxx,xxx xxxx xxx,xxx xxxx xxx
pay And Go,PAY AND GO,PAGA Y VE,ادفع وانطلق,PAYEZ ET PARTEZ,भुगतान करें और जाएं
the Codeis Not Valid,The code is not valid,El código no es válido,الكود غير صالح,Le code n'est pas valide,कोड मान्य नहीं है
number,1684,1684,1684,1684,1684
number Plus1684,+1684 632 5468 783,+1684 632 5468 783,+1684 632 5468 783,+1684 632 5468 783,+1684 632 5468 783
skip,Skip,Saltar,يتخطى,Sauter,छोडना
next,Next,Próximo,التالي,Suivant,अगला
enter Password,Enter password,Introducir contraseña,أدخل كلمة المرور,Entrez le mot de passe,पास वर्ड दर्ज करें
app Not Available,App Not Available,Aplicación no disponible,التطبيق غير متوفر,Application non disponible,ऐप उपलब्ध नहीं है
permission Denied,Permission Denied,Permiso denegado,تم رفض الإذن,Permission refusée,अनुमति नहीं मिली
app Not Available Sub Title,is suddenly not available in the current region/country.,De repente no está disponible en la región/país actual.,فجأة لم يعد متاحًا في المنطقة/البلد الحالي.,n'est soudainement plus disponible dans la région/le pays actuel.,वर्तमान क्षेत्र/देश में अचानक उपलब्ध नहीं है।
please Enter Your Register,Take control of your account by resetting your password. Our password recovery page guides you through the necessary steps.,Toma el control de tu cuenta restableciendo tu contraseña. Nuestra página de recuperación de contraseña te guiará por los pasos necesarios.,تحكّم بحسابك بإعادة تعيين كلمة مرورك. صفحة استعادة كلمة المرور لدينا ترشدك إلى الخطوات اللازمة.,Reprenez le contrôle de votre compte en réinitialisant votre mot de passe. Notre page de récupération de mot de passe vous guidera à travers les étapes nécessaires.,अपना पासवर्ड रीसेट करके अपने खाते पर नियंत्रण पाएँ। हमारा पासवर्ड रिकवरी पेज आपको ज़रूरी चरणों के बारे में बताता है।
continues,continues,continúa,يستمر,continue,जारी है
continuee,Continue,Continuar,يكمل,Continuer,जारी रखना
usd100,100.00 USD,"100,00 USD",100.00 دولار أمريكي,"100,00 USD",100.00 अमरीकी डॉलर
total Price,Total Price,Precio total,السعر الإجمالي,Prix ​​total,कुल कीमत
drop Your File,Drop your file,Suelta tu archivo,أسقط ملفك,Déposez votre fichier,अपनी फ़ाइल छोड़ें
have Account,Have An Account?,¿Tiene una cuenta?,هل لديك حساب؟,Vous avez un compte?,एक खाता है?
sign In Information,Log in and Stay Connected,Inicia sesión y mantente conectado,تسجيل الدخول والبقاء على اتصال,Connectez-vous et restez connecté,लॉग इन करें और जुड़े रहें
sign Up Information,Register an Account Today,Registre una cuenta hoy,سجل حسابًا اليوم,Créez un compte aujourd'hui,आज ही खाता पंजीकृत करें
agree,Please agree with term and condition,"Por favor, acepte los términos y condiciones.",يرجى الموافقة على الشروط والأحكام,Veuillez accepter les termes et conditions,कृपया नियम और शर्तों से सहमत हों
sign In Information Subtitle,"Our secure login process ensures the confidentiality of your information. Log in today and stay connected to your finances, anytime and anywhere.","Nuestro proceso de inicio de sesión seguro garantiza la confidencialidad de su información. Inicie sesión hoy mismo y manténgase al tanto de sus finanzas, en cualquier momento y lugar.",تضمن عملية تسجيل الدخول الآمنة لدينا سرية معلوماتك. سجّل دخولك اليوم وابقَ على اطلاع دائم بأموالك، في أي وقت ومن أي مكان.,"Notre processus de connexion sécurisé garantit la confidentialité de vos informations. Connectez-vous dès aujourd'hui et restez connecté à vos finances, où que vous soyez.","हमारी सुरक्षित लॉगिन प्रक्रिया आपकी जानकारी की गोपनीयता सुनिश्चित करती है। आज ही लॉग इन करें और कभी भी, कहीं भी अपने वित्त से जुड़े रहें।"
sign Up Details,Become a part of our community by registering for an account today. Enjoy a range of benefits and features tailored to meet your needs.,Únete a nuestra comunidad registrándote hoy mismo. Disfruta de una variedad de beneficios y funciones adaptadas a tus necesidades.,انضم إلى مجتمعنا بتسجيل حساب اليوم. استمتع بمجموعة من المزايا والخصائص المصممة خصيصًا لتلبية احتياجاتك.,Rejoignez notre communauté en créant un compte dès aujourd'hui. Profitez d'une gamme d'avantages et de fonctionnalités adaptés à vos besoins.,आज ही एक खाता पंजीकृत करके हमारे समुदाय का हिस्सा बनें। अपनी ज़रूरतों के हिसाब से तैयार किए गए कई लाभों और सुविधाओं का आनंद लें।
verification Code,Verification Code,Código de verificación,رمز التحقق,Le code de vérification,सत्यापन कोड
enter Your Verification Code,"Enter the verification code which one we send you in your email, to verified your account.","Introduce el código de verificación que te enviamos a tu correo electrónico, para verificar tu cuenta.",أدخل رمز التحقق الذي نرسله إليك في بريدك الإلكتروني للتحقق من حسابك.,"Saisissez le code de vérification que nous vous envoyons dans votre e-mail, pour vérifier votre compte.","अपना खाता सत्यापित करने के लिए, वह सत्यापन कोड दर्ज करें जो हम आपको आपके ईमेल पर भेजेंगे।"
resend Code,Resend Code,Reenviar código,إعادة إرسال الرمز,Renvoyer le code,पुन: कोड भेजे
k YCForm,KYC Form,Formulario KYC,نموذج اعرف عميلك,Formulaire KYC,केवाईसी फॉर्म
k YCForm Details,Please input all the field for sign in to your account to get access to your dashboard.,Complete todos los campos para iniciar sesión en su cuenta para obtener acceso a su panel de control.,يرجى إدخال كافة الحقول لتسجيل الدخول إلى حسابك للوصول إلى لوحة التحكم الخاصة بك.,Veuillez remplir tous les champs pour vous connecter à votre compte afin d'accéder à votre tableau de bord.,कृपया अपने डैशबोर्ड तक पहुंच प्राप्त करने के लिए अपने खाते में साइन इन करने के लिए सभी फ़ील्ड इनपुट करें।
first Name,First Name,Nombre de pila,الاسم الأول,Prénom,पहला नाम
last Name,Last Name,Apellido,اسم العائلة,Nom de famille,उपनाम
enter First Name,Enter First Name,Ingrese el nombre,أدخل الاسم الأول,Entrez le prénom,प्रथम नाम दर्ज करें
enter Last Name,Enter Last Name,Ingrese Apellido,أدخل الاسم الأخير,Entrez le nom de famille,अंतिम नाम दर्ज करो
enter Email Address,Enter Email Address,Introduzca su dirección de correo electrónico,أدخل عنوان البريد الإلكتروني,Entrez l'adresse e-mail,ईमेल पता दर्ज करें
select Country,Select Country,Seleccionar país,اختر البلد,Sélectionnez un pays,देश चुनें
select City,Select City,Seleccionar ciudad,اختر المدينة,Sélectionnez la ville,शहर चुनें
enter City,Enter City,Entrar Ciudad,أدخل المدينة,Entrez dans la ville,शहर में प्रवेश करें
zip Code,Zip Code,Código postal,الرمز البريدي,Code postal,ज़िप कोड
enter Zip Code,Enter Zip Code,Introduzca el código postal,أدخل الرمز البريدي,Entrez le code postal,ज़िप कोड डालें
front Part,Front Part,Parte delantera,الجزء الأمامي,Partie avant,मुहरा
back Part,Back Part,Parte trasera,الجزء الخلفي,Partie arrière,पिछला भाग
upload Passport,Upload Passport / NID / Driving Lic. etc doc for verification,"Cargue su pasaporte/NID/licencia de conducir, etc., para verificación",قم بتحميل جواز السفر / الهوية الوطنية / رخصة القيادة وما إلى ذلك من المستندات للتحقق منها,"Téléchargez le passeport / NID / permis de conduire, etc. pour vérification",सत्यापन के लिए पासपोर्ट / एनआईडी / ड्राइविंग लाइसेंस आदि दस्तावेज़ अपलोड करें
confirm Password,Confirm Password,confirmar Contraseña,تأكيد كلمة المرور,Confirmez le mot de passe,पासवर्ड की पुष्टि कीजिये
enter Confirm Password,Enter Confirm Password,Ingresar Confirmar contraseña,أدخل تأكيد كلمة المرور,Entrez le mot de passe de confirmation,पुष्टि पासवर्ड दर्ज करें
by Using,you agree to our,Usted acepta nuestros,أنت توافق على شروطنا,vous acceptez nos,आप हमारी बात से सहमत हैं
user Agreement,User Agreement.,Acuerdo de usuario.,اتفاقية المستخدم.,Contrat d'utilisation.,उपयोगकर्ता का समझौता।
or,or,o,أو,ou,या
reset Password Details,Reset your password to get back access to your dashboard again.,Restablezca su contraseña para volver a acceder a su panel de control.,قم بإعادة تعيين كلمة المرور الخاصة بك لتتمكن من الوصول إلى لوحة التحكم الخاصة بك مرة أخرى.,Réinitialisez votre mot de passe pour accéder à nouveau à votre tableau de bord.,अपने डैशबोर्ड तक पुनः पहुंच प्राप्त करने के लिए अपना पासवर्ड रीसेट करें।
fingerprint,Fingerprint,Huella dactilar,بصمة,Empreinte digitale,अंगुली की छाप
fingerprint Authentication,Fingerprint Authentication,Autenticación de huellas dactilares,مصادقة بصمة الإصبع,Authentification par empreinte digitale,फ़िंगरप्रिंट प्रमाणीकरण
use Finger Print System,Use fingerprint to get more secure system,Utilice la huella digital para obtener un sistema más seguro,استخدم بصمة الإصبع للحصول على نظام أكثر أمانًا,Utilisez l'empreinte digitale pour obtenir un système plus sécurisé,अधिक सुरक्षित प्रणाली के लिए फ़िंगरप्रिंट का उपयोग करें
complete,Complete,Completo,مكتمل,Complet,पूरा
forty percent,40%,40%,40%,40%,40%
confirm,Confirm,Confirmar,يتأكد,Confirmer,पुष्टि करना
skip Now,Skip Now,Saltar ahora,تخطي الآن,Passer maintenant,अभी छोड़ें
facelock,Facelock,Bloqueo facial,قفل الوجه,Facelock,फेसलॉक
facelock Authentication,Facelock Authentication,Autenticación Facelock,مصادقة Facelock,Authentification Facelock,फेसलॉक प्रमाणीकरण
use Facelock System,Use facelock to get more secure system,Utilice Facelock para obtener un sistema más seguro,استخدم Facelock للحصول على نظام أكثر أمانًا,Utilisez Facelock pour obtenir un système plus sécurisé,अधिक सुरक्षित सिस्टम पाने के लिए फेसलॉक का उपयोग करें
capture,Capture,Captura,يأسر,Capturer,कब्जा
wait Approval,Wait for Approval,Esperar la aprobación,انتظر الموافقة,Attendre l'approbation,अनुमोदन के लिए प्रतीक्षा करें
wait For Your Submitted,Wait for your submitted document to be approved by admin panel,Espere a que el panel de administración apruebe el documento enviado.,انتظر حتى تتم الموافقة على المستند الذي أرسلته من قبل لوحة الإدارة,Attendez que votre document soumis soit approuvé par le panneau d'administration,अपने सबमिट किए गए दस्तावेज़ को एडमिन पैनल द्वारा अनुमोदित किए जाने की प्रतीक्षा करें
okay,Okay,Bueno,تمام,D'accord,ठीक है
go To Dashboard,Go To Dashboard,Ir al panel de control,انتقل إلى لوحة المعلومات,Accéder au tableau de bord,डैशबोर्ड पर जाएँ
reload,Reload,Recargar,إعادة التحميل,Recharger,पुनः लोड करें
exit,Exit,Salida,مخرج,Sortie,बाहर निकलना
welcome Backto,Welcome Back to,Bienvenido de nuevo a,مرحباً بكم من جديد,Bienvenue à,वापसी पर स्वागत है
sign In With,Sign In with,Iniciar sesión con,تسجيل الدخول باستخدام,Connectez-vous avec,के साथ साइन इन करें
new To App,New to,Nuevo en,جديد على,Nouveau sur,करने के लिए नई
enter Your Phone Number,Enter your Phone Number to Reset your account,Ingrese su número de teléfono para restablecer su cuenta,أدخل رقم هاتفك لإعادة تعيين حسابك,Entrez votre numéro de téléphone pour réinitialiser votre compte,अपना खाता रीसेट करने के लिए अपना फ़ोन नंबर दर्ज करें
enter Phone,Enter Phone,Ingresar teléfono,أدخل رقم الهاتف,Entrez le téléphone,फ़ोन दर्ज करें
reset Password,Reset Password,Restablecer contraseña,إعادة تعيين كلمة المرور,Réinitialiser le mot de passe,पासवर्ड रीसेट
new Password,New Password,Nueva contraseña,كلمة المرور الجديدة,Nouveau mot de passe,नया पासवर्ड
enter New Password,Enter New Password,Introducir nueva contraseña,أدخل كلمة المرور الجديدة,Entrez un nouveau mot de passe,नया पासवर्ड दर्ज करें
congratulations,Congratulations,Felicidades,مبروك,Félicitations,बधाई हो
your Password Has Been,"Your password has been reset Successfully, Sign in again now.","Su contraseña ha sido restablecida exitosamente, inicie sesión nuevamente ahora.",لقد تم إعادة تعيين كلمة المرور الخاصة بك بنجاح، قم بتسجيل الدخول مرة أخرى الآن.,"Votre mot de passe a été réinitialisé avec succès, connectez-vous à nouveau maintenant.","आपका पासवर्ड सफलतापूर्वक रीसेट कर दिया गया है, अब पुनः साइन इन करें।"
send Money Succesfully,Your money has been send successfully. Thanks for using,Tu dinero se ha enviado correctamente. Gracias por usar,تم إرسال أموالك بنجاح. شكرًا لاستخدامك.,Votre argent a bien été envoyé. Merci de votre utilisation.,आपका पैसा सफलतापूर्वक भेज दिया गया है। उपयोग करने के लिए धन्यवाद
add Money Successfully,Your money has been add successfully. Thanks for using,Tu dinero se ha añadido correctamente. Gracias por usar,تم إضافة أموالك بنجاح. شكرًا لاستخدامك.,Votre argent a bien été ajouté. Merci de votre utilisation.,आपका पैसा सफलतापूर्वक जोड़ दिया गया है। उपयोग करने के लिए धन्यवाद
opps,Opss!!,¡Ups!!,أوبس!!,Oups !!,ओह!!
value,Value,Valor,قيمة,Valeur,कीमत
something Went Wrong,"Something went wrong, Try again letter.","Algo salió mal, vuelve a intentarlo carta.",لقد حدث خطأ ما، حاول مرة أخرى.,"Une erreur s'est produite, réessayez.","कुछ ग़लत हो गया, पुनः प्रयास करें पत्र."
total Receive,Total Receive,Total recibido,إجمالي الاستلام,Total reçu,कुल प्राप्ति
total Send,Total Send Remittance,Remesa total enviada,إجمالي إرسال الحوالات,Total des envois de fonds,कुल भेजा गया धन
send,Send,Enviar,يرسل,Envoyer,भेजना
active,Active,Activo,نشيط,Actif,सक्रिय
receive,Receive,Recibir,يستلم,Recevoir,प्राप्त करें
recent Transactions,Recent Transactions,Transacciones recientes,المعاملات الأخيرة,Transactions récentes,हाल के लेनदेन
money Send,Money Send,Envío de dinero,إرسال الأموال,Envoyer de l'argent,पैसा भेजें
first Oct,01-Oct-22,01-Oct-22,1 أكتوبر 22,01-oct-22,01-अक्टूबर-22
tn2023,#TN-20236598,#TN-20236598,#TN-20236598,#TN-20236598,#टीएन-20236598
Sep29,29-Sep-22,29 de septiembre de 2022,29 سبتمبر 22,29 septembre 2022,29-सितंबर-22
t N20236,#TN-20236598,#TN-20236598,#TN-20236598,#TN-20236598,#टीएन-20236598
scan QR,SCAN QR,ESCANEAR QR,مسح رمز الاستجابة السريعة,SCANNER QR,स्कैन क्यूआर
mobile Top Up,Mobile Top Up,Recarga móvil,شحن الهاتف المحمول,Recharge mobile,मोबाइल टॉप अप
deposit,Deposit,Depósito,إيداع,Dépôt,जमा
withdraw,Withdraw,Retirar,ينسحب,Retirer,निकालना
no Bank Found,No bank found,No se encontró ningún banco,لم يتم العثور على البنك,Aucune banque trouvée,कोई बैंक नहीं मिला
buy Giftcard,Buy Giftcard,Comprar tarjeta de regalo,شراء بطاقة هدية,Acheter une carte-cadeau,गिफ्ट कार्ड खरीदें
my Giftcard,My Giftcard,Mi tarjeta de regalo,بطاقة الهدايا الخاصة بي,Ma carte-cadeau,मेरा गिफ्ट कार्ड
for Indivisual,For Indivisuals,Para Indivisuals,للأفراد,Pour les particuliers,व्यक्तियों के लिए
use Allpay Scan,Use Allpay Scan to pay me,Utilice Allpay Scan para pagarme,استخدم Allpay Scan للدفع لي,Utilisez Allpay Scan pour me payer,मुझे भुगतान करने के लिए ऑलपे स्कैन का उपयोग करें
specifyan Amount,Specify An Amount,Especifique una cantidad,حدد المبلغ,Spécifier un montant,राशि निर्दिष्ट करें
save Image,Save Image,Salvar el imagen,حفظ الصورة,Enregistrer l'image,चित्र को सेव करें
transaction History,Transaction History,Historial de transacciones,سجل المعاملات,Historique des transactions,ट्रांजेक्शन इतिहास
money Transfer,Money Transfer,Transferencia de dinero,تحويل الأموال,Transfert d'argent,मनी ट्रांसफर
qr Address,QR Address,Dirección QR,عنوان QR,Adresse QR,क्यूआर पता
qr Code,7QRpdfhgb351gaj,7QRpdfhgb351gaj,7QRpdfhgb351gaj,7QRpdfhgb351gaj,7QRpdfhgb351gaj
q C0135689,QC0135689,QC0135689,QC0135689,QC0135689,क्यूसी0135689
recipient,Recipient,Beneficiario,متلقي,Destinataire,प्राप्तकर्ता
archit Barhum,Archit Barhum,Arquitecto Barhum,المهندس المعماري برهوم,Archit Barhum,अर्चित बरहुम
zero00,0,0,0,0,0
paste,Paste,Pasta,لصق,Coller,पेस्ट करें
limit,Limit,Límite,حد,Limite,आप LIMIT
limit Amount,10.00 USD - 10000.00 USD,"10,00 USD - 10000,00 USD",10.00 دولار أمريكي - 10000.00 دولار أمريكي,"10,00 USD - 10 000,00 USD",10.00 अमरीकी डॉलर - 10000.00 अमरीकी डॉलर
t RX2136987,TRX2136987,TRX2136987,TRX2136987,TRX2136987,टीआरएक्स2136987
transaction No,Transaction No,Número de transacción,رقم المعاملة,Numéro de transaction,लेनदेन संख्या
no Transaction,No Transaction Available Yet,No hay ninguna transacción disponible todavía,لا توجد معاملة متاحة حتى الآن,Aucune transaction disponible pour le moment,अभी तक कोई लेनदेन उपलब्ध नहीं है
recipient Information,Recipient Information,Información del destinatario,معلومات المستلم,Informations sur le destinataire,प्राप्तकर्ता जानकारी
giftcard Information,Giftcard Information,Información de la tarjeta de regalo,معلومات بطاقة الهدايا,Informations sur la carte-cadeau,गिफ्ट कार्ड की जानकारी
name,Name,Nombre,اسم,Nom,नाम
amount Information,Amount Information,Información de cantidad,معلومات المبلغ,Informations sur le montant,राशि की जानकारी
you Transfer,You Transfer,Tu transferencia,أنت تنقل,Vous transférez,आप स्थानांतरण
your Money Has Been Save,Your money has been send Successfully. Thanks for using,Tu dinero se envió correctamente. Gracias por usar,تم إرسال أموالك بنجاح. شكرًا لاستخدامك,Votre argent a été envoyé avec succès. Merci de votre participation.,आपका पैसा सफलतापूर्वक भेज दिया गया है। उपयोग करने के लिए धन्यवाद
sayok,Sayok M.,Sayok M.,سايوك م.,Sayok M.,सायोक एम.
sayok Gmail,sayok@gmail.com,sayok@gmail.com,sayok@gmail.com,sayok@gmail.com,sayok@gmail.com
q RAddress,QR Address,Dirección QR,عنوان QR,Adresse QR,क्यूआर पता
transfer Success,Transfer Success,Transferencia exitosa,نجاح النقل,Succès du transfert,स्थानांतरण सफल
yourmoney Sen Success,Your money has been send Successfully. Thanks for using,Tu dinero se envió correctamente. Gracias por usar,تم إرسال أموالك بنجاح. شكرًا لاستخدامك,Votre argent a été envoyé avec succès. Merci de votre participation.,आपका पैसा सफलतापूर्वक भेज दिया गया है। उपयोग करने के लिए धन्यवाद
yourmoney Withdraw Success,Your money has been withdraw Successfully. Thanks for using,Tu dinero se retiró correctamente. Gracias por usar nuestra plataforma.,تم سحب أموالك بنجاح. شكرًا لاستخدامك.,Votre argent a été retiré avec succès. Merci de votre utilisation.,आपका पैसा सफलतापूर्वक निकाल लिया गया है। उपयोग करने के लिए धन्यवाद
yourmoney Deposit Success,Your money has been Deposit Successfully. Thanks for using,Su dinero se ha depositado correctamente. Gracias por usar,تم إيداع أموالك بنجاح. شكرًا لاستخدامك,Votre argent a été déposé avec succès. Merci de votre visite.,आपका पैसा सफलतापूर्वक जमा हो गया है। उपयोग करने के लिए धन्यवाद
your Bill Pay Success,Your bill has been paid Successfully. Thanks for using,Su factura se ha pagado correctamente. Gracias por usar,تم دفع فاتورتك بنجاح. شكرًا لاستخدامك,Votre facture a été réglée avec succès. Merci de votre utilisation.,आपका बिल सफलतापूर्वक भुगतान कर दिया गया है। उपयोग करने के लिए धन्यवाद
your Top Up Success,Your topup has been done Successfully. Thanks for using,Tu recarga se realizó correctamente. Gracias por usarla.,تم شحن رصيدك بنجاح. شكرًا لاستخدامك,Votre recharge a été effectuée avec succès. Merci de votre utilisation.,आपका टॉपअप सफलतापूर्वक हो गया है। उपयोग करने के लिए धन्यवाद
backto Home,Back to Home,Volver a la página de inicio,العودة إلى الصفحة الرئيسية,Retour à l'accueil,घर वापिस जा रहा हूँ
transfer Failed,Transfer Failed,Transferencia fallida,فشل النقل,Échec du transfert,स्थानांतरण विफल
your Moneyhas Beeen Failed,Your money has been Failed..!! Try Again! Thanks for using,¡Tu dinero ha fallado! ¡Inténtalo de nuevo! Gracias por usar,لقد فشلت عملية الدفع.. حاول مرة أخرى! شكرًا لاستخدامك.,Votre paiement a échoué ! Réessayez ! Merci de votre utilisation.,आपका पैसा वापस नहीं लिया गया है..!! पुनः प्रयास करें! उपयोग करने के लिए धन्यवाद
try Again,Try Again,Intentar otra vez,حاول ثانية,Essayer à nouveau,पुनः प्रयास करें
add Plus,Add +,Agregar +,أضف +,Ajouter +,+ जोड़ें
update,Update,Actualizar,تحديث,Mise à jour,अद्यतन
update Your App Right,Update your app right now for more feature,Actualiza tu aplicación ahora mismo para obtener más funciones,قم بتحديث تطبيقك الآن للحصول على المزيد من الميزات,Mettez à jour votre application dès maintenant pour plus de fonctionnalités,अधिक सुविधाओं के लिए अभी अपना ऐप अपडेट करें
more Offer,More Offer,Más Oferta,المزيد من العروض,Plus d'offres,अधिक प्रस्ताव
select Receipient,Select Receipient,Seleccionar destinatario,حدد المستلم,Sélectionner le destinataire,प्राप्तकर्ता चुनें
receiving Method,Receiving Method,Método de recepción,طريقة الاستلام,Méthode de réception,प्राप्ति विधि
select Method,Select Method,Seleccionar método,اختر الطريقة,Sélectionnez la méthode,विधि का चयन करें
sending Amount,Sending Amount,Monto de envío,مبلغ الإرسال,Montant envoyé,भेजने की राशि
u SD1Equal,1 USD = 1 USD,1 USD = 1 USD,1 دولار أمريكي = 1 دولار أمريكي,1 USD = 1 USD,1 अमरीकी डॉलर = 1 अमरीकी डॉलर
recipient Get,Recipient Get,Destinatario Obtener,المستلم الحصول على,Destinataire Obtenir,प्राप्तकर्ता प्राप्त करें
jhons Grill,Jhons Grill,Jhons Grill,جونز جريل,Jhons Grill,जॉन्स ग्रिल
jhons Grill Gmail,jhonsgrill@gmail.comj,jhonsgrill@gmail.comj,jhonsgrill@gmail.comj,jhonsgrill@gmail.comj,jhonsgrill@gmail.comj
wallet,Wallet,Billetera,محفظة,Portefeuille,बटुआ
select Bank,Select Bank,Seleccione Banco,اختر البنك,Sélectionnez la banque,बैंक चुनें
cash Pickup,Cash Pickup,Recogida de efectivo,استلام النقود,Retrait d'espèces,नकद पिकअप
select Street,Select Street,Seleccionar calle,اختر الشارع,Sélectionnez la rue,सड़क चुनें
sfrancisco,S. Francisco,San Francisco,سان فرانسيسكو,S. Francisco,एस. फ्रांसिस्को
money Receive Details,app for instant money transfer. Scan or Place this QRcode for receiving money in your wallet. Share this QR for instant money receiving.,Aplicación para transferencias instantáneas de dinero. Escanea o coloca este código QR para recibir dinero en tu billetera. Comparte este código QR para recibir dinero al instante.,تطبيق لتحويل الأموال فورًا. امسح رمز الاستجابة السريعة هذا أو ضعه في محفظتك لاستلام الأموال. شارك رمز الاستجابة السريعة هذا لاستلام الأموال فورًا.,Application pour transfert d'argent instantané. Scannez ou placez ce QRcode pour recevoir de l'argent dans votre portefeuille. Partagez ce QR pour recevoir de l'argent instantanément.,तुरंत पैसे ट्रांसफर करने के लिए ऐप। अपने वॉलेट में पैसे प्राप्त करने के लिए इस QR कोड को स्कैन करें या रखें। तुरंत पैसे प्राप्त करने के लिए इस QR कोड को शेयर करें।
sending Country,Sending Country,País de envío,الدولة المرسلة,Pays d'envoi,भेजने वाला देश
update Receipient,Update Recipient,Actualizar destinatario,تحديث المستلم,Mettre à jour le destinataire,अद्यतन प्राप्तकर्ता
australia,Australia,Australia,أستراليا,Australie,ऑस्ट्रेलिया
united State,United State,Estados Unidos,الولايات المتحدة,États-Unis,संयुक्त राज्य
upload Image,Upload Image,Subir imagen,تحميل الصورة,Télécharger l'image,तस्विर अपलोड करना
bank Deposit,Bank Deposit,Depósito bancario,وديعة بنكية,Dépôt bancaire,बैंक जमा
virtual Card Details,"This card you can be used to pay contactless in stores or online, but has its own unique card number, expiry date, and CVC.","Esta tarjeta se puede utilizar para pagar sin contacto en tiendas o en línea, pero tiene su propio número de tarjeta único, fecha de vencimiento y CVC.",يمكنك استخدام هذه البطاقة للدفع بدون تلامس في المتاجر أو عبر الإنترنت، ولكنها تحتوي على رقم بطاقة فريد وتاريخ انتهاء صلاحية ورمز CVC خاص بها.,"Cette carte peut être utilisée pour payer sans contact dans les magasins ou en ligne, mais possède son propre numéro de carte unique, sa date d'expiration et son CVC.","इस कार्ड का उपयोग आप दुकानों या ऑनलाइन संपर्क रहित भुगतान के लिए कर सकते हैं, लेकिन इसका अपना विशिष्ट कार्ड नंबर, समाप्ति तिथि और सीवीसी होता है।"
activation Fee,Activation Fee,Tarifa de activación,رسوم التفعيل,Frais d'activation,सक्रियण शुल्क
view More Info,View More Info,Ver más información,عرض المزيد من المعلومات,Voir plus d'informations,अधिक जानकारी देखें
gift Friends,Gift friends with virtual cards,Regale tarjetas virtuales a sus amigos,إهداء الأصدقاء بطاقات افتراضية,Offrez des cartes virtuelles à vos amis,दोस्तों को वर्चुअल कार्ड उपहार में दें
delivered,Delivered instantly by email,Entregado instantáneamente por correo electrónico,يتم تسليمها على الفور عبر البريد الإلكتروني,Livré instantanément par e-mail,ईमेल द्वारा तुरंत वितरित
redeemable For,Redeemable for online purchases,Canjeable por compras en línea,قابلة للاستبدال مقابل المشتريات عبر الإنترنت,Échangeable contre des achats en ligne,ऑनलाइन खरीदारी के लिए भुनाया जा सकता है
after You Buy,"After you buy it, you can show this number.","Después de comprarlo, puedes mostrar este número.",بعد شرائه، يمكنك إظهار هذا الرقم.,"Après l'avoir acheté, vous pouvez montrer ce numéro.",इसे खरीदने के बाद आप यह नंबर दिखा सकते हैं।
expiry Date,Expiry Date,Fecha de caducidad,تاريخ انتهاء الصلاحية,Date d'expiration,समाप्ति तिथि
cvc,CVC,CVC,رمز التحقق من البطاقة (CVC),CVC,सीवीसी
nine Elevent,09-Nov,09 de noviembre,9 نوفمبر,09-nov.,09-नवंबर
nine Six,963,963,963,963,963
buy Now,Buy Now,Comprar ahora,اشتري الآن,Acheter maintenant,अभी खरीदें
agency Fb,9864 1326 7135 3126,9864 1326 7135 3126,9864 1326 7135 3126,9864 1326 7135 3126,9864 1326 7135 3126
fund,Fund,Financiar,تمويل,Fonds,फंड
card Load Type,Card Load Type,Tipo de carga de la tarjeta,نوع تحميل البطاقة,Type de chargement de la carte,कार्ड लोड प्रकार
inssuance Fee,Inssuance Fee,Tarifa de emisión,رسوم الإصدار,Frais d'assurance,जारी करने का शुल्क
select Bill Category,Select Bill Category,Seleccione la categoría de la factura,حدد فئة الفاتورة,Sélectionnez la catégorie de facture,बिल श्रेणी चुनें
enter Bill Number,Enter Bill Number,Ingrese el número de factura,أدخل رقم الفاتورة,Entrez le numéro de facture,बिल संख्या दर्ज करें
bill Type,Bill Type,Tipo de factura,نوع الفاتورة,Type de facture,बिल का प्रकार
account Number,Account Number,Número de cuenta,رقم الحساب,Numéro de compte,खाता संख्या
enter Account Number,Enter Account Number,Ingrese el número de cuenta,أدخل رقم الحساب,Entrez le numéro de compte,खाता संख्या दर्ज करें
bank Name,Bank Name,Nombre del banco,اسم البنك,Nom de la banque,बैंक का नाम
enter Bank Name,Enter Bank Name,Ingrese el nombre del banco,أدخل اسم البنك,Entrez le nom de la banque,बैंक का नाम दर्ज करें
pay Bill,Pay Bill,Pagar factura,دفع الفاتورة,Payer la facture,वेतन बिल
payment Success,Payment Success,Pago exitoso,نجاح الدفع,Paiement réussi,भुगतान सफल
electicity,Electicity,Electricidad,الكهرباء,Électricité,बिजली
charge,Charge,Cargar,تكلفة,Charge,शुल्क
received Amount,Received Amount,Cantidad recibida,المبلغ المستلم,Montant reçu,प्राप्त राशि
b N135678951,B/N135678951,B/N135678951,ب/ن135678951,B/N135678951,बी/एन135678951
your Bill Has Been Paid,Your bill has been paid Successfully. Thanks for using,Su factura se ha pagado correctamente. Gracias por usar,تم دفع فاتورتك بنجاح. شكرًا لاستخدامك,Votre facture a été réglée avec succès. Merci de votre utilisation.,आपका बिल सफलतापूर्वक भुगतान कर दिया गया है। उपयोग करने के लिए धन्यवाद
load Fee,Load Fee,Tarifa de carga,رسوم التحميل,Frais de chargement,लोड शुल्क
min Load,Min Load,Carga mínima,الحد الأدنى للحمل,Charge minimale,न्यूनतम भार
max Load,Max Load,Carga máxima,أقصى حمولة,Charge maximale,अधिकतम भार
validity,Validity,Validez,صحة,Validité,वैधता
monthly Fees,Monthly Fees,Cuotas mensuales,الرسوم الشهرية,Frais mensuels,मासिक पास
enter Mobile Number,Enter Mobile Number,Introduzca el número de teléfono móvil,أدخل رقم الهاتف المحمول,Entrez le numéro de téléphone portable,मोबाइल नंबर दर्ज करें
mobile Top Up Type,Mobile Top Up Type,Tipo de recarga móvil,نوع شحن الهاتف المحمول,Type de recharge mobile,मोबाइल टॉप अप प्रकार
select Mobile Category,Select Mobile Category,Seleccionar categoría móvil,حدد فئة الهاتف المحمول,Sélectionnez la catégorie mobile,मोबाइल श्रेणी चुनें
a Tt Mobility,AT&T Mobility,Movilidad de AT&T,AT&T Mobility,AT&T Mobilité,एटी एंड टी मोबिलिटी
plus1611,+1 611 2357 896,+1 611 2357 896,+1 611 2357 896,+1 611 2357 896,+1 611 2357 896
top Up Now,Top Up Now,Recarga ahora,قم بشحن رصيدك الآن,Recharger maintenant,अभी टॉप अप करें
mobile Top Up Success,Mobile Top Up Success,Recarga móvil exitosa,نجاح شحن الهاتف المحمول,Recharge mobile réussie,मोबाइल टॉप अप सफलता
your Mobile Top Up,Your mobile top up has been Successfull. Thanks for using,Tu recarga móvil se ha realizado correctamente. Gracias por usarla.,تم شحن رصيد هاتفك بنجاح. شكرًا لاستخدامك.,Votre recharge mobile a été effectuée avec succès. Merci de votre utilisation.,आपका मोबाइल टॉप-अप सफल रहा। उपयोग करने के लिए धन्यवाद
google Play,Download On The,Descargar en el,تنزيل على,Télécharger sur le,डाउनलोड करें
google Play Gift Card,Google Play Gift Card,Tarjeta de regalo de Google Play,بطاقة هدايا جوجل بلاي,Carte-cadeau Google Play,Google Play उपहार कार्ड
category,Category,Categoría,فئة,Catégorie,वर्ग
five,5,5,5,5,5
cardsfive,5 Cards,5 cartas,5 بطاقات,5 cartes,5 कार्ड
available,Available,Disponible,متاح,Disponible,उपलब्ध
cards,/cards,/tarjetas,/بطاقات,/cartes,/कार्ड
price Card,Price/card,Precio/tarjeta,السعر/البطاقة,Prix/carte,मूल्य/कार्ड
more Info,More Info,Más información,مزيد من المعلومات,Plus d'infos,और जानकारी
price,Price,Precio,سعر,Prix,कीमत
pricebycard,Price/card,Precio/tarjeta,السعر/البطاقة,Prix/carte,मूल्य/कार्ड
card Details,Card Details,Detalles de la tarjeta,تفاصيل البطاقة,Détails de la carte,कार्ड विवरण
quantity,Quantity,Cantidad,كمية,Quantité,मात्रा
giftcard Purchase,Giftcard Purchase,Compra de tarjeta de regalo,شراء بطاقة هدية,Achat de carte-cadeau,गिफ्ट कार्ड खरीदारी
u SDzero,0.00 USD,"0,00 USD",0.00 دولار أمريكي,"0,00 USD",0.00 अमरीकी डॉलर
sub Category,Sub Category,Subcategoría,الفئة الفرعية,Sous-catégorie,उप श्रेणी
your Giff Card,Your Giftcard has been purchase Successfully. Thanks for using,Tu tarjeta de regalo se compró correctamente. Gracias por usarla.,تم شراء بطاقة الهدية بنجاح. شكرًا لاستخدامك.,Votre carte-cadeau a été achetée avec succès. Merci de l'avoir utilisée.,आपका गिफ्ट कार्ड सफलतापूर्वक खरीद लिया गया है। उपयोग करने के लिए धन्यवाद
profile,Profile,Perfil,حساب تعريفي,Profil,प्रोफ़ाइल
my Wallet,My Wallet,Mi billetera,محفظتي,Mon portefeuille,मेरा बटुआ
my Virtual Cards,My Virtual Cards,Mis tarjetas virtuales,بطاقاتي الافتراضية,Mes cartes virtuelles,मेरे वर्चुअल कार्ड
update Profile,Update Profile,Actualizar perfil,تحديث الملف الشخصي,Mettre à jour le profil,प्रोफ़ाइल अपडेट करें
update KYCForm,Update KYC Form,Actualizar el formulario KYC,تحديث نموذج KYC,Mettre à jour le formulaire KYC,केवाईसी फॉर्म अपडेट करें
f A2Security,2FA Security,Seguridad 2FA,أمان المصادقة الثنائية,Sécurité 2FA,2FA सुरक्षा
nine Eight,9864  5689  4623  1475,9864 5689 4623 1475,9864 5689 4623 1475,9864 5689 4623 1475,9864 5689 4623 1475
plus Buy New Card,+ Buy New Card,+ Comprar nueva tarjeta,+ شراء بطاقة جديدة,+ Acheter une nouvelle carte,+ नया कार्ड खरीदें
enter Amount,Enter Amount,Ingrese el monto,أدخل المبلغ,Entrez le montant,राशि डालें
add Fund,Add Fund,Añadir fondo,إضافة صندوق,Ajouter des fonds,फंड जोड़ें
buy Card,Buy Card,Comprar tarjeta,شراء البطاقة,Acheter une carte,कार्ड खरीदें
add Fund Succes,Add Fund Success,Añadir fondo con éxito,إضافة نجاح الصندوق,Ajouter un fonds de réussite,फंड जोड़ें सफलता
your Money Added Succes,Your money has been deposit Successfully. Thanks for using,Su dinero se ha depositado correctamente. Gracias por usar nuestro servicio.,تم إيداع أموالك بنجاح. شكرًا لاستخدامك,Votre argent a été déposé avec succès. Merci de votre visite.,आपका पैसा सफलतापूर्वक जमा हो गया है। उपयोग करने के लिए धन्यवाद
upload Passport Nid Dri,Upload Passport / NID / Driving Lic. etc doc for verification,"Cargue su pasaporte/NID/licencia de conducir, etc., para verificación",قم بتحميل جواز السفر / الهوية الوطنية / رخصة القيادة وما إلى ذلك من المستندات للتحقق منها,"Téléchargez le passeport / NID / permis de conduire, etc. pour vérification",सत्यापन के लिए पासपोर्ट / एनआईडी / ड्राइविंग लाइसेंस आदि दस्तावेज़ अपलोड करें
update KYC,Update KYC,Actualizar KYC,تحديث KYC,Mettre à jour KYC,केवाईसी अपडेट करें
enable2FASecurity,Enable 2FA Security,Habilitar la seguridad 2FA,تمكين أمان 2FA,Activer la sécurité 2FA,2FA सुरक्षा सक्षम करें
two FADetails,We’ll ask for a verification code via your security method if we notice a login from an unrecogn-ized device or browser. Enable your 2FA Security,Le solicitaremos un código de verificación a través de su método de seguridad si detectamos un inicio de sesión desde un dispositivo o navegador desconocido. Active su seguridad 2FA.,سنطلب رمز تحقق عبر وسيلة الأمان الخاصة بك إذا لاحظنا تسجيل دخول من جهاز أو متصفح غير معروف. فعّل ميزة المصادقة الثنائية (2FA),Nous vous demanderons un code de vérification via votre méthode de sécurité si nous constatons une connexion depuis un appareil ou un navigateur non reconnu. Activez votre sécurité 2FA.,"अगर हमें किसी अपरिचित डिवाइस या ब्राउज़र से लॉगिन दिखाई देता है, तो हम आपकी सुरक्षा विधि के ज़रिए एक सत्यापन कोड मांगेंगे। अपनी 2FA सुरक्षा सक्षम करें"
send Verification Code,Send Verification Code,Enviar código de verificación,إرسال رمز التحقق,Envoyer le code de vérification,सत्यापन कोड भेजें
your Two Security HAs Been Active,Your 2FA Security has been activate Successfully.,Su seguridad 2FA se ha activado exitosamente.,لقد تم تفعيل أمان 2FA الخاص بك بنجاح.,Votre sécurité 2FA a été activée avec succès.,आपकी 2FA सुरक्षा सफलतापूर्वक सक्रिय हो गई है।
transactions Log,Transactions Log,Registro de transacciones,سجل المعاملات,Journal des transactions,लेनदेन लॉग
transaction Log,Transaction Logs,Registros de transacciones,سجلات المعاملات,Journaux de transactions,लेन-देन लॉग
virtual Card Log,Virtual Card Log,Registro de tarjeta virtual,سجل البطاقة الافتراضية,Journal de cartes virtuelles,वर्चुअल कार्ड लॉग
help Center,Help Center,Centro de ayuda,مركز المساعدة,Centre d'aide,सहायता केंद्र
privacy Policy,Privacy & Policy,Política de privacidad,سياسة الخصوصية,Politique de confidentialité,गोपनीयता नीति
about Us,About Us,Sobre nosotros,معلومات عنا,À propos de nous,हमारे बारे में
colnel Arichart,Colnel Arichart,Coronel Arichart,العقيد أريتشارت,Colonel Arichart,कर्नल अरिचार्ट
colnel Gmail,Colnelarichart@gmail.com,Colnelarichart@gmail.com,Colnelarichart@gmail.com,Colnelarichart@gmail.com,Colnelarichart@gmail.com
sign Out,Sign Out,Desconectar,تسجيل الخروج,Se déconnecter,साइन आउट
saved Receipients,Saved Receipients,Destinatarios guardados,المستلمون المحفوظون,Destinataires enregistrés,सहेजे गए प्राप्तकर्ता
giftcard Log,Giftcard Log,Registro de tarjetas de regalo,سجل بطاقة الهدايا,Journal des cartes-cadeaux,गिफ्टकार्ड लॉग
bill Payment Log,Bill Payment Log,Registro de pago de facturas,سجل دفع الفواتير,Journal de paiement des factures,बिल भुगतान लॉग
mobile Top Up Log,Mobile Top Up Log,Registro de recargas móviles,سجل شحن الهاتف المحمول,Journal de recharge mobile,मोबाइल टॉप अप लॉग
redeem Card,Redeem Card,Canjear tarjeta,استرداد البطاقة,Utiliser la carte,कार्ड रिडीम करें
t Mobile US,T-Mobile US,T-Mobile EE. UU.,تي موبايل الولايات المتحدة,T-Mobile États-Unis,टी-मोबाइल यूएस
verizon,Verizon,Verizon,فيريزون,Verizon,Verizon
education,Education,Educación,تعليم,Éducation,शिक्षा
gass Bill,Gass Bill,Factura del gas,فاتورة غاس,Facture de gaz,गैस बिल
internet,Internet,Internet,إنترنت,Internet,इंटरनेट
telephone,Telephone,Teléfono,الهاتف,Téléphone,टेलीफ़ोन
tr X9VW3SWKA9Y,TRX-6J9VW3SWKA9Y,TRX-6J9VW3SWKA9Y,TRX-6J9VW3SWKA9Y,TRX-6J9VW3SWKA9Y,TRX-6J9VW3SWKA9Y
trx Net99,TRX-Netflix 99,TRX-Netflix 99,TRX-Netflix 99,TRX-Netflix 99,TRX-नेटफ्लिक्स 99
agreed,Please agree with term and condition,"Por favor, acepte los términos y condiciones.",يرجى الموافقة على الشروط والأحكام,Veuillez accepter les termes et conditions,कृपया नियम और शर्तों से सहमत हों
delete Account,Delete Account,Eliminar cuenta,حذف الحساب,Supprimer le compte,खाता हटा दो
old Password,Old Password,Contraseña anterior,كلمة المرور القديمة,Ancien mot de passe,पुराना पासवर्ड
enter Old Password,Enter Old Password,Ingrese la contraseña anterior,أدخل كلمة المرور القديمة,Entrez l'ancien mot de passe,पुराना पासवर्ड दर्ज करें
paypal Payment,Paypal Payment,Pago con PayPal,الدفع عبر باي بال,Paiement PayPal,पेपैल भुगतान
flutterwave Payment,Flutterwave Payment,Pago de Flutterwave,دفع Flutterwave,Paiement Flutterwave,फ़्लटरवेव भुगतान
razor Pay Payment,Razorpay Payment,Pago con Razorpay,الدفع عبر Razorpay,Paiement Razorpay,रेजरपे भुगतान
pagadito Payment,Pagadito Payment,Pago Pagadito,الدفع عن طريق باجاديتو,Paiement Pagadito,पगाडिटो भुगतान
we Ask For Verification,We’ll ask for a verification code via your security method if we notice a login from an unrecogn-ized device or browser. Enable your 2FA Security,Le solicitaremos un código de verificación a través de su método de seguridad si detectamos un inicio de sesión desde un dispositivo o navegador desconocido. Active su seguridad 2FA.,سنطلب رمز تحقق عبر وسيلة الأمان الخاصة بك إذا لاحظنا تسجيل دخول من جهاز أو متصفح غير معروف. فعّل ميزة المصادقة الثنائية (2FA),Nous vous demanderons un code de vérification via votre méthode de sécurité si nous constatons une connexion depuis un appareil ou un navigateur non reconnu. Activez votre sécurité 2FA.,"अगर हमें किसी अपरिचित डिवाइस या ब्राउज़र से लॉगिन दिखाई देता है, तो हम आपकी सुरक्षा विधि के ज़रिए एक सत्यापन कोड मांगेंगे। अपनी 2FA सुरक्षा सक्षम करें"
credit Card Sample Text,"Contrary to popular belief, Lorem Ipsum is not simply random text. It has roots in a piece of classical Latin literature from 45 BC, making it over 2000 years old.'","Contrariamente a la creencia popular, Lorem Ipsum no es un simple texto aleatorio. Tiene sus raíces en una obra de literatura latina clásica del año 45 a. C., lo que le otorga más de 2000 años de antigüedad.",خلافًا للاعتقاد السائد، فإن نص لوريم إيبسوم ليس مجرد نص عشوائي. له جذور في الأدب اللاتيني الكلاسيكي من عام ٤٥ قبل الميلاد، أي ما يزيد عن ٢٠٠٠ عام.,"Contrairement à la croyance populaire, le Lorem Ipsum n'est pas un simple texte aléatoire. Il trouve ses racines dans une œuvre de la littérature latine classique datant de 45 av. J.-C., ce qui lui confère plus de 2 000 ans.","आम धारणा के विपरीत, लोरेम इप्सुम कोई साधारण पाठ नहीं है। इसकी जड़ें 45 ईसा पूर्व के शास्त्रीय लैटिन साहित्य में हैं, जिससे यह 2000 साल से भी ज़्यादा पुराना हो जाता है।"
card Holder,Card Holder,Titular de la tarjeta,حامل البطاقة,Porte-cartes,कार्ड धारक
valid Thru,VALID THRU,VÁLIDO HASTA,صالحة حتى,VALABLE JUSQU'AU,के जरिए मान्य
pay Now,Pay Now,Pagar ahora,ادفع الآن,Payer maintenant,अब भुगतान करें
reloadable,Reloadable,Recargable,قابلة لإعادة التحميل,Rechargeable,फिर से लोड करने
not Reloadable,Not Reloadable,No recargable,غير قابلة لإعادة التحميل,Non rechargeable,पुनः लोड करने योग्य नहीं
account Id,Account Id,ID de cuenta,معرف الحساب,ID de compte,खाता आईडी
card Pan,Card Pan,Bandeja de tarjeta,بطاقة بان,Plateau à cartes,कार्ड पैन
expiration,Expiration,Vencimiento,انتهاء,Expiration,समय सीमा समाप्ति
city,City,Ciudad,مدينة,Ville,शहर
state,State,Estado,ولاية,État,राज्य
enter State,Enter State,Ingresar estado,أدخل الولاية,Entrez l'état,राज्य दर्ज करें
address,Address,DIRECCIÓN,عنوان,Adresse,पता
enter Address,Enter Address,Introducir dirección,أدخل العنوان,Entrez l'adresse,पता दर्ज करें
zip,Zip Code,Código postal,الرمز البريدي,Code postal,ज़िप कोड
block,Block,Bloquear,حاجز,Bloc,अवरोध पैदा करना
unblock,Unblock,Desatascar,إلغاء الحظر,Débloquer,अनब्लॉक
de Activated,Send Money,Enviar dinero,إرسال الأموال,Envoyer de l'argent,पैसे भेजना
not Valid User,Not Valid User,Usuario no válido,مستخدم غير صالح,Utilisateur non valide,मान्य उपयोगकर्ता नहीं
pick Up Point,Pick Up Point,Punto de recogida,نقطة الالتقاء,Point de retrait,पिक अप बिंदु
create Card,Create Card,Crear tarjeta,إنشاء بطاقة,Créer une carte,कार्ड बनाएँ
empty Status,No data found,No se encontraron datos,لم يتم العثور على أي بيانات,Aucune donnée trouvée,डाटा प्राप्त नहीं हुआ
sign In With Touch Id,Sign in with touch id,Iniciar sesión con Touch ID,تسجيل الدخول باستخدام معرف اللمس,Connectez-vous avec Touch ID,टच आईडी से साइन इन करें
delete Account Sub Title,Do you want to delete your account?,¿Quieres eliminar tu cuenta?,هل تريد حذف حسابك؟,Voulez-vous supprimer votre compte ?,क्या आप अपना खाता हटाना चाहते हैं?
verify OTP,Verify OTP,Verificar OTP,التحقق من كلمة المرور لمرة واحدة,Vérifier l'OTP,ओटीपी सत्यापित करें
fees And Charges,Fees & Charges,Tarifas y cargos,الرسوم والتكاليف,Frais et charges,शुल्क और प्रभार
received,Received,Recibió,تلقى,Reçu,प्राप्त
total Fee,Total Fee,Tarifa total,إجمالي الرسوم,Frais totaux,कुल शुल्क
log Message,Do You Want To Sign Out?,¿Quieres cerrar sesión?,هل تريد تسجيل الخروج؟,Voulez-vous vous déconnecter ?,क्या आप साइन आउट करना चाहते हैं?
make Default,Make Default,Establecer como predeterminado,جعله افتراضيًا,Définir par défaut,डिफ़ॉल्ट बनाना
remove Default,Remove Default,Eliminar valor predeterminado,إزالة الافتراضي,Supprimer la valeur par défaut,डिफ़ॉल्ट हटाएँ
add Money Log,Add Money Log,Agregar registro de dinero,إضافة سجل الأموال,Ajouter un journal d'argent,धन लॉग जोड़ें
withdraw Log,Withdraw Money Logs,Registros de retiro de dinero,سجلات سحب الأموال,Retirer des journaux d'argent,पैसे निकालने के लॉग
transfer Money Log,Remittance Log,Registro de remesas,سجل التحويلات المالية,Journal des transferts de fonds,प्रेषण लॉग
merchant Payment Log,Merchant  Payment Log,Registro de pagos del comerciante,سجل مدفوعات التاجر,Journal des paiements du commerçant,व्यापारी भुगतान लॉग
add Sub Balance Log,Add Sub balance Log,Agregar registro de subsaldo,إضافة سجل الرصيد الفرعي,Ajouter un journal de sous-solde,उप शेष लॉग जोड़ें
transaction Id,Tnx,Gracias,شكرا,Merci,धन्यवाद
total Received,Total Received,Total recibido,إجمالي المستلم,Total reçu,कुल प्राप्त
remark,Remark,Observación,ملاحظة,Remarque,टिप्पणी
time And Date,Time and Date,Hora y fecha,الوقت والتاريخ,Heure et date,समय और दिनांक
recipient Amount,Recipient Amount,Monto del destinatario,مبلغ المستلم,Montant du bénéficiaire,प्राप्तकर्ता राशि
request Amount,Request Amount,Monto solicitado,مبلغ الطلب,Montant de la demande,अनुरोध राशि
fee And Charge,Fee & Charge,Tarifas y cargos,الرسوم والتكاليف,Frais et charges,शुल्क और प्रभार
top Up Type,Top Up Type,Tipo de recarga,نوع التعبئة,Type de recharge,टॉप अप प्रकार
card Amount,Card Amount,Monto de la tarjeta,مبلغ البطاقة,Montant de la carte,कार्ड राशि
card Masked,Card Masked,Tarjeta enmascarada,بطاقة مقنعة,Carte masquée,कार्ड मास्क्ड
recipient Name,Recipient Name,Nombre del destinatario,اسم المستلم,Nom du destinataire,प्राप्तकर्ता का नाम
Change Language,Change Language,Cambiar idioma,تغيير اللغة,Changer de langue,भाषा बदलें
unsupported Country,Unsupported region / Permission Denied,Región no compatible / Permiso denegado,منطقة غير مدعومة / تم رفض الإذن,Région non prise en charge / Autorisation refusée,असमर्थित क्षेत्र / अनुमति अस्वीकृत
already Have An Account,Already Have An Account?,¿Ya tienes una cuenta?,هل لديك حساب بالفعل؟,Vous avez déjà un compte?,क्या आपके पास पहले से एक खाता मौजूद है?
enter The OTP Code Send To,Enter The OTP Code Sent to,Introduzca el código OTP enviado a,أدخل رمز OTP المرسل إلى,Entrez le code OTP envoyé à,भेजा गया OTP कोड दर्ज करें
enter The Google Auth OTP Code,Enter OTP Code From Google Authenticator,Introducir el código OTP de Google Authenticator,أدخل رمز OTP من Google Authenticator,Saisissez le code OTP de Google Authenticator,Google प्रमाणक से OTP कोड दर्ज करें
OTP Verification,OTP Verification,Verificación de OTP,التحقق من OTP,Vérification OTP,ओटीपी सत्यापन
the Code Is Not Valid,The code is not valid,El código no es válido,الكود غير صالح,Le code n'est pas valide,कोड मान्य नहीं है
continue Label,Continue,Continuar,يكمل,Continuer,जारी रखना
kYC Form Details,Please input all the fild for sign in to your account to get access to your dashboard.,Ingrese todos los campos para iniciar sesión en su cuenta para obtener acceso a su panel de control.,يرجى إدخال كافة الحقول لتسجيل الدخول إلى حسابك للحصول على إمكانية الوصول إلى لوحة التحكم الخاصة بك.,Veuillez saisir tous les champs pour vous connecter à votre compte afin d'accéder à votre tableau de bord.,कृपया अपने डैशबोर्ड तक पहुंच प्राप्त करने के लिए अपने खाते में साइन इन करने के लिए सभी फ़ील्ड इनपुट करें।
enter Business Name,Enter Business Name,Introduzca el nombre de la empresa,أدخل اسم الشركة,Entrez le nom de l'entreprise,व्यवसाय का नाम दर्ज करें
business Name,Business Name,Nombre de la empresa,اسم الشركة,Nom de l'entreprise,व्यवसाय का नाम
sender,Sender,Remitente,مرسل,Expéditeur,प्रेषक
welcome Back To,Welcome Back to,Bienvenido de nuevo a,مرحباً بكم من جديد,Bienvenue à,वापसी पर स्वागत है
send Money Successfully,Your money has been send successfully. Thanks for using ,Tu dinero se ha enviado correctamente. Gracias por usar,تم إرسال أموالك بنجاح. شكرًا لاستخدامك.,Votre argent a bien été envoyé. Merci de votre utilisation.,आपका पैसा सफलतापूर्वक भेज दिया गया है। उपयोग करने के लिए धन्यवाद
gateway Balance,Gateway Balance,Saldo de Gateway,رصيد البوابة,Solde de la passerelle,गेटवे बैलेंस
received Balance,Received Balance,Saldo recibido,الرصيد المستلم,Solde reçu,प्राप्त शेष राशि
your Money Withdraw Success,Your money has been withdraw Successfully. Thanks for using ,Tu dinero se retiró correctamente. Gracias por usar nuestra plataforma.,تم سحب أموالك بنجاح. شكرًا لاستخدامك.,Votre argent a été retiré avec succès. Merci de votre utilisation.,आपका पैसा सफलतापूर्वक निकाल लिया गया है। उपयोग करने के लिए धन्यवाद
back To Home,Back to Home,Volver a la página de inicio,العودة إلى الصفحة الرئيسية,Retour à l'accueil,घर वापिस जा रहा हूँ
your Money Has Been Failed,Your money has been Failed..!! Try Again! Thanks for using,¡Tu dinero ha fallado! ¡Inténtalo de nuevo! Gracias por usar,لقد فشلت عملية الدفع.. حاول مرة أخرى! شكرًا لاستخدامك.,Votre paiement a échoué ! Réessayez ! Merci de votre utilisation.,आपका पैसा वापस नहीं लिया गया है..!! पुनः प्रयास करें! उपयोग करने के लिए धन्यवाद
electricity,Electricity,Electricidad,كهرباء,Électricité,बिजली
update KYC Form,Update KYC Form,Actualizar el formulario KYC,تحديث نموذج KYC,Mettre à jour le formulaire KYC,केवाईसी फॉर्म अपडेट करें
fA Security,2FA Security,Seguridad 2FA,أمان المصادقة الثنائية,Sécurité 2FA,2FA सुरक्षा
enable fA Security,Enable 2FA Security,Habilitar la seguridad 2FA,تمكين أمان 2FA,Activer la sécurité 2FA,2FA सुरक्षा सक्षम करें
two Fa Security,2FA Security,Seguridad 2FA,أمان المصادقة الثنائية,Sécurité 2FA,2FA सुरक्षा
two FA Details,We’ll ask for a verification code via your security method if we notice a login from an unrecogn-ized device or browser. Enable your 2FA Security,Le solicitaremos un código de verificación a través de su método de seguridad si detectamos un inicio de sesión desde un dispositivo o navegador desconocido. Active su seguridad 2FA.,سنطلب رمز تحقق عبر وسيلة الأمان الخاصة بك إذا لاحظنا تسجيل دخول من جهاز أو متصفح غير معروف. فعّل ميزة المصادقة الثنائية (2FA),Nous vous demanderons un code de vérification via votre méthode de sécurité si nous constatons une connexion depuis un appareil ou un navigateur non reconnu. Activez votre sécurité 2FA.,"अगर हमें किसी अपरिचित डिवाइस या ब्राउज़र से लॉगिन दिखाई देता है, तो हम आपकी सुरक्षा विधि के ज़रिए एक सत्यापन कोड मांगेंगे। अपनी 2FA सुरक्षा सक्षम करें"
your Two Security HA s Been Active,Your 2FA Security has been activate Successfully.,Su seguridad 2FA se ha activado exitosamente.,لقد تم تفعيل أمان 2FA الخاص بك بنجاح.,Votre sécurité 2FA a été activée avec succès.,आपकी 2FA सुरक्षा सफलतापूर्वक सक्रिय हो गई है।
flutter Wave Payment,Flutterwave Payment,Pago de Flutterwave,دفع Flutterwave,Paiement Flutterwave,फ़्लटरवेव भुगतान
card Number,Card Number,Número de tarjeta,رقم البطاقة,Numéro de carte,कार्ड संख्या
total Withdraw Amount,Total Withdraw Amount,Monto total retirado,إجمالي مبلغ السحب,Montant total du retrait,कुल निकासी राशि
api Key,API Key,Clave API,مفتاح API,Clé API,एपीआई कुंजी
primary Key,Primary Key,Clave principal,المفتاح الأساسي,Clé primaire,प्राथमिक कुंजी
secret Key,Secret Key,Clave secreta,المفتاح السري,Clé secrète,गुप्त कुंजी
production Live,Go To Production Mode,Ir al modo de producción,انتقل إلى وضع الإنتاج,Passer en mode production,उत्पादन मोड पर जाएँ
production Sand Box,Go To SandBox Mode,Ir al modo SandBox,انتقل إلى وضع SandBox,Accéder au mode SandBox,सैंडबॉक्स मोड पर जाएं
developer API,Developer API,API para desarrolladores,واجهة برمجة التطبيقات للمطورين,API pour développeurs,डेवलपर API
sand Box,SandBox,Salvadera,صندوق الرمل,Bac à sable,सैंडबॉक्स
mode On,Mode On,Modo encendido,الوضع قيد التشغيل,Mode activé,मोड ऑन है
mode Off,Mode Off,Modo apagado,الوضع إيقاف التشغيل,Mode désactivé,मोड बंद है
gateway Settings,Gateway Settings,Configuración de la puerta de enlace,إعدادات البوابة,Paramètres de la passerelle,गेटवे सेटिंग्स
all Settings,All Settings,Todos los ajustes,جميع الإعدادات,Tous les paramètres,सभी सेटिंग्स
wallet Balance,Wallet Balance,Saldo de la billetera,رصيد المحفظة,Solde du portefeuille,वॉलेट बैलेंस
master Or Visa Card,Master / OR Visa Card,Tarjeta MasterCard/Visa,بطاقة ماستر كارد / أو فيزا,Mastercard / OU Visa,मास्टर / या वीज़ा कार्ड
enable Or Disable This Features,Enable Or Disable This Feature,Habilitar o deshabilitar esta función,تمكين أو تعطيل هذه الميزة,Activer ou désactiver cette fonctionnalité,इस सुविधा को सक्षम या अक्षम करें
production Mode Info,Do You want to change your api key?,¿Quieres cambiar tu clave API?,هل تريد تغيير مفتاح API الخاص بك؟,Voulez-vous changer votre clé API ?,क्या आप अपनी एपीआई कुंजी बदलना चाहते हैं?
copied To Clip Board,Copied to clipboard,Copiado al portapapeles,تم نسخها إلى الحافظة,Copié dans le presse-papiers,क्लिपबोर्ड पर कॉपी किया गया
received Payment Log,Received Payment Log,Registro de pagos recibidos,سجل الدفع المستلم,Journal des paiements reçus,प्राप्त भुगतान लॉग
type,Type,Tipo,يكتب,Taper,प्रकार
payment Amount,Payment Amount,Monto del pago,مبلغ الدفع,Montant du paiement,भुगतान राशि
changeThemes,Change Themes,Cambiar temas,تغيير السمات,Changer de thème,थीम बदलें
stripePayment,Stripe Payment,Pago con Stripe,الدفع عبر Stripe,Paiement Stripe,स्ट्राइप भुगतान
Create Link,Create Link,Crear enlace,إنشاء رابط,Créer un lien,लिंक बनाएँ
Created At,Created At,Creado en,تم إنشاؤه في,Créé à,बनाया गया
Customers Choose What To Pay,Customers Choose What To Pay,Los clientes eligen qué pagar,يختار العملاء ما يريدون دفعه,Les clients choisissent ce qu'ils veulent payer,ग्राहक चुनते हैं कि उन्हें क्या भुगतान करना है
Payment Page,Payment Page,Página de pago,صفحة الدفع,Page de paiement,भुगतान पृष्ठ
Give customers more detail about what they're paying for.,Give customers more detail about what they're paying for.,Proporcione a los clientes más detalles sobre lo que están pagando.,أعط العملاء مزيدًا من التفاصيل حول ما يدفعون مقابله.,Donnez aux clients plus de détails sur ce pour quoi ils paient.,ग्राहकों को इस बारे में अधिक जानकारी दें कि वे किस चीज़ के लिए भुगतान कर रहे हैं।
Select One,Select One,Seleccione uno,اختر واحدا,Sélectionnez-en un,एक का चयन करें
Set limits,Set limits,Establecer límites,وضع حدود,Fixer des limites,जोड़े की सीमा
Unit Price,Unit Price,Precio unitario,سعر الوحدة,Prix ​​unitaire,यूनिट मूल्य
Name on card,Name on card,Nombre en la tarjeta,الاسم على البطاقة,Nom sur la carte,कार्ड पर नाम
Pay faster on,Pay faster on,Pague más rápido en,ادفع بشكل أسرع,Payez plus rapidement sur,तेज़ी से भुगतान करें
Pay,Pay,Pagar,يدفع,Payer,वेतन
Pay With A Debit/Credit Card,Pay With A Debit/Credit Card,Pagar con tarjeta de débito/crédito,الدفع ببطاقة الخصم/الائتمان,Payer avec une carte de débit/crédit,डेबिट/क्रेडिट कार्ड से भुगतान करें
Go To Home,Go To Home,Ir a inicio,اذهب إلى الصفحة الرئيسية,Aller à la maison,होम पर जाएँ
Payment Again,Payment Again,Pago nuevamente,الدفع مرة أخرى,Paiement à nouveau,फिर से भुगतान
visa,Visa,Visa,فيزا,Visa,वीज़ा
request Money,Request Money,Solicitar dinero,طلب المال,Demande d'argent,पैसे का अनुरोध
request Money Log,Request Money Logs,Solicitar registros de dinero,طلب سجلات الأموال,Demande de journaux d'argent,धन अनुरोध लॉग
coin Gate Payment,Coingate Payment,Pago con Coingate,دفع كوينجيت,Paiement Coingate,कॉइनगेट भुगतान
no Record Found,noRecordFound,noRecordFound,لم يتم العثور على أي سجل,aucun enregistrement trouvé,कोई रिकॉर्ड नहीं मिला
balance,Balance,Balance,توازن,Équilibre,संतुलन
fund Amount,Fund Amount,Monto del fondo,مبلغ الصندوق,Montant du fonds,निधि राशि
total Pay,Total Pay,Pago total,إجمالي الأجر,Salaire total,कुल वेतन
card Information,Card Information,Información de la tarjeta,معلومات البطاقة,Informations sur la carte,कार्ड की जानकारी
reveal Details,Reveal Details,Revelar detalles,كشف التفاصيل,Révéler les détails,विवरण प्रकट करें
freeze Card,Freeze Card,Tarjeta congelada,تجميد البطاقة,Carte gelée,फ्रीज कार्ड
currency,Currency,Divisa,عملة,Devise,मुद्रा
brand,Brand,Marca,ماركة,Marque,ब्रांड
availabe Blance,Available Balance,Saldo disponible,الرصيد المتاح,Solde disponible,उपलब्ध शेष राशि
payments,Payments,Pagos,المدفوعات,Paiements,भुगतान
update Link,Update Link,Actualizar enlace,رابط التحديث,Lien de mise à jour,अपडेट लिंक
payments Log,Payments Log,Registro de pagos,سجل المدفوعات,Journal des paiements,भुगतान लॉग
payment Link Edit,Payment Link Edit,Editar enlace de pago,تعديل رابط الدفع,Lien de paiement Modifier,भुगतान लिंक संपादित करें
closeS,Close,Cerca,يغلق,Fermer,बंद करना
editS,Edit,Editar,يحرر,Modifier,संपादन करना
unlimited,Unlimited,Ilimitado,غير محدود,Illimité,असीमित
select TypeS,Select Type,Seleccionar tipo,حدد النوع,Sélectionnez le type,प्रकार चुनें
customer Choose,Customers choose what to pay,Los clientes eligen qué pagar,يختار العملاء ما يريدون دفعه,Les clients choisissent ce qu'ils veulent payer,ग्राहक चुनते हैं कि उन्हें कितना भुगतान करना है
products Or SubscriptionsS,Products or Subscriptions,Productos o suscripciones,المنتجات أو الاشتراكات,Produits ou abonnements,उत्पाद या सदस्यताएँ
imageS,Image,Imagen,صورة,Image,छवि
name Of Cause Or ServiceS,Name Of Cause Or Service,Nombre de la causa o servicio,اسم السبب أو الخدمة,Nom de la cause ou du service,कारण या सेवा का नाम
titleS,Title,Título,عنوان,Titre,शीर्षक
descriptionS,Description,Descripción,وصف,Description,विवरण
description Hint,Give customers more detail about what they’re paying for.,Proporcione a los clientes más detalles sobre lo que están pagando.,أعط العملاء مزيدًا من التفاصيل حول ما يدفعون مقابله.,Donnez aux clients plus de détails sur ce pour quoi ils paient.,ग्राहकों को इस बारे में अधिक जानकारी दें कि वे किस चीज़ के लिए भुगतान कर रहे हैं।
set Limit,Set Limit,Establecer límite,تعيين الحد,Définir une limite,सीमा निर्धारित करें
enter Your Product Name,- Enter your product name,- Ingrese el nombre de su producto,- أدخل اسم المنتج الخاص بك,- Entrez le nom de votre produit,- अपना उत्पाद नाम दर्ज करें
payment Link Created Successfully,Payment Link Created Successfully,Enlace de pago creado exitosamente,تم إنشاء رابط الدفع بنجاح,Lien de paiement créé avec succès,भुगतान लिंक सफलतापूर्वक बनाया गया
no Payment Created Yet,No payment created yet,Aún no se ha creado ningún pago,لم يتم إنشاء أي دفع بعد,Aucun paiement n'a encore été créé,अभी तक कोई भुगतान नहीं किया गया
kyc Unverified Text,"Your Kyc is Unverified, Please verify your KYC","Su KYC no está verificado, verifique su KYC",لم يتم التحقق من KYC الخاص بك، يرجى التحقق من KYC الخاص بك,"Votre Kyc n'est pas vérifié, veuillez vérifier votre KYC","आपका KYC असत्यापित है, कृपया अपना KYC सत्यापित करें"
kyc Pending Text,Your KYC verification is pending,Su verificación KYC está pendiente,التحقق من KYC الخاص بك معلق,Votre vérification KYC est en attente,आपका KYC सत्यापन लंबित है
kyc Rejected Text,Your KYC verification is Rejected,Su verificación KYC ha sido rechazada,تم رفض التحقق من KYC الخاص بك,Votre vérification KYC est rejetée,आपका KYC सत्यापन अस्वीकृत कर दिया गया है
link Copied Successfully,Link Copied Successfully,Enlace copiado exitosamente,تم نسخ الرابط بنجاح,Lien copié avec succès,लिंक सफलतापूर्वक कॉपी किया गया
link Edited Successfully,Link Edited Successfully,Enlace editado exitosamente,تم تعديل الرابط بنجاح,Lien modifié avec succès,लिंक सफलतापूर्वक संपादित किया गया
from Gallery,From Gallery,De la galería,من المعرض,De la galerie,गैलरी से
from Camera,From Camera,Desde la cámara,من الكاميرا,De la caméra,कैमरे से
copy,Copy,Copiar,ينسخ,Copie,प्रतिलिपि
reject,Reject,Rechazar,يرفض,Rejeter,अस्वीकार करना
approve,Approve,Aprobar,يعتمد,Approuver,मंज़ूरी देना
request Type,Request Type,Tipo de solicitud,نوع الطلب,Type de demande,अनुरोध प्रकार
request Money Success,Request Money Request Send Successful,Solicitud de dinero Solicitud enviada exitosamente,طلب المال تم الإرسال بنجاح,Demande d'argent Demande envoyée avec succès,धन का अनुरोध अनुरोध भेजा गया सफल
pay Link,Pay Link,Enlace de pago,رابط الدفع,Lien de paiement,भुगतान लिंक
Minimum amount,Minimum Amount,Cantidad mínima,الحد الأدنى للمبلغ,Montant minimum,न्यूनतम राशि
Maximum amount,Maximum Amount,Cantidad máxima,الحد الأقصى للمبلغ,Montant maximum,अधिकतम राशि
explain Trx,Explain Transaction Purposes Here…,Explique los propósitos de la transacción aquí…,اشرح أغراض المعاملة هنا…,Expliquez ici les objectifs de la transaction…,यहां लेनदेन के उद्देश्यों की व्याख्या करें...
Password Reset Link sended to your email address.,Password Reset Link sended to your email address.,Enlace de restablecimiento de contraseña enviado a su dirección de correo electrónico.,سيتم إرسال رابط إعادة تعيين كلمة المرور إلى عنوان بريدك الإلكتروني.,Lien de réinitialisation du mot de passe envoyé à votre adresse e-mail.,पासवर्ड रीसेट लिंक आपके ईमेल पते पर भेजा गया है।
Something went wrong! Please try again.,Something went wrong! Please try again.,¡Algo salió mal! Inténtalo de nuevo.,حدث خطأ ما! يُرجى المحاولة مرة أخرى.,Une erreur s'est produite ! Veuillez réessayer.,कुछ गड़बड़ हुई है। कृपया दोबारा प्रयास करें।
Verification code sended to your email address.,Verification code sended to your email address.,Código de verificación enviado a su dirección de correo electrónico.,تم إرسال رمز التحقق إلى عنوان بريدك الإلكتروني.,Code de vérification envoyé à votre adresse e-mail.,सत्यापन कोड आपके ईमेल पते पर भेजा गया.
Password Reset Token Expired,Password Reset Token Expired,El token de restablecimiento de contraseña ha expirado,انتهت صلاحية رمز إعادة تعيين كلمة المرور,Jeton de réinitialisation du mot de passe expiré,पासवर्ड रीसेट टोकन समाप्त हो गया
Verification code already used,Verification code already used,Código de verificación ya utilizado,تم استخدام رمز التحقق بالفعل,Code de vérification déjà utilisé,सत्यापन कोड पहले ही उपयोग किया जा चुका है
Session expired. Please try again.,Session expired. Please try again.,La sesión ha expirado. Inténtalo de nuevo.,انتهت الجلسة. يُرجى المحاولة مرة أخرى.,Session expirée. Veuillez réessayer.,सत्र समाप्त हो गया. कृपया पुनः प्रयास करें.
Verification Otp is Invalid,Verification Otp is Invalid,La verificación OTP no es válida,كلمة المرور للتحقق غير صالحة,La vérification OTP n'est pas valide,सत्यापन ओटीपी अमान्य है
You can resend the verification code after,You can resend the verification code after,Puede reenviar el código de verificación después,يمكنك إعادة إرسال رمز التحقق بعد ذلك,Vous pouvez renvoyer le code de vérification après,आप इसके बाद सत्यापन कोड पुनः भेज सकते हैं
seconds,Seconds,Artículos de segunda clase,ثواني,Secondes,सेकंड
Verification code resend success,Verification code resend success,El código de verificación se reenvió correctamente,تم إعادة إرسال رمز التحقق بنجاح,Réenvoi du code de vérification réussi,सत्यापन कोड पुनः भेजना सफल रहा
Password reset success. Please login with new password.,Password reset success. Please login with new password.,Contraseña restablecida correctamente. Inicie sesión con una nueva contraseña.,تم إعادة تعيين كلمة المرور بنجاح. يُرجى تسجيل الدخول بكلمة مرور جديدة.,Réinitialisation du mot de passe réussie. Veuillez vous connecter avec un nouveau mot de passe.,पासवर्ड रीसेट सफल रहा। कृपया नए पासवर्ड से लॉगिन करें।
"User already  exists, please try with another email","User already  exists, please try with another email","El usuario ya existe, por favor intente con otro correo electrónico",المستخدم موجود بالفعل، يرجى المحاولة باستخدام بريد إلكتروني آخر,"L'utilisateur existe déjà, veuillez essayer avec un autre e-mail","उपयोगकर्ता पहले से मौजूद है, कृपया किसी अन्य ईमेल के साथ प्रयास करें"
The verification code does not match,The verification code does not match,El código de verificación no coincide,رمز التحقق غير متطابق,Le code de vérification ne correspond pas,सत्यापन कोड मेल नहीं खाता
Otp successfully verified,Otp successfully verified,OTP verificado exitosamente,تم التحقق من OTP بنجاح,OTP vérifié avec succès,OTP सफलतापूर्वक सत्यापित
User Registration KYC,User Registration KYC,Registro de usuario KYC,تسجيل المستخدم KYC,Enregistrement des utilisateurs KYC,उपयोगकर्ता पंजीकरण केवाईसी
Phone number is already exists,Phone number is already exists,El número de teléfono ya existe,رقم الهاتف موجود بالفعل,Le numéro de téléphone existe déjà,फ़ोन नंबर पहले से मौजूद है
User Registration,User Registration,Registro de usuario,تسجيل المستخدم,Enregistrement de l'utilisateur,उपयोगकर्ता पंजीकरण
Forgot Password,Forgot Password,Has olvidado tu contraseña,هل نسيت كلمة السر,Mot de passe oublié,पासवर्ड भूल गए
Verify User,Verify User,Verificar usuario,التحقق من المستخدم,Vérifier l'utilisateur,उपयोगकर्ता सत्यापित करें
Reset Password Page,Reset Password Page,Página de restablecimiento de contraseña,صفحة إعادة تعيين كلمة المرور,Page de réinitialisation du mot de passe,पासवर्ड रीसेट पृष्ठ
User Login,User Login,Inicio de sesión de usuario,تسجيل دخول المستخدم,Connexion utilisateur,उपयोगकर्ता लॉगिन
Please submit kyc information!,Please submit kyc information!,¡Por favor envíe información KYC!,يرجى تقديم معلومات kyc!,Veuillez soumettre les informations KYC !,कृपया kyc जानकारी सबमिट करें!
Please wait before admin approves your kyc information,Please wait before admin approves your kyc information,Espere antes de que el administrador apruebe su información KYC,يرجى الانتظار قبل أن يوافق المسؤول على معلومات kyc الخاصة بك,Veuillez patienter avant que l'administrateur approuve vos informations KYC,कृपया व्यवस्थापक द्वारा आपकी kyc जानकारी स्वीकृत करने से पहले प्रतीक्षा करें
"Admin rejected your kyc information, Please re-submit again","Admin rejected your kyc information, Please re-submit again",El administrador rechazó su información KYC. Vuelva a enviarla.,لقد رفض المسؤول معلومات kyc الخاصة بك، يرجى إعادة إرسالها مرة أخرى,"L'administrateur a rejeté vos informations KYC, veuillez les soumettre à nouveau","एडमिन ने आपकी kyc जानकारी अस्वीकार कर दी है, कृपया पुनः सबमिट करें"
Transaction Failed. The record didn't save properly. Please try again,Transaction Failed. The record didn't save properly. Please try again,Transacción fallida. El registro no se guardó correctamente. Inténtelo de nuevo.,فشلت المعاملة. لم يتم حفظ السجل بشكل صحيح. يُرجى المحاولة مرة أخرى.,Échec de la transaction. L'enregistrement n'a pas été correctement sauvegardé. Veuillez réessayer.,लेन-देन विफल। रिकॉर्ड ठीक से सेव नहीं हुआ। कृपया पुनः प्रयास करें
Transaction request sended successfully!,Transaction request sended successfully!,¡Solicitud de transacción enviada exitosamente!,تم إرسال طلب المعاملة بنجاح!,Demande de transaction envoyée avec succès !,लेनदेन अनुरोध सफलतापूर्वक भेजा गया!
Successfully Added Money,Successfully Added Money,Dinero añadido con éxito,تمت إضافة الأموال بنجاح,Argent ajouté avec succès,पैसा सफलतापूर्वक जोड़ा गया
Manual Payment,Manual Payment,Pago manual,الدفع اليدوي,Paiement manuel,मैन्युअल भुगतान
Add money cancelled,Add money cancelled,Añadir dinero cancelado,إضافة الأموال الملغاة,Ajouter de l'argent annulé,पैसे जोड़ना रद्द कर दिया गया
Added Money Failed,Added Money Failed,Error al agregar dinero,فشلت عملية إضافة الأموال,Échec de l'ajout d'argent,जोड़ा गया पैसा विफल
Transaction hash is required for verify,Transaction hash is required for verify,Se requiere el hash de la transacción para verificar,مطلوب تجزئة المعاملة للتحقق,Le hachage de transaction est requis pour la vérification,सत्यापन के लिए लेनदेन हैश आवश्यक है
Transaction hash is not valid! Please input a valid hash,Transaction hash is not valid! Please input a valid hash,¡El hash de la transacción no es válido! Ingrese un hash válido.,تجزئة المعاملة غير صالحة! يُرجى إدخال تجزئة صالحة.,Le hachage de la transaction n'est pas valide ! Veuillez saisir un hachage valide.,लेन-देन हैश मान्य नहीं है! कृपया एक मान्य हैश दर्ज करें
Insufficient amount added. Please contact with system administrator,,#VALUE!,#VALUE!,#VALUE!,#VALUE!
Your Wallet,Your Wallet,Tu billetera,محفظتك,Votre portefeuille,आपका बटुआ
balance  has been added,balance  has been added,Se ha añadido el equilibrio,تمت إضافة الرصيد,le solde a été ajouté,शेष राशि जोड़ दी गई है
By,By,Por,بواسطة,Par,द्वारा
Gateway Information is not available. Please provide payment gateway currency alias,Gateway Information is not available. Please provide payment gateway currency alias,La información de la pasarela de pago no está disponible. Indique el alias de la moneda de la pasarela de pago.,معلومات بوابة الدفع غير متوفرة. يُرجى تقديم اسم عملة بوابة الدفع.,Les informations sur la passerelle de paiement ne sont pas disponibles. Veuillez indiquer l'alias de devise de la passerelle de paiement.,गेटवे जानकारी उपलब्ध नहीं है। कृपया भुगतान गेटवे मुद्रा उपनाम प्रदान करें
Gateway not available,Gateway not available,Puerta de enlace no disponible,البوابة غير متاحة,Passerelle non disponible,गेटवे उपलब्ध नहीं है
User wallet not found,User wallet not found!,¡No se encontró la billetera del usuario!,لم يتم العثور على محفظة المستخدم!,Portefeuille utilisateur introuvable !,उपयोगकर्ता वॉलेट नहीं मिला!
Please follow the transaction limit,Please follow the transaction limit,"Por favor, respete el límite de transacciones.",يرجى اتباع حد المعاملة,Veuillez respecter la limite de transaction,कृपया लेन-देन सीमा का पालन करें
Gateway currency not found,Gateway currency not found,Moneda de entrada no encontrada,لم يتم العثور على عملة البوابة,Monnaie de passerelle non trouvée,गेटवे मुद्रा नहीं मिली
Render Failed! Please call with valid gateway/credentials,Render Failed! Please call with valid gateway/credentials,"¡Error de renderizado! Por favor, llame con una puerta de enlace/credenciales válidas.",فشل العرض! يُرجى الاتصال باستخدام بوابة/بيانات اعتماد صالحة.,Échec du rendu ! Veuillez utiliser une passerelle/des identifiants valides.,रेंडर विफल! कृपया मान्य गेटवे/क्रेडेंशियल के साथ कॉल करें
Request user doesn\'t save properly. Please try again,Request user doesn\'t save properly. Please try again,La solicitud del usuario no se guarda correctamente. Inténtalo de nuevo.,طلب المستخدم لا يحفظ بشكل صحيح. يُرجى المحاولة مرة أخرى.,La demande de l'utilisateur n'a pas été enregistrée correctement. Veuillez réessayer.,उपयोगकर्ता अनुरोध ठीक से सहेजा नहीं गया। कृपया पुनः प्रयास करें
Transaction Failed. Gateway currency not available,Transaction Failed. Gateway currency not available,Transacción fallida. Moneda de la pasarela no disponible.,فشلت المعاملة. عملة البوابة غير متوفرة.,Échec de la transaction. Devise de la passerelle non disponible.,लेन-देन विफल. गेटवे मुद्रा उपलब्ध नहीं है
Something went wrong! Gateway render failed. Please call gateway() method before calling api() method,Something went wrong! Gateway render failed. Please call gateway() method before calling api() method,"¡Algo salió mal! Falló el renderizado de la puerta de enlace. Por favor, llame al método gateway() antes de llamar al método api().",حدث خطأ! فشل عرض البوابة. يُرجى استدعاء دالة gateway() قبل استدعاء دالة api(),Une erreur s'est produite ! Le rendu de la passerelle a échoué. Veuillez appeler la méthode gateway() avant la méthode api().,कुछ गड़बड़ हो गई! गेटवे रेंडर विफल रहा। कृपया api() विधि को कॉल करने से पहले gateway() विधि को कॉल करें
Something went wrong! Failed to make URL Params.,Something went wrong! Failed to make URL Params.,¡Algo salió mal! No se pudieron crear los parámetros de URL.,حدث خطأ ما! فشل في إنشاء معلمات URL.,Une erreur s'est produite ! Impossible de créer les paramètres d'URL.,कुछ गड़बड़ हो गई! URL पैरामीटर बनाने में विफल.
Gateway not found,Gateway not found,Puerta de enlace no encontrada,لم يتم العثور على البوابة,Passerelle non trouvée,गेटवे नहीं मिला
Failed to create developer API. Something went wrong!,Failed to create developer API. Something went wrong!,No se pudo crear la API de desarrollador. ¡Algo salió mal!,فشل إنشاء واجهة برمجة التطبيقات للمطور. حدث خطأ ما!,Échec de la création de l'API développeur. Une erreur s'est produite !,डेवलपर API बनाने में विफल. कुछ ग़लत हुआ!
Failed to create Gateway Settings. Something went wrong!,Failed to create Gateway Settings. Something went wrong!,No se pudieron crear los ajustes de la puerta de enlace. ¡Algo salió mal!,فشل إنشاء إعدادات البوابة. حدث خطأ ما!,Échec de la création des paramètres de passerelle. Une erreur s'est produite !,गेटवे सेटिंग बनाने में विफल. कुछ ग़लत हुआ!
Failed to create wallet! Please try again,Failed to create wallet! Please try again,¡Error al crear la billetera! Inténtalo de nuevo.,فشل إنشاء المحفظة! يُرجى المحاولة مرة أخرى.,Échec de la création du portefeuille ! Veuillez réessayer.,वॉलेट बनाने में विफल! कृपया पुनः प्रयास करें
Payment gateway not available,Payment gateway not available,Pasarela de pago no disponible,بوابة الدفع غير متاحة,Passerelle de paiement non disponible,भुगतान गेटवे उपलब्ध नहीं है
Oops! Request endpoint not registered!,Oops! Request endpoint not registered!,¡Ups! ¡El punto final de la solicitud no está registrado!,عفواً! نقطة نهاية الطلب غير مسجلة!,Oups ! Le point de terminaison de la requête n'est pas enregistré !,ओह! अनुरोध समापन बिंदु पंजीकृत नहीं है!
Add Money request send to admin successfully,Add Money request send to admin successfully,Solicitud de agregar dinero enviada al administrador exitosamente,تم إضافة طلب المال المرسل إلى المشرف بنجاح,Demande d'ajout d'argent envoyée à l'administrateur avec succès,एडमिन को धन जोड़ने का अनुरोध सफलतापूर्वक भेजा गया
Transaction failed. Payment captured failed.,Transaction failed. Payment captured failed.,Transacción fallida. Error en la captura del pago.,فشلت المعاملة. فشل التقاط الدفع.,Échec de la transaction. Échec de la capture du paiement.,लेन-देन विफल. भुगतान प्राप्त करना विफल.
Payment From PayLink,Payment From PayLink,Pago desde PayLink,الدفع من PayLink,Paiement depuis PayLink,पेलिंक से भुगतान
Successful,Successful,Exitoso,ناجح,Réussi,सफल
Gateway is not available right now! Please contact with system administration,Gateway is not available right now! Please contact with system administration,"¡La puerta de enlace no está disponible en este momento! Por favor, contacte con el administrador del sistema.",البوابة غير متاحة حاليًا! يُرجى التواصل مع إدارة النظام.,Gateway n'est pas disponible actuellement ! Veuillez contacter l'administration système.,गेटवे अभी उपलब्ध नहीं है! कृपया सिस्टम एडमिनिस्ट्रेशन से संपर्क करें
No Action Executed!,No Action Executed!,¡Ninguna acción ejecutada!,لم يتم تنفيذ أي إجراء!,Aucune action exécutée !,कोई कार्रवाई नहीं की गई!
Can't change anything for demo application,Can't change anything for demo application,No se puede cambiar nada para la aplicación de demostración.,لا يمكن تغيير أي شيء لتطبيق العرض التوضيحي,Impossible de modifier quoi que ce soit pour l'application de démonstration,डेमो एप्लिकेशन के लिए कुछ भी नहीं बदला जा सकता
Can't deletable system super admin,Can't deletable system super admin,No se puede eliminar el superadministrador del sistema,لا يمكن حذف المشرف الأعلى للنظام,Impossible de supprimer le super administrateur système,सिस्टम सुपर एडमिन को हटाया नहीं जा सकता
Can't delete account by yourself.,Can't delete account by yourself.,No puedes eliminar la cuenta por ti mismo.,لا يمكنك حذف الحساب بنفسك.,Vous ne pouvez pas supprimer le compte par vous-même.,स्वयं खाता नहीं हटा सकते.
You have to configure your system mail first.,You have to configure your system mail first.,Primero debes configurar el correo de tu sistema.,يتعين عليك تكوين بريد النظام الخاص بك أولاً.,Vous devez d’abord configurer votre messagerie système.,आपको पहले अपने सिस्टम मेल को कॉन्फ़िगर करना होगा।
Target role not found!,Target role not found!,¡No se encontró el rol objetivo!,لم يتم العثور على الدور المستهدف!,Rôle cible non trouvé !,लक्ष्य भूमिका नहीं मिली!
Super admin role can't deletable.,Super admin role can't deletable.,El rol de superadministrador no se puede eliminar.,لا يمكن حذف دور المشرف الأعلى.,Le rôle de super administrateur ne peut pas être supprimé.,सुपर एडमिन भूमिका हटाई नहीं जा सकती.
Sorry! You don't have permission to access admin dashboard.,Sorry! You don't have permission to access admin dashboard.,Lo sentimos. No tienes permiso para acceder al panel de administración.,عذراً! ليس لديك صلاحية الوصول إلى لوحة تحكم المشرف.,Désolé ! Vous n'avez pas l'autorisation d'accéder au tableau de bord d'administration.,क्षमा करें! आपको एडमिन डैशबोर्ड तक पहुँचने की अनुमति नहीं है।
"Sorry, You are unauthorized merchant user","Sorry, You are unauthorized merchant user","Lo sentimos, usted es un usuario comercial no autorizado",عذرا، أنت مستخدم تاجر غير مصرح له,"Désolé, vous êtes un utilisateur marchand non autorisé","क्षमा करें, आप अनधिकृत व्यापारी उपयोगकर्ता हैं"
Account Is Deactivated,Account Is Deactivated,La cuenta está desactivada,تم إلغاء تنشيط الحساب,Le compte est désactivé,खाता निष्क्रिय कर दिया गया है
Email verification is required,Email verification is required,Se requiere verificación de correo electrónico,مطلوب التحقق من البريد الإلكتروني,La vérification de l'e-mail est requise,ईमेल सत्यापन आवश्यक है
Sms verification is required,Sms verification is required,Se requiere verificación por SMS,مطلوب التحقق من الرسائل القصيرة,La vérification par SMS est requise,एसएमएस सत्यापन आवश्यक है
Please verify two factor authentication,Please verify two factor authentication,Por favor verifique la autenticación de dos factores,يرجى التحقق من المصادقة الثنائية,Veuillez vérifier l'authentification à deux facteurs,कृपया दो कारक प्रमाणीकरण सत्यापित करें
2fa verification is required,2fa verification is required,Se requiere verificación 2fa,مطلوب التحقق من 2fa,La vérification 2FA est requise,2fa सत्यापन आवश्यक है
Please verify your mail address. Check your mail inbox to get verification code,Please verify your mail address. Check your mail inbox to get verification code,"Por favor, verifica tu dirección de correo. Revisa tu bandeja de entrada para obtener el código de verificación.",يرجى التحقق من عنوان بريدك الإلكتروني. تحقق من صندوق الوارد للحصول على رمز التحقق.,Veuillez vérifier votre adresse e-mail. Consultez votre boîte mail pour obtenir le code de vérification.,कृपया अपना ईमेल पता सत्यापित करें। सत्यापन कोड प्राप्त करने के लिए अपना ईमेल इनबॉक्स देखें
"Sorry, You are unauthorized user","Sorry, You are unauthorized user","Lo sentimos, usted es un usuario no autorizado",عذرا، أنت مستخدم غير مصرح له,"Désolé, vous êtes un utilisateur non autorisé","क्षमा करें, आप अनधिकृत उपयोगकर्ता हैं"
Your KYC information is pending. Please wait for admin confirmation.,Your KYC information is pending. Please wait for admin confirmation.,Su información KYC está pendiente. Espere la confirmación del administrador.,معلومات KYC الخاصة بك قيد الانتظار. يُرجى انتظار تأكيد المسؤول.,Vos informations KYC sont en attente. Veuillez attendre la confirmation de l'administrateur.,आपकी KYC जानकारी लंबित है। कृपया व्यवस्थापक की पुष्टि की प्रतीक्षा करें।
Your KYC information is rejected. Please submit again your information to admin.,Your KYC information is rejected. Please submit again your information to admin.,Su información de KYC ha sido rechazada. Vuelva a enviarla al administrador.,تم رفض معلومات KYC الخاصة بك. يُرجى إعادة إرسال معلوماتك إلى الإدارة.,Vos informations KYC ont été rejetées. Veuillez les soumettre à nouveau à l'administrateur.,आपकी KYC जानकारी अस्वीकार कर दी गई है। कृपया अपनी जानकारी एडमिन को दोबारा सबमिट करें।
Please verify your KYC information before any transactional action,Please verify your KYC information before any transactional action,Verifique su información KYC antes de cualquier acción transaccional,يرجى التحقق من معلومات KYC الخاصة بك قبل أي إجراء معاملاتي,Veuillez vérifier vos informations KYC avant toute action transactionnelle,कृपया किसी भी लेन-देन संबंधी कार्रवाई से पहले अपनी केवाईसी जानकारी सत्यापित करें
Account successfully verified,Account successfully verified,Cuenta verificada exitosamente,تم التحقق من الحساب بنجاح,Compte vérifié avec succès,खाता सफलतापूर्वक सत्यापित
You are already KYC Verified User,You are already KYC Verified User,Ya eres usuario verificado KYC,أنت بالفعل مستخدم تم التحقق منه من قبل KYC,Vous êtes déjà un utilisateur vérifié KYC,आप पहले से ही KYC सत्यापित उपयोगकर्ता हैं
Authorize Google Two Factor,Authorize Google Two Factor,Autorizar Google Two Factor,تفويض Google Two Factor,Autoriser Google Two Factor,Google टू फैक्टर को अधिकृत करें
Your secret key is not stored properly. Please contact with system administrator,Your secret key is not stored properly. Please contact with system administrator,Su clave secreta no se ha almacenado correctamente. Contacte con el administrador del sistema.,مفتاحك السري غير مُخزَّن بشكل صحيح. يُرجى التواصل مع مسؤول النظام.,Votre clé secrète n'est pas correctement stockée. Veuillez contacter l'administrateur système.,आपकी गुप्त कुंजी ठीक से संग्रहीत नहीं है। कृपया सिस्टम व्यवस्थापक से संपर्क करें
Failed to login. Please try again,Failed to login. Please try again,Error al iniciar sesión. Inténtalo de nuevo.,فشل تسجيل الدخول. يُرجى المحاولة مرة أخرى.,Échec de la connexion. Veuillez réessayer.,लॉगिन विफल. कृपया पुनः प्रयास करें
"Sorry, insufficient balance","Sorry, insufficient balance","Lo sentimos, saldo insuficiente",عذرا، الرصيد غير كاف,"Désolé, solde insuffisant","क्षमा करें, शेष राशि अपर्याप्त है"
Bill pay request sent to admin successful,Bill Pay Request Sent To Admin Successful,Solicitud de pago de factura enviada al administrador exitosamente,تم إرسال طلب دفع الفاتورة إلى المسؤول بنجاح,Demande de paiement de facture envoyée à l'administrateur avec succès,बिल भुगतान अनुरोध व्यवस्थापक को भेजा गया सफल
Bill Pay Information,Bill Pay Information,Información de pago de facturas,معلومات دفع الفاتورة,Informations sur le paiement des factures,बिल भुगतान जानकारी
Invalid bill type,Invalid bill type,Tipo de factura no válido,نوع الفاتورة غير صالح,Type de facture invalide,अमान्य बिल प्रकार
Logout Successfully!,Logout Successfully!,¡Cerrar sesión exitosamente!,تم تسجيل الخروج بنجاح!,Déconnexion réussie !,लॉगआउट सफलतापूर्वक!
Invalid request,Invalid request,Solicitud no válida,طلب غير صالح,Demande invalide,अमान्य अनुरोध
Not found,Not found,Extraviado,لم يتم العثور عليه,Non trouvé,नहीं मिला
nvalid merchant,nvalid merchant,comerciante no válido,تاجر غير صالح,marchand invalide,अमान्य व्यापारी
Your profile deleted successfully!,Your profile deleted successfully!,¡Tu perfil fue eliminado exitosamente!,تم حذف ملفك الشخصي بنجاح!,Votre profil a été supprimé avec succès !,आपकी प्रोफ़ाइल सफलतापूर्वक हटा दी गई!
User Dashboard,User Dashboard,Panel de usuario,لوحة معلومات المستخدم,Tableau de bord de l'utilisateur,उपयोगकर्ता डैशबोर्ड
Password successfully updated!,Password successfully updated!,¡Contraseña actualizada exitosamente!,تم تحديث كلمة المرور بنجاح!,Mot de passe mis à jour avec succès !,पासवर्ड सफलतापूर्वक अपडेट किया गया!
Current password didn't match,Current password didn't match,La contraseña actual no coincide,كلمة المرور الحالية لا تتطابق,Le mot de passe actuel ne correspond pas,वर्तमान पासवर्ड मेल नहीं खाता
User Notifications,User Notifications,Notificaciones de usuario,إشعارات المستخدم,Notifications utilisateur,उपयोगकर्ता सूचनाएँ
User Profile,User Profile,Perfil de usuario,ملف تعريف المستخدم,Profil utilisateur,उपयोगकर्ता रूपरेखा
Profile successfully updated!,Profile successfully updated!,¡Perfil actualizado exitosamente!,تم تحديث الملف الشخصي بنجاح!,Profil mis à jour avec succès !,प्रोफ़ाइल सफलतापूर्वक अपडेट हो गई!
Can't transfer/request to your own,Can't transfer/request to your own,No se puede transferir/solicitar a su cuenta,لا يمكن النقل/الطلب إلى حسابك الخاص,Impossible de transférer/demander vers votre propre compte,अपने स्वयं के लिए स्थानांतरण/अनुरोध नहीं कर सकते
Default currency not found,Default currency not found,No se encontró la moneda predeterminada,لم يتم العثور على العملة الافتراضية,Devise par défaut non trouvée,डिफ़ॉल्ट मुद्रा नहीं मिली
Receiver not exist,Receiver not exist,El receptor no existe,المستقبل غير موجود,Le récepteur n'existe pas,रिसीवर मौजूद नहीं है
Receiver wallet not found,Receiver wallet not found,No se encontró la billetera del receptor,لم يتم العثور على محفظة المستلم,Portefeuille du récepteur introuvable,प्राप्तकर्ता वॉलेट नहीं मिला
Make Payment successful to,Make Payment successful to,Realizar el pago exitoso a,جعل الدفع ناجحًا,Effectuer le paiement avec succès à,भुगतान सफल बनाएं
Payment To,Payment To,Pago a,الدفع إلى,Paiement à,भुगतान
Make Payment to ,Make Payment to ,Realizar pago a,قم بالدفع إلى,Effectuer un paiement à,भुगतान करें
Payment From,Payment From,Pago desde,الدفع من,Paiement à partir de,भुगतानकर्ता
Make Payment From,Make Payment From,Realizar pago desde,قم بالدفع من,Effectuer un paiement à partir de,भुगतान करें
Merchant not found,Merchant not found,Comerciante no encontrado,لم يتم العثور على التاجر,Marchand non trouvé,व्यापारी नहीं मिला
Make Payment Information,Make Payment Information,Realizar información de pago,معلومات الدفع,Effectuer des informations de paiement,भुगतान जानकारी बनाएं
Valid merchant for transaction.,Valid merchant for transaction.,Comerciante válido para transacción.,التاجر صالح للمعاملة.,Commerçant valide pour la transaction.,लेन-देन के लिए वैध व्यापारी.
QR Scan Result.,QR Scan Result.,Resultado del escaneo QR.,نتيجة مسح QR.,Résultat du scan QR.,क्यूआर स्कैन परिणाम.
Mobile Top Up Information,Mobile Top Up Information,Información de recarga móvil,معلومات شحن الهاتف المحمول,Informations sur la recharge mobile,मोबाइल टॉप अप जानकारी
Mobile topup request send to admin successful,Mobile topup request send to admin successful,Solicitud de recarga móvil enviada al administrador exitosamente,تم إرسال طلب شحن الهاتف المحمول إلى المشرف بنجاح,Demande de recharge mobile envoyée à l'administrateur avec succès,मोबाइल टॉपअप अनुरोध व्यवस्थापक को भेजा गया सफल
Invalid type,Invalid type,Tipo inválido,نوع غير صالح,Type invalide,अमान्य प्रकार
Withdraw Money,Withdraw Money,Retirar dinero,سحب الأموال,Retirer de l'argent,पैसे निकाले
Withdraw Via,Withdraw Via,Retirar vía,السحب عبر,Retirer via,के माध्यम से निकासी
Withdraw money request send to admin successful,Withdraw money request send to admin successful,Solicitud de retiro de dinero enviada al administrador exitosamente,تم إرسال طلب سحب الأموال إلى المشرف بنجاح,Demande de retrait d'argent envoyée à l'administrateur avec succès,व्यवस्थापक को धन निकासी अनुरोध भेजा गया सफल
Withdraw money request send successful,Withdraw money request send successful,Solicitud de retiro de dinero enviada exitosamente,تم إرسال طلب سحب الأموال بنجاح,Demande de retrait d'argent envoyée avec succès,धन निकासी अनुरोध भेजा गया सफल
"Invalid request,please try again later","Invalid request,please try again later","Solicitud no válida, inténtelo de nuevo más tarde.",طلب غير صالح، يرجى المحاولة مرة أخرى لاحقًا,"Demande invalide, veuillez réessayer plus tard","अनुरोध अमान्य है, कृपया बाद में पुनः प्रयास करें"
Your Withdraw Request,Your Withdraw Request,Su solicitud de retiro,طلب السحب الخاص بك,Votre demande de retrait,आपका निकासी अनुरोध
Withdraw Request,Withdraw Request,Solicitud de retiro,طلب سحب,Demande de retrait,निकासी अनुरोध
Withdraw Information!,Withdraw Information!,¡Retirar información!,سحب المعلومات!,Retirer des informations !,जानकारी वापस ले लो!
Withdraw Money Inserted Successfully,Withdraw Money Inserted Successfully,Retirar dinero insertado exitosamente,تم سحب الأموال المدخلة بنجاح,Retirer l'argent inséré avec succès,पैसा सफलतापूर्वक निकाला गया
"Sorry, your payment information is invalid","Sorry, your payment information is invalid","Lo sentimos, su información de pago no es válida.",عذرا، معلومات الدفع الخاصة بك غير صالحة,"Désolé, vos informations de paiement ne sont pas valides","क्षमा करें, आपकी भुगतान जानकारी अमान्य है"
"Invalid request, it is not manual gateway request","Invalid request, it is not manual gateway request","Solicitud no válida, no es una solicitud de puerta de enlace manual",طلب غير صالح، ليس طلب بوابة يدوي,"Demande non valide, ce n'est pas une demande de passerelle manuelle","अमान्य अनुरोध, यह मैन्युअल गेटवे अनुरोध नहीं है"
"Invalid request, it is not automatic gateway request","Invalid request, it is not automatic gateway request","Solicitud no válida, no es una solicitud de puerta de enlace automática",طلب غير صالح، ليس طلب بوابة تلقائية,"Demande non valide, ce n'est pas une demande de passerelle automatique","अमान्य अनुरोध, यह स्वचालित गेटवे अनुरोध नहीं है"
Withdraw Request Send ,Withdraw Request Send ,Solicitud de retiro Enviar,إرسال طلب السحب,Demande de retrait Envoyer,निकासी अनुरोध भेजें
"Sorry, This Payment Request Is Not For FlutterWave","Sorry, This Payment Request Is Not For FlutterWave","Lo sentimos, esta solicitud de pago no es para FlutterWave",عذراً، طلب الدفع هذا ليس مخصصًا لـ FlutterWave,"Désolé, cette demande de paiement ne concerne pas FlutterWave","क्षमा करें, यह भुगतान अनुरोध फ़्लटरवेव के लिए नहीं है"
All Bank Fetch Successfully,All Bank Fetch Successfully,Todas las operaciones bancarias se realizaron correctamente,تم جلب جميع البنوك بنجاح,Toutes les opérations bancaires ont été récupérées avec succès,सभी बैंक सफलतापूर्वक प्राप्त हुए
Payment Links,Payment Links,Enlaces de pago,روابط الدفع,Liens de paiement,भुगतान लिंक
Payment Link Create,Payment Link Create,Crear enlace de pago,إنشاء رابط الدفع,Créer un lien de paiement,भुगतान लिंक बनाएँ
"Unable to connect with API, Please Contact Support!!","Unable to connect with API, Please Contact Support!!",No es posible conectarse con la API. ¡Comuníquese con el soporte técnico!,غير قادر على الاتصال بـAPI، يرجى الاتصال بالدعم!!,"Impossible de se connecter à l'API, veuillez contacter le support !!","API से कनेक्ट करने में असमर्थ, कृपया सहायता से संपर्क करें!!"
Payment Link Updated Successful,Payment Link Updated Successful,Enlace de pago actualizado exitosamente,تم تحديث رابط الدفع بنجاح,Lien de paiement mis à jour avec succès,भुगतान लिंक अपडेट सफल
Payment Link Status Updated Successful,Payment Link Status Updated Successful,Estado del enlace de pago actualizado correctamente,تم تحديث حالة رابط الدفع بنجاح,Statut du lien de paiement mis à jour avec succès,भुगतान लिंक स्थिति अपडेट सफल
Link Share,Link Share,Enlace Compartir,رابط المشاركة,Lien Partager,लिंक साझा करें
Invalid Payment Link,Invalid Payment Link,Enlace de pago no válido,رابط الدفع غير صالح,Lien de paiement invalide,अमान्य भुगतान लिंक
"Can Not Payment Now, Please Contact Support","Can Not Payment Now, Please Contact Support","No se puede realizar el pago ahora, por favor contacte con el soporte técnico",لا يمكن الدفع الآن، يرجى الاتصال بالدعم,"Impossible de payer maintenant, veuillez contacter le support","अभी भुगतान नहीं कर सकते, कृपया सहायता से संपर्क करें"
Payment Link,Payment Link,Enlace de pago,رابط الدفع,Lien de paiement,भुगतान लिंक
Please Enter A Valid Amount,Please Enter A Valid Amount,Por favor ingrese un monto válido,الرجاء إدخال مبلغ صالح,Veuillez saisir un montant valide,कृपया मान्य राशि दर्ज करें
Receiver currency not found!,Receiver currency not found!,¡No se encontró la moneda del receptor!,لم يتم العثور على عملة المتلقي!,Devise du destinataire non trouvée !,प्राप्तकर्ता मुद्रा नहीं मिली!
"Transaction Failed, Please Contact With Support!","Transaction Failed, Please Contact With Support!","Transacción fallida, ¡por favor contacte con soporte!",فشلت المعاملة، يرجى الاتصال بالدعم!,"La transaction a échoué, veuillez contacter le support !","लेन-देन विफल, कृपया समर्थन से संपर्क करें!"
Transaction Successful,Transaction Successful,Transacción exitosa,تمت المعاملة بنجاح,Transaction réussie,लेनदेन सफल
Data Fetch Successful,Data Fetch Successful,Obtención de datos exitosa,تم جلب البيانات بنجاح,Récupération des données réussie,डेटा प्राप्त करना सफल
"Invalid Request,PayLink Data Not Found!","Invalid Request,PayLink Data Not Found!","Solicitud no válida, datos de PayLink no encontrados.",طلب غير صالح، لم يتم العثور على بيانات PayLink!,"Demande non valide, données PayLink non trouvées !","अवैध अनुरोध,पेलिंक डेटा नहीं मिला!"
All Recipient,All Recipient,Todos los destinatarios,جميع المستلمين,Tous les destinataires,सभी प्राप्तकर्ता
Add Recipient,Add Recipient,Agregar destinatario,إضافة المستلم,Ajouter un destinataire,प्राप्तकर्ता को जोड़ें
Can't send remittance to your own,Can't send remittance to your own,No puedo enviar remesas a mi propio domicilio,لا يمكن إرسال الحوالة إلى حسابك الخاص,Impossible d'envoyer des fonds à votre propre adresse,अपने स्वयं के खाते में धन नहीं भेज सकते
This recipient  already exist.,This recipient  already exist.,Este destinatario ya existe.,هذا المستلم موجود بالفعل.,Ce destinataire existe déjà.,यह प्राप्तकर्ता पहले से मौजूद है.
Please select a valid country,Please select a valid country,Por favor seleccione un país válido,الرجاء تحديد بلد صالح,Veuillez sélectionner un pays valide,कृपया एक मान्य देश चुनें
Please select a valid bank,Please select a valid bank,Por favor seleccione un banco válido,الرجاء اختيار بنك صالح,Veuillez sélectionner une banque valide,कृपया एक मान्य बैंक चुनें
Please select a valid cash picku,Please select a valid cash picku,Por favor seleccione un punto de retiro de efectivo válido,الرجاء اختيار استلام نقدي صالح,Veuillez sélectionner un mode de retrait d'espèces valide.,कृपया एक वैध नकद पिकअप चुनें
User not found,User not found,Usuario no encontrado,لم يتم العثور على المستخدم,Utilisateur non trouvé,उपयोगकर्ता नहीं मिला
Receipient save successfully,Receipient save successfully,El destinatario se guardó correctamente,تم حفظ المستلم بنجاح,Le destinataire a été enregistré avec succès,प्राप्तकर्ता ने सफलतापूर्वक सहेज लिया
Edit Recipient,Edit Recipient,Editar destinatario,تعديل المستلم,Modifier le destinataire,प्राप्तकर्ता संपादित करें
Receipient updated successfully,Receipient updated successfully,Destinatario actualizado exitosamente,تم تحديث المستلم بنجاح,Le destinataire a été mis à jour avec succès,प्राप्तकर्ता सफलतापूर्वक अपडेट किया गया
Receipient deleted successfully!,Receipient deleted successfully!,¡Destinatario eliminado exitosamente!,تم حذف المستلم بنجاح!,Le destinataire a été supprimé avec succès !,प्राप्तकर्ता सफलतापूर्वक हटा दिया गया!
Oops! Data not found or section is under maintenance,Oops! Data not found or section is under maintenance,¡Uy! No se encontraron datos o la sección está en mantenimiento.,عفواً! لم يتم العثور على البيانات أو أن القسم قيد الصيانة.,Oups ! Données introuvables ou section en cours de maintenance.,ओह! डेटा नहीं मिला या अनुभाग रखरखाव में है
Save Recipient Information,Save Recipient Information,Guardar información del destinatario,حفظ معلومات المستلم,Enregistrer les informations du destinataire,प्राप्तकर्ता जानकारी सहेजें
Recipient Store/Update Fields Name,Recipient Store/Update Fields Name,Nombre de los campos de almacenamiento/actualización del destinatario,اسم حقول تخزين/تحديث المستلم,Nom des champs de stockage/mise à jour du destinataire,प्राप्तकर्ता स्टोर/अपडेट फ़ील्ड का नाम
This User Country doesn't match with default currency country!,This User Country doesn't match with default currency country!,¡Este país de usuario no coincide con el país de moneda predeterminado!,هذا البلد المستخدم لا يتطابق مع العملة الافتراضية للبلد!,Ce pays d'utilisateur ne correspond pas au pays de devise par défaut !,इस उपयोगकर्ता का देश डिफ़ॉल्ट मुद्रा देश से मेल नहीं खाता!
Successfully get user,Successfully get user,Obtener usuario exitosamente,تم الحصول على المستخدم بنجاح,Obtenir l'utilisateur avec succès,उपयोगकर्ता सफलतापूर्वक प्राप्त करें
"Invalid request, recipient not found!","Invalid request, recipient not found!","Solicitud no válida, destinatario no encontrado.",طلب غير صالح، لم يتم العثور على المتلقي!,"Demande invalide, destinataire non trouvé !","अवैध अनुरोध, प्राप्तकर्ता नहीं मिला!"
Successfully get recipient,Successfully get recipient,Obtener el destinatario con éxito,تم الحصول على المستلم بنجاح,Obtenir le destinataire avec succès,प्राप्तकर्ता सफलतापूर्वक प्राप्त करें
Receiver country not found,Receiver country not found,No se encontró el país receptor,لم يتم العثور على بلد المتلقي,Pays du destinataire introuvable,प्राप्तकर्ता देश नहीं मिला
Recipient is invalid,Recipient is invalid,El destinatario no es válido,المستلم غير صالح,Le destinataire n'est pas valide,प्राप्तकर्ता अमान्य है
Remittance Money send successfully,Remittance Money send successfully,Remesa de dinero enviada con éxito,تم إرسال التحويل المالي بنجاح,Envoi d'argent réussi,धन प्रेषण सफलतापूर्वक भेजा गया
Send Remittance,Send Remittance,Enviar remesa,إرسال الحوالة المالية,Envoyer un virement,धन भेजें
Send Remittance From,Send Remittance From,Enviar remesa desde,إرسال التحويلات من,Envoyer un virement depuis,धन भेजें
Remittance Information,Remittance Information,Información de remesas,معلومات التحويل,Informations sur les transferts de fonds,प्रेषण जानकारी
Successfully got recipient,Successfully got recipient,Se obtuvo el destinatario exitosamente,تم الحصول على المستلم بنجاح,Destinataire obtenu avec succès,प्राप्तकर्ता सफलतापूर्वक प्राप्त हुआ
From country is not a valid country,From country is not a valid country,El país de origen no es un país válido,من البلد ليس بلدًا صالحًا,Le pays d'origine n'est pas un pays valide,देश से वैध देश नहीं है
Can't Request Money To Your Own,Can't Request Money To Your Own,No se puede solicitar dinero a su nombre,لا يمكن طلب المال إلى حسابك الخاص,Impossible de demander de l'argent par vous-même,अपने लिए धन का अनुरोध नहीं कर सकते
Your wallet isn't available with currency,Your wallet isn't available with currency,Su billetera no está disponible con moneda,محفظتك غير متاحة بالعملة,Votre portefeuille n'est pas disponible avec de la monnaie,आपके वॉलेट में मुद्रा उपलब्ध नहीं है
Receiver doesn't exists or Receiver is temporary banned,Receiver doesn't exists or Receiver is temporary banned,El receptor no existe o está bloqueado temporalmente,المستقبل غير موجود أو تم حظر المستقبل مؤقتًا,Le récepteur n'existe pas ou le récepteur est temporairement banni,रिसीवर मौजूद नहीं है या रिसीवर अस्थायी रूप से प्रतिबंधित है
Your Wallet Balance Is Insufficient,Your Wallet Balance Is Insufficient,El saldo de su billetera es insuficiente,رصيد محفظتك غير كافٍ,Le solde de votre portefeuille est insuffisant,आपके वॉलेट में बैलेंस अपर्याप्त है
Request Money to ,Request Money to ,Solicitar dinero a,طلب المال إلى,Demander de l'argent à,धन का अनुरोध करें
Request Money Send To,Request Money Send To,Solicitar dinero Enviar a,طلب إرسال الأموال إلى,Demande d'argent Envoyer à,धन भेजने का अनुरोध करें
Request Money from,Request Money from,Solicitar dinero de,طلب المال من,Demander de l'argent à,से धन का अनुरोध करें
Request Money Logs,Request Money Logs,Solicitar registros de dinero,طلب سجلات الأموال,Demande de journaux d'argent,धन अनुरोध लॉग
Sender wallet isn't available with currency,Sender wallet isn't available with currency,La billetera del remitente no está disponible con la moneda,محفظة المرسل غير متوفرة بالعملة,Le portefeuille de l'expéditeur n'est pas disponible avec la devise,प्रेषक वॉलेट मुद्रा के साथ उपलब्ध नहीं है
Receiver wallet isn't available with currency,Receiver wallet isn't available with currency,La billetera del receptor no está disponible con la moneda,محفظة المستلم غير متوفرة بالعملة,Le portefeuille du destinataire n'est pas disponible avec la devise,प्राप्तकर्ता वॉलेट में मुद्रा उपलब्ध नहीं है
Request approved Successfully!,Request approved Successfully!,¡Solicitud aprobada exitosamente!,تمت الموافقة على الطلب بنجاح!,Demande approuvée avec succès !,अनुरोध सफलतापूर्वक स्वीकृत!
Money Request Rejected Successfully!,Money Request Rejected Successfully!,¡Solicitud de dinero rechazada exitosamente!,تم رفض طلب المال بنجاح!,Demande d'argent rejetée avec succès !,धन अनुरोध सफलतापूर्वक अस्वीकृत!
Request Money Information,Request Money Information,Solicitar información de dinero,طلب معلومات مالية,Demande d'informations financières,धन संबंधी जानकारी का अनुरोध करें
Invalid User,Invalid User,Usuario inválido,مستخدم غير صالح,Utilisateur invalide,अमान्य उपयोगकर्ता
Valid User For Request Money.,Valid User For Request Money.,Usuario válido para solicitar dinero.,مستخدم صالح لطلب المال.,Utilisateur valide pour demander de l'argent.,धन अनुरोध के लिए वैध उपयोगकर्ता.
Request Money Transactions,Request Money Transactions,Solicitar transacciones de dinero,طلب المعاملات المالية,Demander des transactions d'argent,धन लेनदेन का अनुरोध करें
Invalid Transaction Id,Invalid Transaction Id,ID de transacción no válido,معرف المعاملة غير صالح,ID de transaction non valide,अमान्य लेनदेन आईडी
Security Setting Updated Successfully!,Security Setting Updated Successfully!,¡Configuración de seguridad actualizada exitosamente!,تم تحديث إعدادات الأمان بنجاح!,Paramètre de sécurité mis à jour avec succès !,सुरक्षा सेटिंग सफलतापूर्वक अपडेट की गई!
Google Authenticator is a product based authenticator by Google that executes two-venture confirmation administrations for verifying clients of any programming applications,Google Authenticator is a product based authenticator by Google that executes two-venture confirmation administrations for verifying clients of any programming applications,Google Authenticator es un autenticador basado en productos de Google que ejecuta servicios de autenticación de dos pasos para verificar a los usuarios de cualquier aplicación de software.,Google Authenticator هو أداة مصادقة تعتمد على المنتج من Google تنفذ خدمات التحقق من مشروعين للتحقق من عملاء أي تطبيقات برمجية,Google Authenticator est un authentificateur basé sur un produit de Google qui exécute des administrations de confirmation en deux étapes pour vérifier les clients de toutes les applications logicielles.,"गूगल प्रमाणक, गूगल द्वारा निर्मित एक सॉफ्टवेयर आधारित प्रमाणक है जो किसी भी सॉफ्टवेयर एप्लिकेशन के उपयोगकर्ताओं को प्रमाणित करने के लिए दो-चरणीय प्रमाणीकरण सेवाएँ प्रदान करता है।"
Don't forget to add this application in your google authentication app. Otherwise you can't login in your account.,Don't forget to add this application in your google authentication app. Otherwise you can't login in your account.,"No olvides añadir esta aplicación a tu aplicación de autenticación de Google. De lo contrario, no podrás iniciar sesión en tu cuenta.",لا تنسَ إضافة هذا التطبيق إلى تطبيق مصادقة جوجل. وإلا فلن تتمكن من تسجيل الدخول إلى حسابك.,"N'oubliez pas d'ajouter cette application à votre compte Google Authentication. Sinon, vous ne pourrez pas vous connecter à votre compte.",इस एप्लिकेशन को अपने Google प्रमाणीकरण ऐप में जोड़ना न भूलें। अन्यथा आप अपने खाते में लॉगिन नहीं कर पाएँगे।
Your account secure with google 2FA,Your account secure with google 2FA,Tu cuenta segura con Google 2FA,حسابك آمن مع Google 2FA,Votre compte sécurisé avec Google 2FA,आपका खाता Google 2FA से सुरक्षित है
To enable two factor authentication (powered by google) please visit your web dashboard. Click here:,To enable two factor authentication (powered by google) please visit your web dashboard. Click here:,"Para habilitar la autenticación de dos factores (con tecnología de Google), visite su panel de control web. Haga clic aquí:",لتفعيل المصادقة الثنائية (بدعم من جوجل)، يُرجى زيارة لوحة تحكم موقعك الإلكتروني. انقر هنا:,"Pour activer l'authentification à deux facteurs (propulsée par Google), veuillez accéder à votre tableau de bord web. Cliquez ici :",दो-कारक प्रमाणीकरण (गूगल द्वारा संचालित) सक्षम करने के लिए कृपया अपने वेब डैशबोर्ड पर जाएँ। यहाँ क्लिक करें:
Request response fetch successfully!,Request response fetch successfully!,¡La solicitud de respuesta se obtuvo exitosamente!,تم جلب طلب الاستجابة بنجاح!,La réponse à la demande a été récupérée avec succès !,अनुरोध प्रतिक्रिया सफलतापूर्वक प्राप्त हुई!
Google 2FA successfully verified!,Google 2FA successfully verified!,¡Google 2FA verificado exitosamente!,تم التحقق من Google 2FA بنجاح!,Google 2FA vérifié avec succès !,Google 2FA सफलतापूर्वक सत्यापित!
Invalid authentication code,Invalid authentication code,Código de autenticación no válido,رمز المصادقة غير صالح,Code d'authentification invalide,अमान्य प्रमाणीकरण कोड
Can't send money to your own,Can't send money to your own,No puedo enviar dinero a mi cuenta,لا يمكن إرسال الأموال إلى حسابك الخاص,Impossible d'envoyer de l'argent à votre propre compte,अपने ही खाते में पैसे नहीं भेज सकते
Send Money successful to,Send Money successful to,Enviar dinero con éxito a,تم إرسال الأموال بنجاح إلى,Envoyer de l'argent avec succès à,पैसा भेजना सफल रहा
Transfer Money to,Transfer Money to,Transferir dinero a,تحويل الأموال إلى,Transférer de l'argent vers,धन हस्तांतरित करें
Transfer Money Send To,Transfer Money Send To,Transferir dinero Enviar a,تحويل الأموال إرسال إلى,Transférer de l'argent Envoyer à,धन अंतरण भेजें
Transfer Money from,Transfer Money from,Transferir dinero desde,تحويل الأموال من,Transférer de l'argent depuis,से धन हस्तांतरित करें
Transfer Money Received From,Transfer Money Received From,Transferencia de dinero recibida de,تحويل الأموال المستلمة من,Transférer l'argent reçu de,प्राप्त धनराशि का स्थानांतरण
Send Money Information,Send Money Information,Información de envío de dinero,معلومات إرسال الأموال,Informations sur l'envoi d'argent,पैसे भेजने की जानकारी
Valid user for transaction.,Valid user for transaction.,Usuario válido para transacción.,مستخدم صالح للمعاملة.,Utilisateur valide pour la transaction.,लेन-देन के लिए वैध उपयोगकर्ता.
Virtual Card Transaction,Virtual Card Transaction,Transacción con tarjeta virtual,معاملة البطاقة الافتراضية,Transaction par carte virtuelle,वर्चुअल कार्ड लेनदेन
Something is wrong in your card,Something is wrong in your card,Algo anda mal en tu tarjeta,هناك خطأ ما في بطاقتك,Il y a un problème avec votre carte,आपके कार्ड में कुछ गड़बड़ है
Card Inactive Successfully,Card Inactive Successfully,Tarjeta inactivada exitosamente,تم إلغاء تنشيط البطاقة بنجاح,Carte inactive avec succès,कार्ड सफलतापूर्वक निष्क्रिय
Card Active Successfully,Card Active Successfully,Tarjeta activada exitosamente,تم تفعيل البطاقة بنجاح,Carte activée avec succès,कार्ड सफलतापूर्वक सक्रिय
Status Updated Successfully!,Status Updated Successfully!,¡Estado actualizado exitosamente!,تم تحديث الحالة بنجاح!,Statut mis à jour avec succès !,स्थिति सफलतापूर्वक अपडेट की गई!
Virtual Card Buy Successfully,Virtual Card Buy Successfully,Compra de tarjeta virtual exitosa,تم شراء البطاقة الافتراضية بنجاح,Achat réussi d'une carte virtuelle,वर्चुअल कार्ड सफलतापूर्वक खरीदा गया
Buy card successful,Buy card successful,Compra de tarjeta exitosa,تم شراء البطاقة بنجاح,Achat de carte réussi,कार्ड खरीदना सफल रहा
Virtual Card Stripe,Virtual Card Stripe,Tarjeta virtual Stripe,بطاقة افتراضية شريطية,Carte virtuelle Stripe,वर्चुअल कार्ड स्ट्राइप
Virtual Card Sensitive Data,Virtual Card Sensitive Data,Datos confidenciales de la tarjeta virtual,البيانات الحساسة للبطاقة الافتراضية,Données sensibles de la carte virtuelle,वर्चुअल कार्ड संवेदनशील डेटा
"Sorry,This Card Is Already Inactive","Sorry,This Card Is Already Inactive","Lo sentimos, esta tarjeta ya está inactiva",عذرا، هذه البطاقة غير نشطة بالفعل,"Désolé, cette carte est déjà inactive","क्षमा करें, यह कार्ड पहले से ही निष्क्रिय है"
"Sorry,This Card Is Already Active","Sorry,This Card Is Already Active","Lo sentimos, esta tarjeta ya está activa",عذرا، هذه البطاقة نشطة بالفعل,"Désolé, cette carte est déjà active","क्षमा करें, यह कार्ड पहले से ही सक्रिय है"
Card block successfully,Card block successfully,Bloqueo de tarjeta exitoso,تم حظر البطاقة بنجاح,Blocage de carte réussi,कार्ड सफलतापूर्वक ब्लॉक किया गया
Card unblock successfully,Card unblock successfully,Desbloqueo de tarjeta exitoso,تم إلغاء حظر البطاقة بنجاح,Déblocage de la carte réussi,कार्ड सफलतापूर्वक अनब्लॉक हो गया
"Currency isn't supported for creating virtual card, Please contact","Currency isn't supported for creating virtual card, Please contact",La moneda no es compatible para crear una tarjeta virtual. Comuníquese con nosotros.,لا يتم دعم العملة لإنشاء بطاقة افتراضية، يرجى الاتصال,"La devise n'est pas prise en charge pour la création de cartes virtuelles, veuillez nous contacter","वर्चुअल कार्ड बनाने के लिए मुद्रा समर्थित नहीं है, कृपया संपर्क करें"
"The customer doesn't create properly,Contact with owner","The customer doesn't create properly,Contact with owner","El cliente no crea correctamente,Contacta con el propietario",العميل لا ينشئ بشكل صحيح، تواصل مع المالك,"Le client ne crée pas correctement, contactez le propriétaire","ग्राहक ठीक से निर्माण नहीं करता है, मालिक से संपर्क करें"
Virtual Card Sudo,Virtual Card Sudo,Tarjeta virtual Sudo,بطاقة افتراضية سودو,Carte virtuelle Sudo,वर्चुअल कार्ड सुडो
Fess & Charges,Fess & Charges,Fess & Charges,الرسوم والتكاليف,Taxes et charges,शुल्क और प्रभार
"Sorry,This Card Is Already Blocked","Sorry,This Card Is Already Blocked","Lo sentimos, esta tarjeta ya está bloqueada",عذرا، هذه البطاقة محظورة بالفعل,"Désolé, cette carte est déjà bloquée","क्षमा करें, यह कार्ड पहले ही ब्लॉक कर दिया गया है"
"Sorry,This Card Is Already Unblocked","Sorry,This Card Is Already Unblocked","Lo sentimos, esta tarjeta ya está desbloqueada",عذراً، هذه البطاقة غير محظورة بالفعل,"Désolé, cette carte est déjà débloquée","क्षमा करें, यह कार्ड पहले ही अनब्लॉक हो चुका है"
Sorry! You can not create more than,Sorry! You can not create more than,¡Lo sentimos! No puedes crear más de,عذراً! لا يمكنك إنشاء أكثر من,Désolé ! Vous ne pouvez pas créer plus de,क्षमा करें! आप इससे अधिक नहीं बना सकते
card using the same email address.,card using the same email address.,tarjeta utilizando la misma dirección de correo electrónico.,البطاقة باستخدام نفس عنوان البريد الإلكتروني.,carte en utilisant la même adresse e-mail.,कार्ड को उसी ईमेल पते का उपयोग करके प्राप्त करें।
Card Freeze successfully,Card Freeze successfully,Congelación de tarjeta exitosa,تم تجميد البطاقة بنجاح,Gel de la carte réussi,कार्ड सफलतापूर्वक फ़्रीज़ हो गया
Card UnFreeze successfully,Card UnFreeze successfully,Descongelación de tarjeta exitosa,تم إلغاء تجميد البطاقة بنجاح,Déblocage de la carte réussi,कार्ड सफलतापूर्वक अनफ्रीज हुआ
Card Funded Successfully,Card Funded Successfully,Tarjeta financiada exitosamente,تم تمويل البطاقة بنجاح,Carte financée avec succès,कार्ड सफलतापूर्वक वित्तपोषित
Please Contact With Administration,Please Contact With Administration,"Por favor, póngase en contacto con la administración",يرجى التواصل مع الإدارة,Veuillez contacter l'administration,कृपया प्रशासन से संपर्क करें
Card Fund,Card Fund,Fondo de tarjeta,صندوق البطاقة,Fonds de carte,कार्ड फंड
Card fund successful card,Card fund successful card,Tarjeta de crédito exitosa,بطاقة صندوق البطاقة الناجحة,Carte de crédit réussie,कार्ड निधि सफल कार्ड
"Sorry,This Card Is Already Freeze","Sorry,This Card Is Already Freeze","Lo sentimos, esta tarjeta ya está congelada",عذرا، هذه البطاقة متجمدة بالفعل,"Désolé, cette carte est déjà gelée","क्षमा करें, यह कार्ड पहले से ही फ्रीज है"
"Sorry,This Card Is Already Unfreeze","Sorry,This Card Is Already Unfreeze","Lo sentimos, esta tarjeta ya está descongelada",عذراً، هذه البطاقة غير مجمدة بالفعل,"Désolé, cette carte est déjà débloquée","क्षमा करें, यह कार्ड पहले ही अनफ्रीज हो चुका है"
Card has been blocked previously,Card has been blocked previously,La tarjeta ha sido bloqueada previamente,تم حظر البطاقة مسبقًا,La carte a déjà été bloquée,कार्ड पहले भी ब्लॉक किया जा चुका है
This Card has been terminated previously,This Card has been terminated previously,Esta Tarjeta ha sido cancelada previamente,تم إنهاء هذه البطاقة مسبقًا,Cette carte a été résiliée précédemment,यह कार्ड पहले ही समाप्त कर दिया गया है
Card has been unblocked previously,Card has been unblocked previously,La tarjeta ha sido desbloqueada previamente,تم إلغاء حظر البطاقة مسبقًا,La carte a déjà été débloquée,कार्ड को पहले भी अनब्लॉक किया जा चुका है
Support Tickets,Support Tickets,Tickets de soporte,تذاكر الدعم,Tickets d'assistance,समर्थन टिकट
Support ticket created successfully!,Support ticket created successfully!,¡Ticket de soporte creado exitosamente!,تم إنشاء تذكرة الدعم بنجاح!,Ticket d'assistance créé avec succès !,समर्थन टिकट सफलतापूर्वक बनाया गया!
SMS Sending failed! Please try again.,SMS Sending failed! Please try again.,¡Error al enviar el SMS! Inténtalo de nuevo.,فشل إرسال الرسائل النصية! يُرجى المحاولة مرة أخرى.,Échec de l'envoi du SMS ! Veuillez réessayer.,SMS भेजना विफल! कृपया पुनः प्रयास करें।
User doesn't exists.,User doesn't exists.,El usuario no existe.,المستخدم غير موجود.,L'utilisateur n'existe pas.,उपयोगकर्ता मौजूद नहीं है.
Time expired. Please try again,Time expired. Please try again,Se acabó el tiempo. Inténtalo de nuevo.,انتهى الوقت. يُرجى المحاولة مرة أخرى.,Délai expiré. Veuillez réessayer.,समय समाप्त हो गया है। कृपया पुनः प्रयास करें
"Your Verification is successful, Now you can recover your password","Your Verification is successful, Now you can recover your password","Tu verificación fue exitosa, ahora puedes recuperar tu contraseña",لقد تم التحقق بنجاح، يمكنك الآن استعادة كلمة المرور الخاصة بك,"Votre vérification est réussie, vous pouvez maintenant récupérer votre mot de passe","आपका सत्यापन सफल है, अब आप अपना पासवर्ड पुनर्प्राप्त कर सकते हैं"
Account Has been Suspended,Account Has been Suspended,La cuenta ha sido suspendida,تم تعليق الحساب,Le compte a été suspendu,खाता निलंबित कर दिया गया है
Login Successful,Login Successful,Inicio de sesión exitoso,تم تسجيل الدخول بنجاح,Connexion réussie,लॉग इन सफल
Incorrect Password,Incorrect Password,Contraseña incorrecta,كلمة المرور غير صحيحة,Mot de passe incorrect,गलत पासवर्ड
Email address already exist,Email address already exist,La dirección de correo electrónico ya existe,عنوان البريد الإلكتروني موجود بالفعل,L'adresse e-mail existe déjà,ईमेल पता पहले से मौजूद है
Mobile number already exist,Mobile number already exist,El número de móvil ya existe,رقم الهاتف المحمول موجود بالفعل,Le numéro de mobile existe déjà,मोबाइल नंबर पहले से मौजूद है
Registration Successful,Registration Successful,Registro exitoso,تم التسجيل بنجاح,Inscription réussie,सफल पंजीकरण
Mail Authorization,Mail Authorization,Autorización de correo,تفويض البريد,Autorisation de courrier,मेल प्राधिकरण
Merchant doesn't exists.,Merchant doesn't exists.,El comerciante no existe.,التاجر غير موجود.,Le marchand n'existe pas.,व्यापारी मौजूद नहीं है.
Verify Merchant,Verify Merchant,Verificar comerciante,التحقق من التاجر,Vérifier le commerçant,व्यापारी सत्यापित करें
Merchant Registration,Merchant Registration,Registro de comerciantes,تسجيل التاجر,Enregistrement des commerçants,व्यापारी पंजीकरण
"Merchant already  exists, please try with another email","Merchant already  exists, please try with another email","El comerciante ya existe, por favor intente con otro correo electrónico",التاجر موجود بالفعل، يرجى المحاولة باستخدام بريد إلكتروني آخر,"Le commerçant existe déjà, veuillez essayer avec un autre e-mail","व्यापारी पहले से मौजूद है, कृपया किसी अन्य ईमेल से प्रयास करें"
Merchant Registration KYC,Merchant Registration KYC,Registro de comerciante KYC,تسجيل التاجر KYC,Enregistrement du commerçant KYC,व्यापारी पंजीकरण केवाईसी
Merchant Dashboard,Merchant Dashboard,Panel de control del comerciante,لوحة معلومات التاجر,Tableau de bord du commerçant,व्यापारी डैशबोर्ड
API Credentials,API Credentials,Credenciales de API,بيانات اعتماد API,Informations d'identification de l'API,API क्रेडेंशियल
Developer API not found!,Developer API not found!,¡API de desarrollador no encontrada!,لم يتم العثور على واجهة برمجة التطبيقات للمطور!,API développeur non trouvée !,डेवलपर API नहीं मिला!
Developer API mode updated successfully!,Developer API mode updated successfully!,¡El modo API para desarrolladores se actualizó correctamente!,تم تحديث وضع API للمطور بنجاح!,Le mode API développeur a été mis à jour avec succès !,डेवलपर API मोड सफलतापूर्वक अपडेट किया गया!
Master/Visa card credentials updated successfully!,Master/Visa card credentials updated successfully!,¡Credenciales de tarjeta Master/Visa actualizadas exitosamente!,تم تحديث بيانات بطاقة ماستر/فيزا بنجاح!,Les informations d'identification de la carte Master/Visa ont été mises à jour avec succès !,मास्टर/वीज़ा कार्ड क्रेडेंशियल सफलतापूर्वक अपडेट हो गए!
Your Withdraw Request Send To Admin,Your Withdraw Request Send To Admin,Su solicitud de retiro enviada al administrador,أرسل طلب السحب الخاص بك إلى المسؤول,Votre demande de retrait envoyée à l'administrateur,आपका निकासी अनुरोध व्यवस्थापक को भेजें
Merchant Profile,Merchant Profile,Perfil del comerciante,ملف تعريف التاجر,Profil du commerçant,व्यापारी प्रोफ़ाइल
Requested credentials is invalid,Requested credentials is invalid,Las credenciales solicitadas no son válidas,بيانات الاعتماد المطلوبة غير صالحة,Les informations d'identification demandées ne sont pas valides,अनुरोधित क्रेडेंशियल अमान्य है
Merchant doesn't exists or credentials is invalid,Merchant doesn\'t exists or credentials is invalid,El comerciante no existe o sus credenciales no son válidas,التاجر غير موجود أو بيانات الاعتماد غير صالحة,Le commerçant n'existe pas ou les informations d'identification ne sont pas valides,व्यापारी मौजूद नहीं है या क्रेडेंशियल अमान्य है
Failed to create access token. Please try again,Failed to create access token. Please try again,No se pudo crear el token de acceso. Inténtalo de nuevo.,فشل إنشاء رمز الوصول. يُرجى المحاولة مرة أخرى.,Échec de la création du jeton d'accès. Veuillez réessayer.,एक्सेस टोकन बनाने में विफल. कृपया पुनः प्रयास करें
Access denied! Token not found,Access denied! Token not found,¡Acceso denegado! No se encontró el token.,تم رفض الوصول! لم يتم العثور على الرمز,Accès refusé ! Jeton introuvable,प्रवेश निषेध! टोकन नहीं मिला
Requested with invalid token!,Requested with invalid token!,¡Solicitado con token no válido!,تم الطلب باستخدام رمز غير صالح!,Demandé avec un jeton invalide !,अमान्य टोकन के साथ अनुरोध किया गया!
Failed to create payment! Please try again,Failed to create payment! Please try again,¡Error al crear el pago! Inténtalo de nuevo.,فشل إنشاء الدفع! يُرجى المحاولة مرة أخرى.,Échec de la création du paiement ! Veuillez réessayer.,भुगतान करने में विफल! कृपया पुनः प्रयास करें
Merchant does't exists,Merchant does't exists,El comerciante no existe,التاجر غير موجود,Le marchand n'existe pas,व्यापारी मौजूद नहीं है
Requested with invalid credentials!,Requested with invalid credentials!,¡Solicitado con credenciales no válidas!,تم الطلب باستخدام بيانات اعتماد غير صالحة!,Demandé avec des informations d'identification invalides !,अमान्य क्रेडेंशियल के साथ अनुरोध किया गया!
File Deleted Successfully!,File Deleted Successfully!,¡Archivo eliminado exitosamente!,تم حذف الملف بنجاح!,Fichier supprimé avec succès !,फ़ाइल सफलतापूर्वक हटा दी गई!
Your Message Submitted,Your Message Submitted,Su mensaje enviado,تم إرسال رسالتك,Votre message a été envoyé,आपका संदेश सबमिट किया गया
Your newsletter information submission successfully,Your newsletter information submission successfully,Su información del boletín se ha enviado correctamente,تم إرسال معلومات النشرة الإخبارية الخاصة بك بنجاح,Soumission des informations de votre newsletter réussie,आपका न्यूज़लेटर जानकारी सफलतापूर्वक प्रस्तुत किया गया
"Payment Successful, Please Go Back Your App","Payment Successful, Please Go Back Your App","Pago exitoso, por favor regrese a su aplicación",تم الدفع بنجاح، يرجى الرجوع إلى تطبيقك,"Paiement réussi, veuillez revenir à votre application","भुगतान सफल, कृपया अपने ऐप पर वापस जाएं"
Merchant does not exist,Merchant does not exist,El comerciante no existe,التاجر غير موجود,Le commerçant n'existe pas,व्यापारी मौजूद नहीं है
Merchant already exist,Merchant already exist,El comerciante ya existe,التاجر موجود بالفعل,Le commerçant existe déjà,व्यापारी पहले से मौजूद है
"User already exist, please select another email address","User already exist, please select another email address","El usuario ya existe, por favor seleccione otra dirección de correo electrónico",المستخدم موجود بالفعل، الرجاء اختيار عنوان بريد إلكتروني آخر,"L'utilisateur existe déjà, veuillez sélectionner une autre adresse e-mail","उपयोगकर्ता पहले से मौजूद है, कृपया कोई अन्य ईमेल पता चुनें"
"Now,You can register","Now,You can register","Ahora, puedes registrarte",الآن يمكنك التسجيل,"Maintenant, vous pouvez vous inscrire","अब, आप पंजीकरण कर सकते हैं"
Terms Of Use & Privacy Policy Field Is Required!,Terms Of Use & Privacy Policy Field Is Required!,Términos de uso y política de privacidad ¡El campo es obligatorio!,شروط الاستخدام وسياسة الخصوصية الحقل مطلوب!,Conditions d'utilisation et politique de confidentialité Le champ est obligatoire !,उपयोग की शर्तें और गोपनीयता नीति फ़ील्ड आवश्यक है!
Verification code is expired,Verification code is expired,El código de verificación ha expirado,رمز التحقق منتهي الصلاحية,Le code de vérification a expiré,सत्यापन कोड समाप्त हो गया है
Verification is invalid,Verification is invalid,La verificación no es válida,التحقق غير صالح,La vérification n'est pas valide,सत्यापन अमान्य है
"Merchant already exist, please select another email address","Merchant already exist, please select another email address","El comerciante ya existe, seleccione otra dirección de correo electrónico",التاجر موجود بالفعل، يرجى تحديد عنوان بريد إلكتروني آخر,"Le commerçant existe déjà, veuillez sélectionner une autre adresse e-mail","व्यापारी पहले से मौजूद है, कृपया कोई अन्य ईमेल पता चुनें"
Merchant Notifications,Merchant Notifications,Notificaciones de comerciantes,إشعارات التاجر,Notifications aux commerçants,व्यापारी सूचनाएं
All Transactions,All Transactions,Todas las transacciones,كل الحركات المالية,toutes transactions,सभी लेन - देन
Status Change Successful,Status Change Successful,Cambio de estado exitoso,تم تغيير الحالة بنجاح,Changement de statut réussi,स्थिति परिवर्तन सफल
Merchant Developer Api Key,Merchant Developer Api Key,Clave API para desarrolladores de comerciantes,مفتاح واجهة برمجة تطبيقات مطور التاجر,Clé API du développeur marchand,व्यापारी डेवलपर एपीआई कुंजी
Your Wallet Balance System Already Enabled,Your Wallet Balance System Already Enabled,Su sistema de saldo de billetera ya está habilitado,تم تمكين نظام رصيد محفظتك بالفعل,Votre système de solde de portefeuille est déjà activé,आपका वॉलेट बैलेंस सिस्टम पहले से सक्षम है
DYour Wallet Balance System Already Disabled,Your Wallet Balance System Already Disabled,Su sistema de saldo de billetera ya está deshabilitado,تم تعطيل نظام رصيد محفظتك بالفعل,Votre système de solde de portefeuille est déjà désactivé,आपका वॉलेट बैलेंस सिस्टम पहले से ही अक्षम है
EWallet Balance System Enabled Successfully,Wallet Balance System Enabled Successfully,Sistema de saldo de billetera habilitado exitosamente,تم تمكين نظام رصيد المحفظة بنجاح,Système de solde de portefeuille activé avec succès,वॉलेट बैलेंस सिस्टम सफलतापूर्वक सक्षम किया गया
Wallet Balance System Disabled Successfully,Wallet Balance System Disabled Successfully,Sistema de saldo de billetera deshabilitado exitosamente,تم تعطيل نظام رصيد المحفظة بنجاح,Système de solde du portefeuille désactivé avec succès,वॉलेट बैलेंस सिस्टम सफलतापूर्वक अक्षम किया गया
EYour Virtual Card System Already Enabled,Your Virtual Card System Already Enabled,Su sistema de tarjeta virtual ya está habilitado,تم تمكين نظام البطاقة الافتراضية الخاص بك بالفعل,Votre système de carte virtuelle est déjà activé,आपका वर्चुअल कार्ड सिस्टम पहले से ही सक्षम है
Your Virtual Card System Already Disabled,Your Virtual Card System Already Disabled,Su sistema de tarjeta virtual ya está deshabilitado,تم تعطيل نظام البطاقة الافتراضية الخاص بك بالفعل,Votre système de carte virtuelle est déjà désactivé,आपका वर्चुअल कार्ड सिस्टम पहले से ही अक्षम है
EVirtual Card System Enabled Successfully,Virtual Card System Enabled Successfully,Sistema de tarjeta virtual habilitado exitosamente,تم تمكين نظام البطاقة الافتراضية بنجاح,Système de carte virtuelle activé avec succès,वर्चुअल कार्ड सिस्टम सफलतापूर्वक सक्षम किया गया
Virtual Card System Disabled Successfully,Virtual Card System Disabled Successfully,Sistema de tarjeta virtual deshabilitado exitosamente,تم تعطيل نظام البطاقة الافتراضية بنجاح,Système de carte virtuelle désactivé avec succès,वर्चुअल कार्ड सिस्टम सफलतापूर्वक अक्षम किया गया
EYour Master/Visa System Already Enabled,Your Master/Visa System Already Enabled,Su sistema Master/Visa ya está habilitado,تم تمكين نظام ماستر/فيزا الخاص بك بالفعل,Votre système Master/Visa est déjà activé,आपका मास्टर/वीज़ा सिस्टम पहले से ही सक्षम है
Your Master/Visa System Already Disabled,Your Master/Visa System Already Disabled,Su sistema Master/Visa ya está deshabilitado,نظام ماستر/فيزا الخاص بك معطل بالفعل,Votre système Master/Visa est déjà désactivé,आपका मास्टर/वीज़ा सिस्टम पहले से ही अक्षम है
EMaster/Visa System Enabled Successfully,Master/Visa System Enabled Successfully,Sistema Master/Visa habilitado exitosamente,تم تمكين نظام ماستر/فيزا بنجاح,Système Master/Visa activé avec succès,मास्टर/वीज़ा सिस्टम सफलतापूर्वक सक्षम किया गया
Master/Visa System Disabled Successfully,Master/Visa System Disabled Successfully,Sistema Master/Visa deshabilitado exitosamente,تم تعطيل نظام ماستر/فيزا بنجاح,Système Master/Visa désactivé avec succès,मास्टर/वीज़ा सिस्टम सफलतापूर्वक अक्षम किया गया
Withdraw Money Information!,Withdraw Money Information!,¡Información para retirar dinero!,معلومات سحب الأموال!,Informations sur le retrait d'argent !,पैसे निकालने की जानकारी!
Add Money Information!,Add Money Information!,¡Agregue información de dinero!,أضف معلومات مالية!,Ajoutez des informations financières !,धन संबंधी जानकारी जोड़ें!
Language Data Fetch Successfully!,Language Data Fetch Successfully!,¡Los datos del idioma se obtuvieron exitosamente!,تم جلب بيانات اللغة بنجاح!,Récupération des données linguistiques réussie !,भाषा डेटा सफलतापूर्वक प्राप्त हुआ!
Basic information fetch successfully,Basic information fetch successfully,La información básica se obtuvo correctamente,تم جلب المعلومات الأساسية بنجاح,Les informations de base ont été récupérées avec succès,मूलभूत जानकारी सफलतापूर्वक प्राप्त हुई
Clear cache successfully,Clear cache successfully,Borrar caché exitosamente,مسح ذاكرة التخزين المؤقت بنجاح,Vider le cache avec succès,कैश सफलतापूर्वक साफ़ करें
Add Money Inserted Successfully,Add Money Inserted Successfully,Agregar dinero insertado exitosamente,تمت إضافة الأموال المدخلة بنجاح,Ajouter de l'argent inséré avec succès,पैसा सफलतापूर्वक डाला गया
crypto Payment Address,Crypto Payment,Pago con criptomonedas,الدفع بالعملات المشفرة,Paiement cryptographique,क्रिप्टो भुगतान
pay With This Address,Pay WithThis Address,Pagar con esta dirección,ادفع باستخدام هذا العنوان,Payer avec cette adresse,इस पते से भुगतान करें
proceed,Proceed,Proceder,يتابع,Procéder,आगे बढ़ना
enter House Number,Enter House Number,Introduzca el número de casa,أدخل رقم المنزل,Entrez le numéro de la maison,मकान संख्या दर्ज करें
id Number,Id Number,Número de identificación,رقم الهوية,Numéro d'identification,आईडी नंबर
enter Id Number,Enter Id Number,Introduzca el número de identificación,أدخل رقم الهوية,Entrez le numéro d'identification,आईडी नंबर दर्ज करें
customer Email,Customer Email,Correo electrónico del cliente,بريد العميل الإلكتروني,Courriel du client,ग्राहक ईमेल
enter Customer Email,Enter Customer Email,Ingrese el correo electrónico del cliente,أدخل البريد الإلكتروني للعميل,Entrez l'adresse e-mail du client,ग्राहक का ईमेल दर्ज करें
enter Date Of Birth,mm/day/year,mm/día/año,مم/يوم/سنة,mm/jour/an,मिमी/दिन/वर्ष
date Of Birth,Date Of Birth,Fecha de nacimiento,تاريخ الميلاد,Date de naissance,जन्म तिथि
enter Phone Number,Enter Phone Number ,Introduzca el número de teléfono,أدخل رقم الهاتف,Entrez le numéro de téléphone,फ़ोन नंबर दर्ज करें
cardI d,Card Id ,Identificación de la tarjeta,بطاقة الهوية,ID de la carte,कार्ड आईडी 
customer Id,Customer Id,Identificación del cliente,معرف العميل,ID client,ग्राहक आईडी
house Number,House Number,Número de casa,رقم المنزل,Numéro de maison,घर का नंबर
line1,Line 1,Línea 1,الخط 1,Ligne 1,लाइन 1
enterLine1,Enter Line 1,Ingrese la línea 1,أدخل السطر 1,Entrez la ligne 1,पंक्ति 1 दर्ज करें
enter Select City,Enter Select City ,Entrar Seleccionar Ciudad,أدخل حدد المدينة,Entrez Sélectionner la ville,चयनित शहर दर्ज करें
please Follow The Limit,Please follow the limit ,Por favor respete el límite,يرجى اتباع الحد,Veuillez respecter la limite,कृपया सीमा का पालन करें
you Don Not Buy Card,You do not buy card,No compras tarjeta,لا تشتري البطاقة,Vous n'achetez pas de carte,आप कार्ड नहीं खरीदते
address Copy To,Address copy to clipboard,Copiar dirección al portapapeles,نسخ العنوان إلى الحافظة,Copier l'adresse dans le presse-papiers,पता क्लिपबोर्ड पर कॉपी करें
Agent doesn't exists.,Agent doesn't exists.,El agente no existe.,الوكيل غير موجود.,L'agent n'existe pas.,एजेंट मौजूद नहीं है.
Agent already exist,Agent already exist,El agente ya existe,العميل موجود بالفعل,L'agent existe déjà,एजेंट पहले से मौजूद है
"Agent already exist, please select another email address","Agent already exist, please select another email address","El agente ya existe, por favor seleccione otra dirección de correo electrónico",العميل موجود بالفعل، الرجاء اختيار عنوان بريد إلكتروني آخر,"L'agent existe déjà, veuillez sélectionner une autre adresse e-mail","एजेंट पहले से मौजूद है, कृपया कोई अन्य ईमेल पता चुनें"
Agent wallet not found!,Agent wallet not found!,¡No se encontró la billetera del agente!,لم يتم العثور على محفظة الوكيل!,Portefeuille d'agent introuvable !,एजेंट वॉलेट नहीं मिला!
Money In Information,Money In Information,Dinero en información,المال في المعلومات,L'argent dans l'information,सूचना में पैसा
Can't Money-In to your own,Can't Money-In to your own,No se puede ingresar dinero por cuenta propia,لا يمكن إيداع الأموال في حسابك الخاص,Vous ne pouvez pas investir votre propre argent,अपने आप में पैसा नहीं लगा सकते
Invalid QR Code,Invalid QR Code,Código QR no válido,رمز الاستجابة السريعة غير صالح,Code QR invalide,अमान्य QR कोड
Money In Request Successful,Money In Request Successful,Solicitud de ingreso de dinero exitosa,تم طلب المال بنجاح,Demande d'argent réussie,धन प्राप्ति अनुरोध सफल
My Sender Recipients,My Sender Recipients,Mis destinatarios remitentes,مرسلو البريد الإلكتروني المستلمون,Mes destinataires expéditeurs,मेरे प्रेषक प्राप्तकर्ता
Please select a valid cash pickup,Please select a valid cash pickup,Por favor seleccione un punto de recogida de efectivo válido,الرجاء تحديد طريقة استلام نقدية صالحة,Veuillez sélectionner un mode de retrait d'espèces valide,कृपया एक वैध नकद पिकअप चुनें
Sender recipient save successfully,Sender recipient save successfully,El remitente y el destinatario guardaron correctamente,تم حفظ المرسل والمستقبل بنجاح,L'expéditeur et le destinataire ont enregistré avec succès,प्रेषक प्राप्तकर्ता सफलतापूर्वक सहेजा गया
Successfully get sender recipient,Successfully get sender recipient,Obtener remitente y destinatario exitosamente,تم الحصول على المرسل المتلقي بنجاح,Obtenir avec succès l'expéditeur et le destinataire,प्रेषक प्राप्तकर्ता सफलतापूर्वक प्राप्त करें
"Invalid request, sender recipient not found!","Invalid request, sender recipient not found!","Solicitud no válida, ¡remitente y destinatario no encontrado!",طلب غير صالح، لم يتم العثور على المرسل والمستقبل!,"Demande invalide, expéditeur destinataire non trouvé !","अवैध अनुरोध, प्रेषक प्राप्तकर्ता नहीं मिला!"
Sender recipient updated successfully,Sender recipient updated successfully,El remitente y el destinatario se actualizaron correctamente,تم تحديث المرسل والمستلم بنجاح,L'expéditeur et le destinataire ont été mis à jour avec succès,प्रेषक प्राप्तकर्ता सफलतापूर्वक अपडेट किया गया
Recipient deleted successfully,Recipient deleted successfully,Destinatario eliminado exitosamente,تم حذف المستلم بنجاح,Destinataire supprimé avec succès,प्राप्तकर्ता सफलतापूर्वक हटा दिया गया
My Receiver Recipients,My Receiver Recipients,Mis destinatarios destinatarios,مستلمي المستقبلون,Mes destinataires Destinataires,मेरे प्राप्तकर्ता प्राप्तकर्ता
Receiver recipient save successfully,Receiver recipient save successfully,El destinatario del receptor se guardó correctamente,تم حفظ المتلقي بنجاح,Le destinataire du destinataire a enregistré avec succès,प्राप्तकर्ता प्राप्तकर्ता सफलतापूर्वक सहेजा गया
Successfully get receiver recipient,Successfully get receiver recipient,Obtener con éxito el destinatario del receptor,تم الحصول على المتلقي بنجاح,Obtenir avec succès le destinataire du destinataire,प्राप्तकर्ता को सफलतापूर्वक प्राप्त करें
"Invalid request, receiver recipient not found!","Invalid request, receiver recipient not found!","Solicitud no válida, ¡el destinatario no se encuentra!",طلب غير صالح، لم يتم العثور على المتلقي المتلقي!,"Demande invalide, destinataire destinataire non trouvé !","अवैध अनुरोध, प्राप्तकर्ता नहीं मिला!"
Receiver recipient updated successfully,Receiver recipient updated successfully,El destinatario del receptor se actualizó correctamente,تم تحديث جهاز الاستقبال بنجاح,Le destinataire du destinataire a été mis à jour avec succès,प्राप्तकर्ता का नाम सफलतापूर्वक अपडेट किया गया
Successfully got sender recipient,Successfully got sender recipient,Se obtuvo exitosamente el remitente y el destinatario,تم الحصول على المرسل المتلقي بنجاح,L'expéditeur et le destinataire ont été obtenus avec succès,प्रेषक प्राप्तकर्ता सफलतापूर्वक प्राप्त हुआ
Successfully got receiver recipient,Successfully got receiver recipient,Se obtuvo exitosamente el destinatario del receptor,تم الحصول على جهاز الاستقبال بنجاح,Le destinataire a été obtenu avec succès,प्राप्तकर्ता सफलतापूर्वक प्राप्त हुआ
Receiver Recipient is invalid,Receiver Recipient is invalid,Receptor El destinatario no es válido,المتلقي المتلقي غير صالح,Destinataire Le destinataire n'est pas valide,प्राप्तकर्ता प्राप्तकर्ता अमान्य है
"Sorry, Receiver wallet not found","Sorry, Receiver wallet not found","Lo sentimos, no se encontró la billetera del receptor",عذرا، لم يتم العثور على محفظة المستلم,"Désolé, le portefeuille du destinataire est introuvable","क्षमा करें, प्राप्तकर्ता वॉलेट नहीं मिला"
Google 2FA Updated Successfully,Google 2FA Updated Successfully,Google 2FA se actualizó correctamente,تم تحديث Google 2FA بنجاح,Google 2FA mis à jour avec succès,Google 2FA सफलतापूर्वक अपडेट किया गया
Can't transfer money to your own,Can't transfer money to your own,No se puede transferir dinero a su cuenta,لا يمكن تحويل الأموال إلى حسابك الخاص,Impossible de transférer de l'argent sur votre propre compte,अपने खाते में धन हस्तांतरित नहीं कर सकते
Agent Dashboard,Agent Dashboard,Panel de control del agente,لوحة معلومات الوكيل,Tableau de bord de l'agent,एजेंट डैशबोर्ड
Agent Profile,Agent Profile,Perfil del agente,الملف الشخصي للوكيل,Profil de l'agent,एजेंट प्रोफ़ाइल
Agent Notifications,Agent Notifications,Notificaciones del agente,إشعارات الوكيل,Notifications des agents,एजेंट सूचनाएं
Can't money out to your own,Can't money out to your own,¿No puedes retirar tu dinero a tu propio ritmo?,لا يمكن تحويل الأموال إلى حسابك الخاص,Vous ne pouvez pas retirer votre argent de votre poche,अपने लिए पैसा नहीं निकाल सकते
Money Out Successful,Money Out Successful,Salida de dinero exitosa,تم سحب الأموال بنجاح,Sortie d'argent réussie,पैसा निकालना सफल
Valid agent for transaction,Valid agent for transaction,Agente válido para la transacción,وكيل صالح للمعاملات,Agent valide pour la transaction,लेन-देन के लिए वैध एजेंट
Profitable Logs,Profitable Logs,Registros rentables,سجلات مربحة,Journaux rentables,लाभदायक लॉग
PayLink Api,PayLink Api,API de PayLink,واجهة برمجة تطبيقات PayLink,API PayLink,पेलिंक एपीआई
Remitance,Remitance,Remesa,التحويلات المالية,Transfert de fonds,प्रेषण
Bank Deposits,Bank Deposits,Depósitos bancarios,الودائع المصرفية,Dépôts bancaires,बैंक जमा
Cash Pickups,Cash Pickups,Recogida de efectivo,استلام النقود,Retrait d'espèces,नकद पिकअप
Bill Pay Logs,Bill Pay Logs,Registros de pago de facturas,سجلات دفع الفواتير,Journaux de paiement des factures,बिल भुगतान लॉग
All Link,All Link,Todos los enlaces,جميع الروابط,Tous les liens,सभी लिंक
Active Link,Active Link,Enlace activo,رابط نشط,Lien actif,सक्रिय लिंक
Closed Link,Closed Link,Enlace cerrado,رابط مغلق,Lien fermé,बंद लिंक
Profit Logs,Profit Logs,Registros de ganancias,سجلات الأرباح,Journaux de bénéfices,लाभ लॉग
All Profits,All Profits,Todas las ganancias,جميع الأرباح,Tous les bénéfices,सभी लाभ
Setup Module,Setup Module,Módulo de configuración,وحدة الإعداد,Module de configuration,सेटअप मॉड्यूल
Auth Section,Auth Section,Sección de autorización,قسم المصادقة,Section d'authentification,प्राधिकरण अनुभाग
APP Section,APP Section,Sección APP,قسم التطبيقات,Section APP,एपीपी अनुभाग
Security Section,Security Section,Sección de Seguridad,قسم الأمن,Section de sécurité,सुरक्षा अनुभाग
Overview Section,Overview Section,Sección de descripción general,قسم النظرة العامة,Section Aperçu,अवलोकन अनुभाग
Why Choose Us,Why Choose Us,¿Por qué elegirnos?,لماذا تختارنا؟,Pourquoi nous choisir,हमें क्यों चुनें
Brand Section,Brand Section,Sección de marca,قسم العلامة التجارية,Section Marque,ब्रांड अनुभाग
Merchant Section,Merchant Section,Sección de Comerciantes,قسم التجار,Section Marchand,व्यापारी अनुभाग
Merchant App,Merchant App,Aplicación para comerciantes,تطبيق التاجر,Application marchande,व्यापारी ऐप
Developer Intro,Developer Intro,Introducción para desarrolladores,مقدمة المطور,Présentation du développeur,डेवलपर परिचय
Developer FAQ,Developer FAQ,Preguntas frecuentes para desarrolladores,الأسئلة الشائعة للمطورين,FAQ pour les développeurs,डेवलपर FAQ
Useful LInks,Useful LInks,Enlaces útiles,روابط مفيدة,Liens utiles,उपयोगी कड़ियां
Contact Messages,Contact Messages,Mensajes de contacto,رسائل الاتصال,Messages de contact,संपर्क संदेश
Add Money Balance,Add Money Balance,Agregar saldo de dinero,إضافة رصيد المال,Ajouter un solde d'argent,धन शेष जोड़ें
Money Out Balance,Money Out Balance,Saldo de dinero saliente,رصيد النقد الخارج,Solde des sorties d'argent,धन निकासी शेष
This Month,This Month,Este mes,هذا الشهر,Ce mois-ci,इस महीने
Last Month,Last Month,Mes pasado,الشهر الماضي,Mois dernier,पिछला महीना
Total Profit,Total Profit,Beneficio total,إجمالي الربح,Bénéfice total,कुल लाभ
Completed,Completed,Terminado,مكتمل,Complété,पुरा होना।
Pending,Pending,Pendiente,قيد الانتظار,En attente,लंबित
Inactive,Inactive,Inactivo,غير نشط,Inactif,निष्क्रिय
Remittance Balance,Remittance Balance,Saldo de remesas,رصيد التحويلات,Solde des transferts de fonds,प्रेषण शेष
Unverified,Unverified,Inconfirmado,غير مُتحقق,Non vérifié,असत्यापित
Total Users,Total Users,Total de usuarios,إجمالي المستخدمين,Nombre total d'utilisateurs,कुल उपयोगकर्ता
Total Merchants,Total Merchants,Comerciantes totales,إجمالي التجار,Total des marchands,कुल व्यापारी
Total Supports Tickets,Total Supports Tickets,Total de tickets de apoyo,إجمالي تذاكر الدعم,Tickets de support total,कुल समर्थन टिकट
Flutterwave Balance,Flutterwave Balance,Equilibrio de Flutterwave,توازن Flutterwave,Équilibre Flutterwave,फ़्लटरवेव बैलेंस
Stripe Issuing Balance,Stripe Issuing Balance,Saldo emisor de Stripe,رصيد إصدار الشريط,Solde d'émission Stripe,स्ट्राइप जारी करने वाला बैलेंस
Sudo Balance,Sudo Balance,Saldo de Sudo,توازن سودو,Sudo Balance,सुडो बैलेंस
Strowallet Balance,Strowallet Balance,Equilibrio de la carretilla,رصيد المحفظة,Solde du portefeuille Strowallet,स्ट्रोवॉलेट बैलेंस
LIVE TIME SUPERADMIN PROFITS BALANCE,LIVE TIME SUPERADMIN PROFITS BALANCE,SALDO DE GANANCIAS DEL SUPERADMINISTRADOR EN TIEMPO VIVO,رصيد أرباح المشرف المتميز في الوقت المباشر,SOLDE DES PROFITS SUPERADMIN EN TEMPS RÉEL,लाइव टाइम सुपरएडमिन लाभ शेष
Monthly Add Money Chart,Monthly Add Money Chart,Tabla de adición de dinero mensual,مخطط إضافة الأموال شهريًا,Tableau des ajouts mensuels d'argent,मासिक धन जोड़ें चार्ट
View,View,Vista,منظر,Voir,देखना
Monthly Virtual Card Chart,Monthly Virtual Card Chart,Tabla mensual de tarjetas virtuales,مخطط البطاقة الافتراضية الشهري,Tableau mensuel des cartes virtuelles,मासिक वर्चुअल कार्ड चार्ट
User Analytics,User Analytics,Análisis de usuarios,تحليلات المستخدم,Analyse des utilisateurs,उपयोगकर्ता विश्लेषिकी
View Users,View Users,Ver usuarios,عرض المستخدمين,Afficher les utilisateurs,उपयोगकर्ता देखें
Merchant Analytics,Merchant Analytics,Análisis de comerciantes,تحليلات التجار,Analyse des marchands,व्यापारी विश्लेषिकी
View Merchants,View Merchants,Ver comerciantes,عرض التجار,Voir les marchands,व्यापारियों को देखें
Latest Add Money,Latest Add Money,Último dinero añadido,أحدث إضافة أموال,Dernier ajout d'argent,नवीनतम धन जोड़ें
success,Success,Éxito,نجاح,Succès,सफलता
Successfully updated password. Please login,Successfully updated password. Please login,Contraseña actualizada correctamente. Inicia sesión.,تم تحديث كلمة المرور بنجاح. يُرجى تسجيل الدخول.,Mot de passe mis à jour avec succès. Veuillez vous connecter.,पासवर्ड सफलतापूर्वक अपडेट किया गया। कृपया लॉगिन करें
Complete Logs,Complete Logs,Registros completos,السجلات الكاملة,Journaux complets,पूर्ण लॉग
Add money details for,Add money details for,Agregar detalles de dinero para,أضف تفاصيل الأموال لـ,Ajouter des détails financiers pour,इसके लिए धन विवरण जोड़ें
Add Money request approved successfully,Add Money request approved successfully,Solicitud de agregar dinero aprobada exitosamente,تمت الموافقة على طلب إضافة الأموال بنجاح,Demande d'ajout d'argent approuvée avec succès,धन जोड़ने का अनुरोध सफलतापूर्वक स्वीकृत हुआ
Add Money request rejected successfully,Add Money request rejected successfully,Solicitud de agregar dinero rechazada exitosamente,تم رفض طلب إضافة الأموال بنجاح,Demande d'ajout d'argent rejetée avec succès,धन जोड़ने का अनुरोध सफलतापूर्वक अस्वीकार कर दिया गया
error,error,error,خطأ,erreur,गलती
Ops! Failed to send mail. Please recheck your mail credentials or reconfigure mail,Ops! Failed to send mail. Please recheck your mail credentials or reconfigure mail,"¡Uy! Error al enviar el correo. Por favor, vuelva a verificar sus credenciales de correo o reconfigure el correo.",يا للأسف! فشل إرسال البريد. يُرجى إعادة التحقق من بيانات اعتماد بريدك الإلكتروني أو إعادة ضبط إعداداته.,Oups ! Échec de l'envoi du mail. Veuillez revérifier vos identifiants de messagerie ou reconfigurer votre messagerie.,ओह! मेल भेजने में विफल। कृपया अपने मेल क्रेडेंशियल दोबारा जांचें या मेल पुनः कॉन्फ़िगर करें
Email send successfully!,Email send successfully!,¡El correo electrónico se envió exitosamente!,تم إرسال البريد الإلكتروني بنجاح!,L'e-mail a été envoyé avec succès !,ईमेल सफलतापूर्वक भेजा गया!
Role assign failed!,Role assign failed!,¡Error en la asignación de rol!,فشل تعيين الدور!,L'attribution des rôles a échoué !,भूमिका असाइन करना विफल!
New admin created successfully!,New admin created successfully!,¡Nuevo administrador creado exitosamente!,تم إنشاء المشرف الجديد بنجاح!,Nouvel administrateur créé avec succès !,नया एडमिन सफलतापूर्वक बनाया गया!
warning,warning,advertencia,تحذير,avertissement,चेतावनी
Ops! Target admin not found!,Ops! Target admin not found!,¡Ups! ¡Administrador objetivo no encontrado!,اوبس! لم يتم العثور على المسؤول المستهدف!,Oups ! Administrateur cible introuvable !,ओह! लक्ष्य व्यवस्थापक नहीं मिला!
Failed to assign role.,Failed to assign role.,No se pudo asignar el rol.,فشل في تعيين الدور.,Échec de l'attribution du rôle.,भूमिका निर्दिष्ट करने में विफल.
Admin information updated successfully!,Admin information updated successfully!,¡Información de administrador actualizada exitosamente!,تم تحديث معلومات المسؤول بنجاح!,Les informations d'administration ont été mises à jour avec succès !,व्यवस्थापक जानकारी सफलतापूर्वक अद्यतन!
Admin Roles,Admin Roles,Roles de administrador,أدوار المسؤول,Rôles d'administrateur,व्यवस्थापक भूमिकाएँ
Admin not found!,Admin not found!,¡Admin no encontrado!,لم يتم العثور على المسؤول!,Administrateur non trouvé !,व्यवस्थापक नहीं मिला!
Admin status updated successfully!,Admin status updated successfully!,¡El estado de administrador se actualizó correctamente!,تم تحديث حالة المسؤول بنجاح!,Le statut de l'administrateur a été mis à jour avec succès !,व्यवस्थापक स्थिति सफलतापूर्वक अद्यतन!
Admin role created successfully!,Admin role created successfully!,¡El rol de administrador se creó exitosamente!,تم إنشاء دور المسؤول بنجاح!,Rôle d'administrateur créé avec succès !,व्यवस्थापक भूमिका सफलतापूर्वक बनाई गई!
Ops! Target not found!,Ops! Target not found!,¡Ops! ¡Objetivo no encontrado!,اوبس! لم يتم العثور على الهدف!,Oups ! Cible non trouvée !,ओह! लक्ष्य नहीं मिला!
Ops! Target role not found!,Ops! Target role not found!,¡Ops! ¡No se encontró el rol objetivo!,أوبس! لم يتم العثور على الدور المستهدف!,Oups ! Rôle cible introuvable !,ओह! लक्ष्य भूमिका नहीं मिली!
Admin role updated successfully!,Admin role updated successfully!,¡El rol de administrador se actualizó exitosamente!,تم تحديث دور المسؤول بنجاح!,Le rôle d'administrateur a été mis à jour avec succès !,व्यवस्थापक भूमिका सफलतापूर्वक अपडेट की गई!
Super admin role can,Super admin role can,El rol de superadministrador puede,يمكن أن يكون دور المشرف الأعلى,Le rôle de super administrateur peut,सुपर एडमिन की भूमिका
Admin role deleted successfully!,Admin role deleted successfully!,¡El rol de administrador se eliminó exitosamente!,تم حذف دور المسؤول بنجاح!,Le rôle d'administrateur a été supprimé avec succès !,व्यवस्थापक भूमिका सफलतापूर्वक हटा दी गई!
Permission Group,Permission Group,Grupo de permisos,مجموعة الأذونات,Groupe d'autorisations,अनुमति समूह
Permission created successfully!,Permission created successfully!,¡Permiso creado exitosamente!,تم إنشاء الإذن بنجاح!,Permission créée avec succès !,अनुमति सफलतापूर्वक बनाई गई!
Target not found!,Target not found!,¡Objetivo no encontrado!,لم يتم العثور على الهدف!,Cible non trouvée !,लक्ष्य नहीं मिला!
Permission not found!,Permission not found!,¡Permiso no encontrado!,لم يتم العثور على الإذن!,Permission non trouvée !,अनुमति नहीं मिली!
Permission updated successfully!,Permission updated successfully!,¡Permiso actualizado exitosamente!,تم تحديث الإذن بنجاح!,Permission mise à jour avec succès !,अनुमति सफलतापूर्वक अपडेट की गई!
Permission deleted successfully!,Permission deleted successfully!,¡Permiso eliminado exitosamente!,تم حذف الإذن بنجاح!,L'autorisation a été supprimée avec succès !,अनुमति सफलतापूर्वक हटा दी गई!
Role permission not found!,Role permission not found!,¡No se encontró el permiso del rol!,لم يتم العثور على إذن الدور!,Autorisation de rôle non trouvée !,भूमिका अनुमति नहीं मिली!
Permission assign successfully!,Permission assign successfully!,¡Permiso asignado exitosamente!,تم تعيين الإذن بنجاح!,L'autorisation a été attribuée avec succès !,अनुमति सफलतापूर्वक आवंटित!
Admin deleted successfully!,Admin deleted successfully!,¡Administrador eliminado exitosamente!,تم الحذف بواسطة المسؤول بنجاح!,L'administrateur a été supprimé avec succès !,व्यवस्थापक सफलतापूर्वक हटा दिया गया!
Active Agent,Active Agent,Agente activo,العامل النشط,Agent actif,सक्रिय एजेंट
Email Unverified Agents,Email Unverified Agents,Enviar correos electrónicos a agentes no verificados,البريد الإلكتروني للوكلاء غير الموثوقين,Envoyer un e-mail aux agents non vérifiés,असत्यापित एजेंटों को ईमेल करें
KYC Unverified Agents,KYC Unverified Agents,Agentes no verificados de KYC,وكلاء KYC غير المعتمدين,Agents KYC non vérifiés,केवाईसी असत्यापित एजेंट
Agent Details,Agent Details,Detalles del agente,تفاصيل الوكيل,Détails de l'agent,एजेंट विवरण
Ops! Agent not exists,Ops! Agent not exists,¡Ops! El agente no existe,أوبس! العميل غير موجود,Oups ! L'agent n'existe pas,ओह! एजेंट मौजूद नहीं है
Profile Information Updated Successfully!,Profile Information Updated Successfully!,¡Información del perfil actualizada exitosamente!,تم تحديث معلومات الملف الشخصي بنجاح!,Informations de profil mises à jour avec succès !,प्रोफ़ाइल जानकारी सफलतापूर्वक अपडेट की गई!
KYC Profile,KYC Profile,Perfil KYC,ملف KYC,Profil KYC,केवाईसी प्रोफ़ाइल
Agent KYC information not found,Agent KYC information not found,No se encontró información del agente KYC,لم يتم العثور على معلومات KYC الخاصة بالوكيل,Informations KYC de l'agent non trouvées,एजेंट की KYC जानकारी नहीं मिली
Agent KYC successfully approved,Agent KYC successfully approved,El agente KYC fue aprobado exitosamente,تمت الموافقة على وكيل KYC بنجاح,Agent KYC approuvé avec succès,एजेंट KYC सफलतापूर्वक स्वीकृत
Agent doesn,Agent doesn,El agente no,الوكيل لا,Agent non,एजेंट नहीं करता
Agent KYC information is rejected,Agent KYC information is rejected,La información KYC del agente es rechazada,تم رفض معلومات KYC الخاصة بالوكيل,Les informations KYC de l'agent sont rejetées,एजेंट की KYC जानकारी अस्वीकार कर दी गई है
Mail successfully sended,Mail successfully sended,Correo enviado exitosamente,تم إرسال البريد بنجاح,Courrier envoyé avec succès,मेल सफलतापूर्वक भेजा गया
Ops! Agent doesn,Ops! Agent doesn,¡Ops! El agente no,أوبس! العميل لا,Oups ! Agent,ओह! एजेंट नहीं करता
Agent (Web) Panel Does Not Added Yet,Agent (Web) Panel Does Not Added Yet,El panel del agente (web) aún no se ha agregado,لم تتم إضافة لوحة العميل (الويب) بعد,Le panneau Agent (Web) n'a pas encore été ajouté,एजेंट (वेब) पैनल अभी तक नहीं जोड़ा गया है
Agent do not have sufficient balance,Agent do not have sufficient balance,El agente no tiene saldo suficiente,الوكيل ليس لديه رصيد كاف,L'agent n'a pas de solde suffisant,एजेंट के पास पर्याप्त बैलेंस नहीं है
Update Balance,Update Balance,Actualizar saldo,تحديث الرصيد,Mettre à jour le solde,शेष राशि अपडेट करें
Transaction Failed!,Transaction Failed!,¡Transacción fallida!,فشلت المعاملة!,Transaction échouée !,लेन - देन विफल!
Transaction success,Transaction success,éxito de la transacción,نجاح المعاملة,Succès de la transaction,लेनदेन सफल
Onboard Screen Added Successfully!,Onboard Screen Added Successfully!,¡Pantalla incorporada agregada exitosamente!,تمت إضافة الشاشة الموجودة على متن الطائرة بنجاح!,Écran embarqué ajouté avec succès !,ऑनबोर्ड स्क्रीन सफलतापूर्वक जोड़ दी गई!
Onboard screen not found!,Onboard screen not found!,¡No se encontró la pantalla integrada!,لم يتم العثور على الشاشة الموجودة على متن الطائرة!,Écran embarqué non trouvé !,ऑनबोर्ड स्क्रीन नहीं मिली!
Onboard screen status updated successfully!,Onboard screen status updated successfully!,¡El estado de la pantalla a bordo se actualizó correctamente!,تم تحديث حالة الشاشة الموجودة على متن الطائرة بنجاح!,L'état de l'écran embarqué a été mis à jour avec succès !,ऑनबोर्ड स्क्रीन स्थिति सफलतापूर्वक अपडेट की गई!
Onboard screen information updated successfully!,Onboard screen information updated successfully!,¡La información de la pantalla a bordo se actualizó exitosamente!,تم تحديث معلومات الشاشة الموجودة على متن الطائرة بنجاح!,Les informations de l'écran embarqué ont été mises à jour avec succès !,ऑनबोर्ड स्क्रीन जानकारी सफलतापूर्वक अपडेट की गई!
Screen deleted successfully!,Screen deleted successfully!,¡Pantalla eliminada exitosamente!,تم حذف الشاشة بنجاح!,Écran supprimé avec succès !,स्क्रीन सफलतापूर्वक हटा दी गई!
Splash screen updated successfully!,Splash screen updated successfully!,¡La pantalla de bienvenida se actualizó exitosamente!,تم تحديث شاشة البداية بنجاح!,Écran de démarrage mis à jour avec succès !,स्प्लैश स्क्रीन सफलतापूर्वक अपडेट हो गई!
URL settings updated successfully!,URL settings updated successfully!,¡La configuración de URL se actualizó correctamente!,تم تحديث إعدادات URL بنجاح!,Les paramètres d'URL ont été mis à jour avec succès !,URL सेटिंग सफलतापूर्वक अपडेट हो गई!
Broadcast configuration updated successfully!,Broadcast configuration updated successfully!,¡Configuración de transmisión actualizada exitosamente!,تم تحديث تكوين البث بنجاح!,Configuration de diffusion mise à jour avec succès !,प्रसारण कॉन्फ़िगरेशन सफलतापूर्वक अपडेट किया गया!
All Contact Message,All Contact Message,Todos los mensajes de contacto,جميع رسائل الاتصال,Tous les messages de contact,सभी संपर्क संदेश
Contact Message delete successfully!,Contact Message delete successfully!,¡Mensaje de contacto eliminado exitosamente!,تم حذف رسالة الاتصال بنجاح!,Message de contact supprimé avec succès !,संपर्क संदेश सफलतापूर्वक हटा दिया गया!
Cookie information updated successfully!,Cookie information updated successfully!,¡Información de cookies actualizada exitosamente!,تم تحديث معلومات ملفات تعريف الارتباط بنجاح!,Informations sur les cookies mises à jour avec succès !,कुकी जानकारी सफलतापूर्वक अपडेट की गई!
Crypto Assets,Crypto Assets,Activos criptográficos,الأصول المشفرة,Crypto-actifs,क्रिप्टो संपत्तियां
Wallet generated successfully!,Wallet generated successfully!,¡Billetera generada exitosamente!,تم إنشاء المحفظة بنجاح!,Portefeuille généré avec succès !,वॉलेट सफलतापूर्वक तैयार हो गया!
Balance Updated Successfully!,Balance Updated Successfully!,¡Saldo actualizado exitosamente!,تم تحديث الرصيد بنجاح!,Solde mis à jour avec succès !,शेष राशि सफलतापूर्वक अपडेट की गई!
Wallet Added Successfully!,Wallet Added Successfully!,¡Billetera agregada exitosamente!,تمت إضافة المحفظة بنجاح!,Portefeuille ajouté avec succès !,वॉलेट सफलतापूर्वक जोड़ा गया!
Wallet Address Deleted Successfully!,Wallet Address Deleted Successfully!,¡Dirección de billetera eliminada exitosamente!,تم حذف عنوان المحفظة بنجاح!,L'adresse du portefeuille a été supprimée avec succès !,वॉलेट पता सफलतापूर्वक हटा दिया गया!
Wallet Information not found!,Wallet Information not found!,¡No se encontró información de la billetera!,لم يتم العثور على معلومات المحفظة!,Informations sur le portefeuille non trouvées !,वॉलेट जानकारी नहीं मिली!
Wallet Status Changed Successfully!,Wallet Status Changed Successfully!,¡El estado de la billetera se cambió exitosamente!,تم تغيير حالة المحفظة بنجاح!,Le statut du portefeuille a été modifié avec succès !,वॉलेट स्थिति सफलतापूर्वक बदल दी गई!
Crypto Asset Not Found!,Crypto Asset Not Found!,¡Activo criptográfico no encontrado!,لم يتم العثور على الأصول المشفرة!,Actif cryptographique non trouvé !,क्रिप्टो एसेट नहीं मिला!
Default currency make failed! Please try again.,Default currency make failed! Please try again.,¡Error al crear la moneda predeterminada! Inténtalo de nuevo.,فشل إنشاء العملة الافتراضية! يُرجى المحاولة مرة أخرى.,Échec de la création de la devise par défaut ! Veuillez réessayer.,डिफ़ॉल्ट मुद्रा बनाना विफल! कृपया पुनः प्रयास करें।
Currency Saved Successfully!,Currency Saved Successfully!,¡Moneda guardada exitosamente!,تم حفظ العملة بنجاح!,Devise enregistrée avec succès !,मुद्रा सफलतापूर्वक सहेजी गई!
Currency record not found in our system.,Currency record not found in our system.,Registro de moneda no encontrado en nuestro sistema.,لم يتم العثور على سجل العملة في نظامنا.,Enregistrement de devise non trouvé dans notre système.,हमारे सिस्टम में मुद्रा रिकॉर्ड नहीं मिला.
Currency status updated successfully!,Currency status updated successfully!,¡Estado de la moneda actualizado exitosamente!,تم تحديث حالة العملة بنجاح!,Le statut de la devise a été mis à jour avec succès !,मुद्रा स्थिति सफलतापूर्वक अपडेट की गई!
Currency not found!,Currency not found!,¡Moneda no encontrada!,لم يتم العثور على العملة!,Devise non trouvée !,मुद्रा नहीं मिली!
Image file upload failed!,Image file upload failed!,¡Error al cargar el archivo de imagen!,فشل تحميل ملف الصورة!,Le téléchargement du fichier image a échoué !,छवि फ़ाइल अपलोड विफल!
Successfully updated the information.,Successfully updated the information.,La información se actualizó exitosamente.,تم تحديث المعلومات بنجاح.,Les informations ont été mises à jour avec succès.,जानकारी सफलतापूर्वक अद्यतन की गई.
Currency deleted successfully!,Currency deleted successfully!,¡Moneda eliminada exitosamente!,تم حذف العملة بنجاح!,Devise supprimée avec succès !,मुद्रा सफलतापूर्वक हटा दी गई!
Extension has been updated successfully,Extension has been updated successfully,La extensión se ha actualizado correctamente,تم تحديث الامتداد بنجاح,L'extension a été mise à jour avec succès,एक्सटेंशन सफलतापूर्वक अपडेट कर दिया गया है
Extension is not found!,Extension is not found!,¡No se encontró la extensión!,لم يتم العثور على الامتداد!,L'extension n'est pas trouvée !,एक्सटेंशन नहीं मिला!
Extension status is updated successfully!,Extension status is updated successfully!,¡El estado de la extensión se actualizó correctamente!,تم تحديث حالة التمديد بنجاح!,Le statut de l'extension a été mis à jour avec succès !,एक्सटेंशन स्थिति सफलतापूर्वक अपडेट हो गई है!
Stripe Api Key Updated Successful,Stripe Api Key Updated Successful,Clave API de Stripe actualizada correctamente,تم تحديث مفتاح API الخاص بـ Stripe بنجاح,Mise à jour réussie de la clé API Stripe,स्ट्राइप एपीआई कुंजी अपडेट सफलतापूर्वक हुई
Language updated successfully!,Language updated successfully!,¡Idioma actualizado exitosamente!,تم تحديث اللغة بنجاح!,Langue mise à jour avec succès !,भाषा सफलतापूर्वक अपडेट हो गई!
File remove failed!,File remove failed!,¡Error al eliminar el archivo!,فشل إزالة الملف!,La suppression du fichier a échoué !,फ़ाइल हटाना विफल!
Language deleted successfully!,Language deleted successfully!,¡Idioma eliminado exitosamente!,تم حذف اللغة بنجاح!,Langue supprimée avec succès !,भाषा सफलतापूर्वक हटा दी गई!
Please deselect your default language first.,Please deselect your default language first.,Primero deseleccione su idioma predeterminado.,يرجى إلغاء تحديد اللغة الافتراضية الخاصة بك أولاً.,Veuillez d'abord désélectionner votre langue par défaut.,कृपया पहले अपनी डिफ़ॉल्ट भाषा का चयन रद्द करें.
Language status updated successfully!,Language status updated successfully!,¡Estado del idioma actualizado exitosamente!,تم تحديث حالة اللغة بنجاح!,Le statut de la langue a été mis à jour avec succès !,भाषा स्थिति सफलतापूर्वक अपडेट की गई!
Sorry! Language not found!,Sorry! Language not found!,¡Lo siento! ¡No se encontró el idioma!,عذرا! لم يتم العثور على اللغة!,Désolé! Langue non trouvée!,क्षमा करें! भाषा नहीं मिली!
Failed to store new file.,Failed to store new file.,No se pudo almacenar el nuevo archivo.,فشل في تخزين الملف الجديد.,Échec du stockage du nouveau fichier.,नई फ़ाइल संग्रहीत करने में विफल.
Oops! Language not found!,Oops! Language not found!,¡Ups! ¡No se encontró el idioma!,عفواً! لم يتم العثور على اللغة!,Oups ! Langue introuvable !,ओह! भाषा नहीं मिली!
Language switch successfully!,Language switch successfully!,¡Cambio de idioma exitoso!,تم تبديل اللغة بنجاح!,Changement de langue réussi !,भाषा स्विच सफलतापूर्वक!
File does not exists.,File does not exists.,El archivo no existe.,الملف غير موجود.,Le fichier n'existe pas.,फ़ाइल मौजूद नहीं है.
Email Unverified Merchants,Email Unverified Merchants,Enviar correos electrónicos a comerciantes no verificados,البريد الإلكتروني للتجار غير الموثقين,Envoyer un e-mail aux commerçants non vérifiés,असत्यापित व्यापारियों को ईमेल करें
SMS Unverified Merchants,SMS Unverified Merchants,Comerciantes no verificados por SMS,التجار غير المعتمدين عبر الرسائل النصية القصيرة,SMS Marchands non vérifiés,एसएमएस असत्यापित व्यापारी
KYC Unverified Merchants,KYC Unverified Merchants,Comerciantes no verificados con KYC,التجار غير المعتمدين من KYC,Commerçants non vérifiés KYC,केवाईसी असत्यापित व्यापारी
Merchants Details,Merchants Details,Detalles de los comerciantes,تفاصيل التجار,Détails des commerçants,व्यापारियों का विवरण
Oops! Merchant not exists,Oops! Merchant not exists,¡Uy! El comerciante no existe.,عفواً! التاجر غير موجود,Oups ! Le marchand n'existe pas.,उफ़! व्यापारी मौजूद नहीं है
Oops! Merchant doesn,Oops! Merchant doesn,¡Ups! El comerciante no,عفواً! التاجر لا,Oups ! Le marchand ne,उफ़! व्यापारी नहीं
Merchants KYC successfully approved,Merchants KYC successfully approved,KYC para comerciantes aprobado exitosamente,تمت الموافقة على KYC للتجار بنجاح,Les commerçants KYC ont été approuvés avec succès,व्यापारियों का KYC सफलतापूर्वक स्वीकृत हुआ
Merchant doesn,Merchant doesn,El comerciante no,التاجر لا,Le marchand ne,व्यापारी नहीं करता
Merchant KYC information not found,Merchant KYC information not found,No se encontró información KYC del comerciante,لم يتم العثور على معلومات KYC للتاجر,Informations KYC du commerçant introuvables,व्यापारी की KYC जानकारी नहीं मिली
Merchant KYC information is rejected,Merchant KYC information is rejected,La información KYC del comerciante es rechazada,تم رفض معلومات KYC الخاصة بالتاجر,Les informations KYC du commerçant sont rejetées,व्यापारी की KYC जानकारी अस्वीकृत कर दी गई है
Merchant Email Logs,Merchant Email Logs,Registros de correo electrónico del comerciante,سجلات البريد الإلكتروني للتاجر,Journaux de courrier électronique des commerçants,व्यापारी ईमेल लॉग
Login Logs,Login Logs,Registros de inicio de sesión,سجلات تسجيل الدخول,Journaux de connexion,लॉगिन लॉग
Merchant wallet not found!,Merchant wallet not found!,¡No se encontró la billetera del comerciante!,لم يتم العثور على محفظة التاجر!,Portefeuille marchand introuvable !,व्यापारी बटुआ नहीं मिला!
Merchant do not have sufficient balance,Merchant do not have sufficient balance,El comerciante no tiene saldo suficiente,التاجر ليس لديه رصيد كاف,Le commerçant n'a pas de solde suffisant,व्यापारी के पास पर्याप्त शेष राशि नहीं है
Setup Module Settings,Setup Module Settings,Configuración del módulo,إعدادات وحدة الإعداد,Paramètres du module de configuration,सेटअप मॉड्यूल सेटिंग्स
Module not found!,Module not found!,¡Módulo no encontrado!,لم يتم العثور على الوحدة!,Module non trouvé !,मॉड्यूल नहीं मिला!
Module status updated successfully!,Module status updated successfully!,¡El estado del módulo se actualizó correctamente!,تم تحديث حالة الوحدة بنجاح!,Le statut du module a été mis à jour avec succès !,मॉड्यूल स्थिति सफलतापूर्वक अद्यतन!
Money out details for,Money out details for,Detalles de retiro de dinero para,تفاصيل صرف الأموال,Détails des sorties d'argent pour,पैसे निकालने का विवरण
Money Out request approved successfully,Money Out request approved successfully,Solicitud de retiro de dinero aprobada exitosamente,تمت الموافقة على طلب صرف الأموال بنجاح,Demande de retrait d'argent approuvée avec succès,धन निकासी अनुरोध सफलतापूर्वक स्वीकृत हुआ
Money Out request rejected successfully,Money Out request rejected successfully,Solicitud de retiro de dinero rechazada exitosamente,تم رفض طلب سحب الأموال بنجاح,Demande de retrait d'argent rejetée avec succès,पैसे निकालने का अनुरोध सफलतापूर्वक अस्वीकार कर दिया गया
Newsletter Section,Newsletter Section,Sección de boletines informativos,قسم النشرة الإخبارية,Section Newsletter,न्यूज़लेटर अनुभाग
Selected payment newsletter is invalid!,Selected payment newsletter is invalid!,¡El boletín de pago seleccionado no es válido!,نشرة الدفع المحددة غير صالحة!,La newsletter de paiement sélectionnée n'est pas valide !,चयनित भुगतान न्यूज़लेटर अमान्य है!
Newsletter deleted successfully!,Newsletter deleted successfully!,¡Boletín eliminado exitosamente!,تم حذف النشرة الإخبارية بنجاح!,Newsletter supprimée avec succès !,न्यूज़लेटर सफलतापूर्वक हटा दिया गया!
Payment gateway currency not found!,Payment gateway currency not found!,¡No se encontró la moneda de la pasarela de pago!,لم يتم العثور على عملة بوابة الدفع!,Devise de la passerelle de paiement non trouvée !,भुगतान गेटवे मुद्रा नहीं मिली!
Payment gateway currency deleted successfully!,Payment gateway currency deleted successfully!,¡La moneda de la pasarela de pago se eliminó correctamente!,تم حذف عملة بوابة الدفع بنجاح!,La devise de la passerelle de paiement a été supprimée avec succès !,भुगतान गेटवे मुद्रा सफलतापूर्वक हटा दी गई!
Automatic Add Money,Automatic Add Money,Añadir dinero automáticamente,إضافة الأموال تلقائيًا,Ajout automatique d'argent,स्वचालित रूप से धन जोड़ें
Manual Add Money,Manual Add Money,Agregar dinero manualmente,إضافة الأموال يدويًا,Ajout manuel d'argent,मैन्युअल रूप से पैसा जोड़ें
Automatic Money Out,Automatic Money Out,Retiro automático de dinero,صرف الأموال تلقائيًا,Retrait automatique d'argent,स्वचालित धन निकासी
Manual Add Money Edit,Manual Add Money Edit,Agregar dinero manualmente y editar,تعديل إضافة الأموال يدويًا,Modification manuelle de l'ajout d'argent,मैन्युअल रूप से पैसे जोड़ें संपादित करें
Money Out Edit,Money Out Edit,Dinero fuera Editar,تحرير الأموال الخارجة,Édition de sortie d'argent,पैसा बाहर संपादित करें
Payment gateway added successfully!,Payment gateway added successfully!,¡Pasarela de pago agregada exitosamente!,تمت إضافة بوابة الدفع بنجاح!,La passerelle de paiement a été ajoutée avec succès !,भुगतान गेटवे सफलतापूर्वक जोड़ा गया!
Payment gateway status updated successfully!,Payment gateway status updated successfully!,¡El estado de la pasarela de pago se actualizó correctamente!,تم تحديث حالة بوابة الدفع بنجاح!,Le statut de la passerelle de paiement a été mis à jour avec succès !,भुगतान गेटवे स्थिति सफलतापूर्वक अपडेट की गई!
Selected payment gateway is invalid!,Selected payment gateway is invalid!,¡El portal de pago seleccionado no es válido!,بوابة الدفع المحددة غير صالحة!,La passerelle de paiement sélectionnée n'est pas valide !,चयनित भुगतान गेटवे अमान्य है!
Information updated successfully!,Information updated successfully!,¡Información actualizada exitosamente!,تم تحديث المعلومات بنجاح!,Informations mises à jour avec succès !,जानकारी सफलतापूर्वक अपडेट की गई!
Image upload failed! Please try again.,Image upload failed! Please try again.,¡Error al cargar la imagen! Inténtalo de nuevo.,فشل تحميل الصورة! يُرجى المحاولة مرة أخرى.,Échec du téléchargement de l'image ! Veuillez réessayer.,चित्र अपलोड विफल! कृपया पुनः प्रयास करें।
Oops! Payment gateway not found!,Oops! Payment gateway not found!,¡Ups! ¡No se encontró la pasarela de pago!,عفواً! لم يتم العثور على بوابة الدفع!,Oups ! Passerelle de paiement introuvable !,ओह! भुगतान गेटवे नहीं मिला!
Money Out Add,Money Out Add,Saldo de dinero Agregar,إضافة أموال خارجة,Ajouter de l'argent en sortie,पैसा बाहर जोड़ें
The gateway name has already been taken.,The gateway name has already been taken.,El nombre de la puerta de enlace ya está tomado.,لقد تم أخذ اسم البوابة بالفعل.,Le nom de la passerelle a déjà été pris.,गेटवे का नाम पहले ही ले लिया गया है।
Payment gateway deleted successfully!,Payment gateway deleted successfully!,¡La pasarela de pago se eliminó correctamente!,تم حذف بوابة الدفع بنجاح!,La passerelle de paiement a été supprimée avec succès !,भुगतान गेटवे सफलतापूर्वक हटा दिया गया!
Payment Link details,Payment Link details,Detalles del enlace de pago,تفاصيل رابط الدفع,Détails du lien de paiement,भुगतान लिंक विवरण
Password updated successfully!,Password updated successfully!,¡Contraseña actualizada exitosamente!,تم تحديث كلمة المرور بنجاح!,Mot de passe mis à jour avec succès !,पासवर्ड सफलतापूर्वक अद्यतन!
All Profits Logs,All Profits Logs,Todos los registros de ganancias,جميع سجلات الأرباح,Tous les journaux de bénéfices,सभी लाभ लॉग
Oops! Basic settings not found!,Oops! Basic settings not found!,¡Ups! ¡No se encontraron los ajustes básicos!,عفواً! لم يتم العثور على الإعدادات الأساسية!,Oups ! Paramètres de base introuvables !,ओह! बुनियादी सेटिंग्स नहीं मिलीं!
Sorry! You have to configure first to send push notification.,Sorry! You have to configure first to send push notification.,Lo sentimos. Primero debes configurar el envío de notificaciones push.,عذراً! يجب عليك أولاً إعداد الجهاز لإرسال إشعارات الدفع.,Désolé ! Vous devez d'abord configurer pour envoyer une notification push.,क्षमा करें! आपको पुश सूचना भेजने के लिए पहले कॉन्फ़िगर करना होगा।
Please configure your push notification with valid credentials.,Please configure your push notification with valid credentials.,Configure su notificación push con credenciales válidas.,يرجى تكوين إشعار الدفع الخاص بك باستخدام بيانات اعتماد صالحة.,Veuillez configurer votre notification push avec des informations d'identification valides.,कृपया अपनी पुश अधिसूचना को मान्य क्रेडेंशियल्स के साथ कॉन्फ़िगर करें।
Oops! Failed to store information.,Oops! Failed to store information.,¡Ups! Error al almacenar la información.,عفواً! فشل تخزين المعلومات.,Oups ! Impossible de stocker les informations.,ओह! जानकारी संग्रहीत करने में विफल.
Notification sended successfully!,Notification sended successfully!,¡Notificación enviada exitosamente!,تم إرسال الإشعار بنجاح!,Notification envoyée avec succès !,अधिसूचना सफलतापूर्वक भेज दी गई!
Oops! Basic setting not found!,Oops! Basic setting not found!,¡Ups! ¡No se encontró la configuración básica!,عفواً! لم يتم العثور على الإعداد الأساسي!,Oups ! Paramètre de base introuvable !,ओह! मूल सेटिंग नहीं मिली!
Push notification configuration updated successfully!,Push notification configuration updated successfully!,¡La configuración de notificaciones push se actualizó exitosamente!,تم تحديث تكوين إشعار الدفع بنجاح!,La configuration des notifications push a été mise à jour avec succès !,पुश अधिसूचना कॉन्फ़िगरेशन सफलतापूर्वक अपडेट किया गया!
Receiver Countries,Receiver Countries,Países receptores,الدول المستقبلة,Pays destinataires,प्राप्तकर्ता देश
Country Saved Successfully!,Country Saved Successfully!,¡País guardado exitosamente!,تم حفظ البلد بنجاح!,Pays enregistré avec succès !,देश सफलतापूर्वक बचाया गया!
Country not found!,Country not found!,¡País no encontrado!,لم يتم العثور على البلد!,Pays non trouvé !,देश नहीं मिला!
Country deleted successfully!,Country deleted successfully!,¡País eliminado exitosamente!,تم حذف الدولة بنجاح!,Pays supprimé avec succès !,देश सफलतापूर्वक हटा दिया गया!
Country record not found in our system.,Country record not found in our system.,Registro de país no encontrado en nuestro sistema.,لم يتم العثور على سجل الدولة في نظامنا.,Enregistrement de pays non trouvé dans notre système.,हमारे सिस्टम में देश का रिकॉर्ड नहीं मिला.
Country status updated successfully!,Country status updated successfully!,¡El estado del país se actualizó exitosamente!,تم تحديث حالة البلد بنجاح!,Le statut du pays a été mis à jour avec succès !,देश की स्थिति सफलतापूर्वक अपडेट की गई!
Bank Deposit Type,Bank Deposit Type,Tipo de depósito bancario,نوع الوديعة البنكية,Type de dépôt bancaire,बैंक जमा प्रकार
Bank Already Exists!,Bank Already Exists!,¡El banco ya existe!,البنك موجود بالفعل!,La banque existe déjà !,बैंक पहले से ही मौजूद है!
Bank Saved Successfully!,Bank Saved Successfully!,¡Banco guardado exitosamente!,تم حفظ البنك بنجاح!,La banque a été sauvegardée avec succès !,बैंक सफलतापूर्वक सहेजा गया!
Bank Updated Successfully!,Bank Updated Successfully!,¡Banco actualizado exitosamente!,تم تحديث البنك بنجاح!,Banque mise à jour avec succès !,बैंक सफलतापूर्वक अपडेट हो गया!
Bank record not found in our system.,Bank record not found in our system.,Registro bancario no encontrado en nuestro sistema.,لم يتم العثور على سجل البنك في نظامنا.,Aucun relevé bancaire trouvé dans notre système.,हमारे सिस्टम में बैंक रिकॉर्ड नहीं मिला।
Bank status updated successfully!,Bank status updated successfully!,¡Estado del banco actualizado exitosamente!,تم تحديث حالة البنك بنجاح!,Le statut de la banque a été mis à jour avec succès !,बैंक स्थिति सफलतापूर्वक अपडेट हो गई!
Bank deleted successfully!,Bank deleted successfully!,¡Banco eliminado exitosamente!,تم حذف البنك بنجاح!,La banque a été supprimée avec succès !,बैंक सफलतापूर्वक हटा दिया गया!
Cash Pickup Already Exists!,Cash Pickup Already Exists!,¡El retiro de efectivo ya existe!,خدمة استلام النقود موجودة بالفعل!,Le retrait d'espèces existe déjà !,नकद पिकअप पहले से ही मौजूद है!
Cash Pickup Saved Successfully!,Cash Pickup Saved Successfully!,¡Recogida de efectivo guardada exitosamente!,تم حفظ استلام النقود بنجاح!,Le retrait d'argent a été enregistré avec succès !,नकद पिकअप सफलतापूर्वक सहेजा गया!
Cash Pickup Updated Successfully!,Cash Pickup Updated Successfully!,¡Recogida de efectivo actualizada exitosamente!,تم تحديث استلام النقود بنجاح!,Retrait d'espèces mis à jour avec succès !,नकद पिकअप सफलतापूर्वक अपडेट किया गया!
Cash Pickup record not found in our system.,Cash Pickup record not found in our system.,Registro de retiro de efectivo no encontrado en nuestro sistema.,لم يتم العثور على سجل استلام النقود في نظامنا.,Aucun enregistrement de retrait d'argent n'a été trouvé dans notre système.,हमारे सिस्टम में कैश पिकअप रिकॉर्ड नहीं मिला।
Cash Pickup deleted successfully!,Cash Pickup deleted successfully!,¡Recogida de efectivo eliminada exitosamente!,تم حذف استلام النقود بنجاح!,Cash Pickup supprimé avec succès !,कैश पिकअप सफलतापूर्वक हटा दिया गया!
Remittance details for,Remittance details for,Detalles de la remesa para,تفاصيل التحويل المالي لـ,Détails de remise pour,प्रेषण विवरण
Remittance request approved successfully,Remittance request approved successfully,Solicitud de remesa aprobada exitosamente,تمت الموافقة على طلب التحويل بنجاح,Demande de versement approuvée avec succès,धन प्रेषण अनुरोध सफलतापूर्वक स्वीकृत हुआ
Remittance request rejected successfully,Remittance request rejected successfully,Solicitud de remesa rechazada exitosamente,تم رفض طلب التحويل بنجاح,Demande de versement rejetée avec succès,धन प्रेषण अनुरोध सफलतापूर्वक अस्वीकृत कर दिया गया
Server Information,Server Information,Información del servidor,معلومات الخادم,Informations sur le serveur,सर्वर जानकारी
Bill Pay Category,Bill Pay Category,Categoría de pago de facturas,فئة دفع الفواتير,Catégorie de paiement de factures,बिल भुगतान श्रेणी
Category Already Exists!,Category Already Exists!,¡La categoría ya existe!,الفئة موجودة بالفعل!,La catégorie existe déjà !,श्रेणी पहले से मौजूद है!
Category Saved Successfully!,Category Saved Successfully!,¡Categoría guardada exitosamente!,تم حفظ الفئة بنجاح!,Catégorie enregistrée avec succès !,श्रेणी सफलतापूर्वक सहेजी गई!
Category Updated Successfully!,Category Updated Successfully!,¡Categoría actualizada exitosamente!,تم تحديث الفئة بنجاح!,Catégorie mise à jour avec succès !,श्रेणी सफलतापूर्वक अपडेट की गई!
Category record not found in our system.,Category record not found in our system.,Registro de categoría no encontrado en nuestro sistema.,لم يتم العثور على سجل الفئة في نظامنا.,Enregistrement de catégorie non trouvé dans notre système.,हमारे सिस्टम में श्रेणी रिकॉर्ड नहीं मिला.
Category status updated successfully!,Category status updated successfully!,¡Estado de la categoría actualizado exitosamente!,تم تحديث حالة الفئة بنجاح!,Le statut de la catégorie a été mis à jour avec succès !,श्रेणी स्थिति सफलतापूर्वक अपडेट की गई!
Category deleted successfully!,Category deleted successfully!,¡Categoría eliminada exitosamente!,تم حذف الفئة بنجاح!,Catégorie supprimée avec succès !,श्रेणी सफलतापूर्वक हटा दी गई!
Bill Pay details for,Bill Pay details for,Detalles de pago de facturas para,تفاصيل دفع الفاتورة لـ,Détails de paiement de facture pour,बिल भुगतान विवरण
Bill Pay request approved successfully,Bill Pay request approved successfully,Solicitud de pago de facturas aprobada exitosamente,تمت الموافقة على طلب دفع الفاتورة بنجاح,Demande de paiement de facture approuvée avec succès,बिल भुगतान अनुरोध सफलतापूर्वक स्वीकृत हुआ
Bill Pay request rejected successfully,Bill Pay request rejected successfully,Solicitud de pago de facturas rechazada exitosamente,تم رفض طلب دفع الفاتورة بنجاح,Demande de paiement de facture rejetée avec succès,बिल भुगतान अनुरोध सफलतापूर्वक अस्वीकृत कर दिया गया
Default Template,Default Template,Plantilla predeterminada,القالب الافتراضي,Modèle par défaut,डिफ़ॉल्ट टेम्पलेट
Basic settings not found!,Basic settings not found!,¡No se encontraron configuraciones básicas!,لم يتم العثور على الإعدادات الأساسية!,Paramètres de base non trouvés !,बुनियादी सेटिंग्स नहीं मिलीं!
Invalid KYC or KYC not found!,Invalid KYC or KYC not found!,¡KYC no válido o KYC no encontrado!,KYC غير صالح أو لم يتم العثور على KYC!,KYC invalide ou KYC non trouvé !,अमान्य KYC या KYC नहीं मिला!
KYC status updated successfully!,KYC status updated successfully!,¡Estado KYC actualizado exitosamente!,تم تحديث حالة KYC بنجاح!,Le statut KYC a été mis à jour avec succès !,केवाईसी स्थिति सफलतापूर्वक अपडेट हो गई!
Mobile Topup details for,Mobile Topup details for,Detalles de recarga móvil para,تفاصيل شحن الهاتف المحمول,Détails de recharge mobile pour,मोबाइल टॉपअप विवरण
Mobile topup request rejected successfully,Mobile topup request rejected successfully,Solicitud de recarga móvil rechazada exitosamente,تم رفض طلب شحن الهاتف المحمول بنجاح,Demande de recharge mobile rejetée avec succès,मोबाइल टॉपअप अनुरोध सफलतापूर्वक अस्वीकृत
Page not found!,Page not found!,¡Página no encontrada!,لم يتم العثور على الصفحة!,Page non trouvée !,पृष्ठ नहीं मिला!
Setup Page status updated successfully!,Setup Page status updated successfully!,¡El estado de la página de configuración se actualizó correctamente!,تم تحديث حالة صفحة الإعداد بنجاح!,L'état de la page de configuration a été mis à jour avec succès !,सेटअप पृष्ठ स्थिति सफलतापूर्वक अपडेट हो गई!
Section updated successfully!,Section updated successfully!,¡Sección actualizada exitosamente!,تم تحديث القسم بنجاح!,Section mise à jour avec succès !,अनुभाग सफलतापूर्वक अद्यतन किया गया!
Merchant App Section,Merchant App Section,Sección de la aplicación para comerciantes,قسم تطبيقات التاجر,Section de l'application marchande,व्यापारी ऐप अनुभाग
Section item added successfully,Section item added successfully,Elemento de sección añadido correctamente,تمت إضافة عنصر القسم بنجاح,Élément de section ajouté avec succès,अनुभाग आइटम सफलतापूर्वक जोड़ा गया
Section not found!,Section not found!,¡Sección no encontrada!,لم يتم العثور على القسم!,Section non trouvée !,अनुभाग नहीं मिला!
Section item not found!,Section item not found!,¡Elemento de sección no encontrado!,لم يتم العثور على عنصر القسم!,Élément de section non trouvé !,अनुभाग आइटम नहीं मिला!
Section item delete successfully!,Section item delete successfully!,¡El elemento de sección se ha eliminado correctamente!,تم حذف عنصر القسم بنجاح!,L'élément de section a été supprimé avec succès !,अनुभाग आइटम सफलतापूर्वक हटा दिया गया!
Developer Introduction,Developer Introduction,Introducción para desarrolladores,مقدمة المطور,Présentation du développeur,डेवलपर परिचय
Banner Floating Section,Banner Floating Section,Sección flotante de pancartas,قسم اللافتات العائمة,Section flottante de bannière,बैनर फ़्लोटिंग अनुभाग
Works Section,Works Section,Sección de Obras,قسم الأعمال,Section Travaux,कार्य अनुभाग
Item added successfully!,Item added successfully!,¡Artículo añadido exitosamente!,تمت إضافة العنصر بنجاح!,Article ajouté avec succès !,आइटम सफलतापूर्वक जोड़ा गया!
Why Choose Us Section,Why Choose Us Section,Sección ¿Por qué elegirnos?,لماذا تختارنا القسم,Section Pourquoi nous choisir,हमें क्यों चुनें अनुभाग
Item delete successfully!,Item delete successfully!,¡El artículo se eliminó exitosamente!,تم حذف العنصر بنجاح!,L'élément a été supprimé avec succès !,आइटम सफलतापूर्वक हटा दिया गया!
Developer FAQ Section,Developer FAQ Section,Sección de preguntas frecuentes para desarrolladores,قسم الأسئلة الشائعة للمطورين,Section FAQ pour les développeurs,डेवलपर FAQ अनुभाग
Testimonial Section,Testimonial Section,Sección de testimonios,قسم الشهادات,Section Témoignages,प्रशंसापत्र अनुभाग
Setup Blog Category,Setup Blog Category,Categoría del blog de configuración,إعداد فئة المدونة,Catégorie de blog de configuration,ब्लॉग श्रेणी सेटअप करें
Blog item added successfully!,Blog item added successfully!,¡Elemento del blog añadido exitosamente!,تمت إضافة عنصر المدونة بنجاح!,L'élément de blog a été ajouté avec succès !,ब्लॉग आइटम सफलतापूर्वक जोड़ा गया!
Blog item updated successfully!,Blog item updated successfully!,¡El artículo del blog se actualizó exitosamente!,تم تحديث عنصر المدونة بنجاح!,Article de blog mis à jour avec succès !,ब्लॉग आइटम सफलतापूर्वक अपडेट किया गया!
BLog delete successfully!,BLog delete successfully!,¡BLog eliminado exitosamente!,تم حذف المدونة بنجاح!,BLog supprimé avec succès !,ब्लॉग सफलतापूर्वक हटा दिया गया!
Blog record not found in our system.,Blog record not found in our system.,No se encontró el registro del blog en nuestro sistema.,لم يتم العثور على سجل المدونة في نظامنا.,Enregistrement de blog non trouvé dans notre système.,हमारे सिस्टम में ब्लॉग रिकॉर्ड नहीं मिला.
Blog status updated successfully!,Blog status updated successfully!,¡Estado del blog actualizado exitosamente!,تم تحديث حالة المدونة بنجاح!,Le statut du blog a été mis à jour avec succès !,ब्लॉग स्थिति सफलतापूर्वक अपडेट की गई!
All Ticket,All Ticket,Todas las entradas,جميع التذاكر,Tous les billets,सभी टिकट
Pending Ticket,Pending Ticket,Ticket pendiente,تذكرة معلقة,Ticket en attente,लंबित टिकट
Active Ticket,Active Ticket,Ticket activo,تذكرة نشطة,Ticket actif,सक्रिय टिकट
Solved Ticket,Solved Ticket,Ticket resuelto,تذكرة محلولة,Ticket résolu,हल किया गया टिकट
Support Chat,Support Chat,Chat de soporte,دردشة الدعم,Chat d'assistance,सहायता चैट
This support ticket is closed.,This support ticket is closed.,Este ticket de soporte está cerrado.,تم إغلاق تذكرة الدعم هذه.,Ce ticket d'assistance est fermé.,यह समर्थन टिकट बंद है.
Failed to change status to active!,Failed to change status to active!,¡No se pudo cambiar el estado a activo!,فشل في تغيير الحالة إلى نشطة!,Impossible de changer le statut en actif !,स्थिति को सक्रिय में बदलने में विफल!
This ticket is already solved!,This ticket is already solved!,¡Este ticket ya está resuelto!,تم حل هذه التذكرة بالفعل!,Ce ticket est déjà résolu !,यह टिकट पहले ही हल हो चुका है!
Transaction charge not found!,Transaction charge not found!,¡Cargo por transacción no encontrado!,لم يتم العثور على رسوم المعاملة!,Frais de transaction non trouvés !,लेन-देन शुल्क नहीं मिला!
Charge Updated Successfully!,Charge Updated Successfully!,¡Cargo actualizado exitosamente!,تم تحديث الرسوم بنجاح!,Charge mise à jour avec succès !,चार्ज सफलतापूर्वक अपडेट किया गया!
Page added successfully!,Page added successfully!,¡Página agregada exitosamente!,تمت إضافة الصفحة بنجاح!,Page ajoutée avec succès !,पृष्ठ सफलतापूर्वक जोड़ा गया!
Page updated successfully!,Page updated successfully!,¡Página actualizada exitosamente!,تم تحديث الصفحة بنجاح!,Page mise à jour avec succès !,पृष्ठ सफलतापूर्वक अपडेट किया गया!
Page record not found in our system.,Page record not found in our system.,Registro de página no encontrado en nuestro sistema.,لم يتم العثور على سجل الصفحة في نظامنا.,Enregistrement de page non trouvé dans notre système.,हमारे सिस्टम में पेज रिकॉर्ड नहीं मिला.
Page status updated successfully!,Page status updated successfully!,¡Estado de la página actualizado exitosamente!,تم تحديث حالة الصفحة بنجاح!,Le statut de la page a été mis à jour avec succès !,पेज स्थिति सफलतापूर्वक अपडेट की गई!
Page deleted successfully!,Page deleted successfully!,¡Página eliminada exitosamente!,تم حذف الصفحة بنجاح!,Page supprimée avec succès !,पृष्ठ सफलतापूर्वक हटा दिया गया!
Email Unverified Users,Email Unverified Users,Enviar correos electrónicos a usuarios no verificados,البريد الإلكتروني للمستخدمين غير الموثقين,Envoyer un e-mail aux utilisateurs non vérifiés,असत्यापित उपयोगकर्ताओं को ईमेल करें
SMS Unverified Users,SMS Unverified Users,Usuarios no verificados de SMS,مستخدمو الرسائل القصيرة غير المُتحقق منهم,Utilisateurs SMS non vérifiés,एसएमएस असत्यापित उपयोगकर्ता
KYC Unverified Users,KYC Unverified Users,Usuarios no verificados de KYC,مستخدمو KYC غير المُتحقق منهم,Utilisateurs non vérifiés KYC,केवाईसी असत्यापित उपयोगकर्ता
User Details,User Details,Detalles del usuario,تفاصيل المستخدم,Détails de l'utilisateur,उपयोगकर्ता विवरण
Ops! User doesn,Ops! User doesn,¡Ops! El usuario no,اوبس! المستخدم لا,Oups ! L'utilisateur ne,ओह! उपयोगकर्ता नहीं करता
User Email Logs,User Email Logs,Registros de correo electrónico del usuario,سجلات البريد الإلكتروني للمستخدم,Journaux de courrier électronique des utilisateurs,उपयोगकर्ता ईमेल लॉग
User KYC successfully approved,User KYC successfully approved,Usuario KYC aprobado exitosamente,تمت الموافقة على KYC للمستخدم بنجاح,KYC utilisateur approuvé avec succès,उपयोगकर्ता केवाईसी सफलतापूर्वक स्वीकृत
User KYC information not found,User KYC information not found,No se encontró la información KYC del usuario,لم يتم العثور على معلومات KYC للمستخدم,Informations KYC utilisateur introuvables,उपयोगकर्ता की KYC जानकारी नहीं मिली
User KYC information is rejected,User KYC information is rejected,La información KYC del usuario es rechazada,تم رفض معلومات KYC للمستخدم,Les informations KYC de l'utilisateur sont rejetées,उपयोगकर्ता की KYC जानकारी अस्वीकृत कर दी गई है
User do not have sufficient balance,User do not have sufficient balance,El usuario no tiene saldo suficiente,المستخدم ليس لديه رصيد كاف,L'utilisateur n'a pas suffisamment de solde,उपयोगकर्ता के पास पर्याप्त शेष राशि नहीं है
Setup Virtual Card Api,Setup Virtual Card Api,Configurar la API de tarjeta virtual,إعداد واجهة برمجة تطبيقات البطاقة الافتراضية,Configurer l'API de la carte virtuelle,वर्चुअल कार्ड एपीआई सेटअप करें
Ops! Failed To Upload Image.,Ops! Failed To Upload Image.,¡Ops! Error al cargar la imagen.,عفواً! فشل تحميل الصورة.,Oups ! Échec du téléchargement de l’image.,ओह! छवि अपलोड करने में विफल.
Card API Has Been Updated.,Card API Has Been Updated.,Se ha actualizado la API de tarjeta.,تم تحديث واجهة برمجة التطبيقات للبطاقة.,L'API de la carte a été mise à jour.,कार्ड एपीआई अद्यतन किया गया है.
Basic settings updated successfully!,Basic settings updated successfully!,¡Configuración básica actualizada exitosamente!,تم تحديث الإعدادات الأساسية بنجاح!,Paramètres de base mis à jour avec succès !,बुनियादी सेटिंग्स सफलतापूर्वक अपडेट हो गईं!
Please setup KYC field first. Go to [Setup KYC] page from sidebar,Please setup KYC field first. Go to [Setup KYC] page from sidebar,"Primero, configure el campo KYC. Vaya a la página [Configuración KYC] en la barra lateral.","يُرجى إعداد حقل ""اعرف عميلك"" أولاً. انتقل إلى صفحة [إعداد KYC] من الشريط الجانبي.",Veuillez d'abord configurer le champ KYC. Accédez à la page [Configuration KYC] depuis la barre latérale.,कृपया पहले KYC फ़ील्ड सेटअप करें। साइडबार से [Setup KYC] पेज पर जाएँ
Basic settings status updated successfully!,Basic settings status updated successfully!,¡El estado de la configuración básica se actualizó correctamente!,تم تحديث حالة الإعدادات الأساسية بنجاح!,L'état des paramètres de base a été mis à jour avec succès !,मूल सेटिंग्स स्थिति सफलतापूर्वक अपडेट की गई!
Basic setting not found! Please run database seeder,Basic setting not found! Please run database seeder,¡No se encontró la configuración básica! Ejecute el sembrador de base de datos.,لم يتم العثور على الإعداد الأساسي! يُرجى تشغيل مُبذر قاعدة البيانات.,Paramètre de base introuvable ! Veuillez exécuter le seeder de base de données.,मूल सेटिंग नहीं मिली! कृपया डेटाबेस सीडर चलाएँ
No changes to update.,No changes to update.,No hay cambios para actualizar.,لا يوجد تغييرات للتحديث.,Aucun changement à mettre à jour.,अद्यतन करने के लिए कोई परिवर्तन नहीं.
Image assets updated successfully!.,Image assets updated successfully!.,¡Los activos de imagen se actualizaron correctamente!.,تم تحديث أصول الصورة بنجاح!.,Les ressources d'image ont été mises à jour avec succès !,छवि परिसंपत्तियाँ सफलतापूर्वक अपडेट की गईं!.
SEO information updated successfully!,SEO information updated successfully!,¡Información SEO actualizada exitosamente!,تم تحديث معلومات SEO بنجاح!,Informations SEO mises à jour avec succès !,एसईओ जानकारी सफलतापूर्वक अद्यतन!
Admin | Login,Admin | Login,Administrador | Iniciar sesión,المسؤول | تسجيل الدخول,Administrateur | Connexion,एडमिन | लॉगिन
sub-title,sub-title,subtitular,العنوان الفرعي,sous-titre,उपशीर्षक
Enter your account email address or username,Enter your account email address or username,Ingrese la dirección de correo electrónico o el nombre de usuario de su cuenta,أدخل عنوان البريد الإلكتروني لحسابك أو اسم المستخدم,Saisissez l'adresse e-mail ou le nom d'utilisateur de votre compte,अपना खाता ईमेल पता या उपयोगकर्ता नाम दर्ज करें
Username OR Email Address,Username OR Email Address,Nombre de usuario O dirección de correo electrónico,اسم المستخدم أو عنوان البريد الإلكتروني,Nom d'utilisateur OU adresse e-mail,उपयोगकर्ता का नाम या ईमेल पता
Reset,Reset,Reiniciar,إعادة ضبط,Réinitialiser,रीसेट करें
Welcome To,Welcome To,Bienvenido a,مرحباً بكم في,Bienvenue à,आपका स्वागत है
Admin Panel,Admin Panel,Panel de administración,لوحة الإدارة,Panneau d'administration,व्यवस्थापक पैनल
Username,Username,Nombre de usuario,اسم المستخدم,Nom d'utilisateur,उपयोगकर्ता नाम
Role,Role,Role,دور,Rôle,भूमिका
options,options,opciones,خيارات,options,विकल्प
Created Time,Created Time,Tiempo creado,الوقت المُخلوق,Temps créé,निर्मित समय
Category Name,Category Name,Nombre de la categoría,اسم الفئة,Nom de la catégorie,श्रेणी नाम
Flag,Flag,Bandera,علَم,Drapeau,झंडा
Name | Code,Name | Code,Nombre | Código,الاسم | الرمز,Nom | Code,नाम | कोड
Rate,Rate,Tasa,معدل,Taux,दर
Symbol,Symbol,Símbolo,رمز,Symbole,प्रतीक
Receiver,Receiver,Receptor,المتلقي,Récepteur,रिसीवर
SL NO,SL NO,SL NO,رقم SL,SL NON,एसएल संख्या
TXN Type,TXN Type,Tipo TXN,نوع TXN,Type TXN,TXN प्रकार
TXN Hash,TXN Hash,Hash TXN,TXN Hash,Hachage TXN,TXN हैश
Asset,Asset,Activo,أصل,Actif,संपत्ति
Chain,Chain,Cadena,سلسلة,Chaîne,जंजीर
Block Number,Block Number,Número de bloque,رقم الكتلة,Numéro de bloc,ब्लॉक संख्या
Not Used,Not Used,No utilizado,غير مستخدم,Non utilisé,उपयोग नहीं किया
Used,Used,Usado,مستخدم,Utilisé,इस्तेमाल किया गया
Add Language,Add Language,Agregar idioma,إضافة لغة,Ajouter une langue,भाषा जोड़ें
Edit Language,Edit Language,Editar idioma,تحرير اللغة,Modifier la langue,भाषा संपादित करें
Add About,Add About,Agregar Acerca de,إضافة حول,Ajouter à propos,के बारे में जोड़ें
Add Blog,Add Blog,Agregar blog,إضافة مدونة,Ajouter un blog,ब्लॉग जोड़ें
Add Brand,Add Brand,Agregar marca,إضافة العلامة التجارية,Ajouter une marque,ब्रांड जोड़ें
Add Socail Icon,Add Socail Icon,Agregar icono de redes sociales,إضافة أيقونة التواصل الاجتماعي,Ajouter une icône Socail,सोशल आइकन जोड़ें
Add Solution,Add Solution,Añadir solución,إضافة الحل,Ajouter une solution,समाधान जोड़ें
Add Testimonial,Add Testimonial,Añadir testimonio,أضف شهادة,Ajouter un témoignage,प्रशंसापत्र जोड़ें
Add Page,Add Page,Agregar página,إضافة صفحة,Ajouter une page,पृष्ठ जोड़ें
Add Admin,Add Admin,Agregar administrador,إضافة المسؤول,Ajouter un administrateur,व्यवस्थापक जोड़ें
Admin Profile Image,Admin Profile Image,Imagen de perfil de administrador,صورة الملف الشخصي للمسؤول,Image de profil d'administrateur,व्यवस्थापक प्रोफ़ाइल चित्र
Add Country,Add Country,Agregar país,إضافة البلد,Ajouter un pays,देश जोड़ें
Country Flag,Country Flag,Bandera del país,علم الدولة,Drapeau du pays,देश का झंडा
Add Currency,Add Currency,Agregar moneda,إضافة العملة,Ajouter une devise,मुद्रा जोड़ें
Add New Screen,Add New Screen,Agregar nueva pantalla,إضافة شاشة جديدة,Ajouter un nouvel écran,नई स्क्रीन जोड़ें
Add New Permission,Add New Permission,Agregar nuevo permiso,إضافة إذن جديد,Ajouter une nouvelle autorisation,नई अनुमति जोड़ें
selectRole,selectRole,seleccionarRol,حدد الدور,sélectionner le rôle,भूमिका का चयन करें
Assign Permission Page/Task,Assign Permission Page/Task,Asignar página/tarea de permisos,تعيين صفحة/مهمة الأذونات,Attribuer une page/tâche d'autorisation,अनुमति पृष्ठ/कार्य असाइन करें
Edit Permission,Edit Permission,Permiso de edición,تعديل الأذونات,Modifier l'autorisation,संपादन अनुमति
Add New Role,Add New Role,Agregar nuevo rol,إضافة دور جديد,Ajouter un nouveau rôle,नई भूमिका जोड़ें
Edit Role,Edit Role,Editar rol,تحرير الدور,Modifier le rôle,भूमिका संपादित करें
Rejejct KYC,Rejejct KYC,Rechazar KYC,رفض KYC,Rejeter KYC,केवाईसी अस्वीकार करें
Add New Bank,Add New Bank,Agregar nuevo banco,إضافة بنك جديد,Ajouter une nouvelle banque,नया बैंक जोड़ें
Add New Category,Add New Category,Agregar nueva categoría,إضافة فئة جديدة,Ajouter une nouvelle catégorie,नई श्रेणी जोड़ें
Edit Admin,Edit Admin,Editar administrador,تحرير المسؤول,Modifier l'administrateur,व्यवस्थापक संपादित करें
Edit Bank,Edit Bank,Editar banco,تحرير البنك,Modifier la banque,बैंक संपादित करें
Edit Category,Edit Category,Editar categoría,تعديل الفئة,Modifier la catégorie,श्रेणी संपादित करें
Edit Cash Pickup,Edit Cash Pickup,Editar retiro de efectivo,تعديل استلام النقود,Modifier le retrait d'espèces,नकद पिकअप संपादित करें
Edit Currency,Edit Currency,Editar moneda,تعديل العملة,Modifier la devise,मुद्रा संपादित करें
Edit Screen,Edit Screen,Pantalla de edición,تحرير الشاشة,Écran d'édition,स्क्रीन संपादित करें
Update Extension,Update Extension,Actualizar extensión,امتداد التحديث,Extension de mise à jour,एक्सटेंशन अपडेट करें
Send Email Agent,Send Email Agent,Enviar agente de correo electrónico,إرسال بريد إلكتروني إلى الوكيل,Envoyer un e-mail à l'agent,एजेंट को ईमेल भेजें
Close,Close,Cerca,يغلق,Fermer,बंद करना
Send Test Mail,Send Test Mail,Enviar correo de prueba,إرسال بريد اختباري,Envoyer un e-mail de test,परीक्षण मेल भेजें
Global Setting for,Global Setting for,Configuración global para,الإعداد العالمي لـ,Cadre global pour,के लिए वैश्विक सेटिंग
Gateway Image,Gateway Image,Imagen de puerta de enlace,صورة البوابة,Image de la passerelle,गेटवे छवि
Amount Limit,Amount Limit,Límite de cantidad,حد المبلغ,Limite de montant,राशि सीमा
Minimum,Minimum,Mínimo,الحد الأدنى,Minimum,न्यूनतम
Maximum,Maximum,Máximo,الحد الأقصى,Maximum,अधिकतम
Fixed,Fixed,Fijado,مُثَبَّت,Fixé,तय
Total Supported Currency,Total Supported Currency,Total de monedas admitidas,إجمالي العملة المدعومة,Total des devises prises en charge,कुल समर्थित मुद्रा
Percent,Percent,Por ciento,النسبة المئوية,Pour cent,प्रतिशत
Gateway Name*,Gateway Name*,Nombre de la puerta de enlace*,اسم البوابة*,Nom de la passerelle*,गेटवे का नाम*
Currency Name*,Currency Name*,Nombre de la moneda*,اسم العملة*,Nom de la devise*,मुद्रा का नाम*
Collect Data,Collect Data,Recopilar datos,جمع البيانات,Collecter des données,डेटा जुटाओ
Field Name*,Field Name*,Nombre del campo*,اسم الحقل*,Nom du champ*,फ़ील्ड नाम*
Field Types*,Field Types*,Tipos de campo*,أنواع الحقول*,Types de champs*,फ़ील्ड प्रकार*
Field Necessity*,Field Necessity*,Necesidad de campo*,ضرورة المجال*,Nécessité du terrain*,क्षेत्र की आवश्यकता*
publisher-input message-input message-input-event,publisher-input message-input message-input-event,entrada del editor entrada del mensaje evento de entrada del mensaje,رسالة إدخال الناشر - رسالة إدخال الحدث,message d'entrée de l'éditeur message d'entrée d'événement d'entrée de message,प्रकाशक-इनपुट संदेश-इनपुट संदेश-इनपुट-घटना
"This ticket is solved, you can't send message right now.","This ticket is solved, you can't send message right now.","Este ticket está resuelto, no puedes enviar mensajes en este momento.",تم حل هذه التذكرة، لا يمكنك إرسال رسالة الآن.,"Ce ticket est résolu, vous ne pouvez pas envoyer de message pour le moment.","यह टिकट हल हो गया है, आप अभी संदेश नहीं भेज सकते."
Pending Tickets,Pending Tickets,Tickets pendientes,التذاكر المعلقة,Billets en attente,लंबित टिकट
View All,View All,Ver todo,عرض الكل,Tout voir,सभी को देखें
Active Tickets,Active Tickets,Entradas activas,التذاكر النشطة,Billets actifs,सक्रिय टिकट
Solved Tickets,Solved Tickets,Tickets resueltos,التذاكر المحلولة,Tickets résolus,हल किए गए टिकट
All Tickets,All Tickets,Todas las entradas,جميع التذاكر,Tous les billets,सभी टिकट
action,Action,Acción,فعل,Action,कार्रवाई
Mark as Solved,Mark as Solved,Marcar como resuelto,وضع علامة على الحل,Marquer comme résolu,हल के रूप में चिह्नित करें
Support Details,Support Details,Detalles de soporte,تفاصيل الدعم,Détails de l'assistance,समर्थन विवरण
Description,Description,Descripción,وصف,Description,विवरण
Attachments,Attachments,Archivos adjuntos,المرفقات,Pièces jointes,संलग्नक
form-control,form-control,control de formulario,التحكم في الشكل,contrôle de formulaire,फॉर्म-नियंत्रण
Charges,Charges,Cargos,رسوم,Frais,प्रभार
Fixed Charge,Fixed Charge,Cargo fijo,رسوم ثابتة,Frais fixes,नियत प्रभार
Percent Charge,Percent Charge,Porcentaje de carga,نسبة الرسوم,Pourcentage de charge,प्रतिशत शुल्क
Range,Range,Rango,يتراوح,Gamme,श्रेणी
Agent Profits,Agent Profits,Ganancias del agente,أرباح الوكيل,Bénéfices des agents,एजेंट का मुनाफा
Fixed Commissions,Fixed Commissions,Comisiones fijas,العمولات الثابتة,Commissions fixes,निश्चित कमीशन
Percent Commissions,Percent Commissions,Comisiones porcentuales,نسبة العمولات,Pourcentage de commissions,प्रतिशत कमीशन
Admin,Admin,Administración,مسؤل,Administrateur,व्यवस्थापक
Developed by,Developed by,Desarrollado por,تم تطويره بواسطة,Développé par,द्वारा विकसित
Dark Mode,Dark Mode,Modo oscuro,الوضع المظلم,Mode sombre,डार्क मोड
Light Mode,Light Mode,Modo claro,وضع الإضاءة,Mode lumière,लाइट मोड
Direction,Direction,Dirección,اتجاه,Direction,दिशा
Reset To Default,Reset To Default,Restablecer a valores predeterminados,إعادة التعيين إلى الوضع الافتراضي,Réinitialiser aux paramètres par défaut,वितथ पर ले जाएं
search,Search,Buscar,يبحث,Recherche,खोज
Clear All,Clear All,Borrar todo,مسح الكل,Tout effacer,सभी साफ करें
No new notification found!,No new notification found!,¡No se encontraron notificaciones nuevas!,لم يتم العثور على إشعار جديد!,Aucune nouvelle notification trouvée !,कोई नई अधिसूचना नहीं मिली!
Admin Profile,Admin Profile,Perfil de administrador,الملف الشخصي للمسؤول,Profil d'administrateur,व्यवस्थापक प्रोफ़ाइल
Date,Date,Fecha,تاريخ,Date,तारीख
TRX ID,TRX ID,Identificación de TRX,معرف TRX,ID TRX,टीआरएक्स आईडी
Fullname,Fullname,Nombre completo,الاسم الكامل,Nom et prénom,पूरा नाम
Method,Method,Método,طريقة,Méthode,तरीका
After Charge,After Charge,Después de la carga,بعد الشحن,Après la charge,चार्ज के बाद
Payable,Payable,Pagadero,مستحق الدفع,Payable,देय
Information of Logs,Information of Logs,Información de Registros,معلومات السجلات,Informations sur les journaux,लॉग की जानकारी
Approved Confirmation,Approved Confirmation,Confirmación Aprobada,تأكيد الموافقة,Confirmation approuvée,अनुमोदित पुष्टिकरण
Are you sure to approved this request?,Are you sure to approved this request?,¿Está seguro de aprobar esta solicitud?,هل أنت متأكد من الموافقة على هذا الطلب؟,Êtes-vous sûr d'avoir approuvé cette demande ?,क्या आप इस अनुरोध को स्वीकृत करने के लिए आश्वस्त हैं?
Approved,Approved,Aprobado,موافقة,Approuvé,अनुमत
Rejection Confirmation,Rejection Confirmation,Confirmación de rechazo,تأكيد الرفض,Confirmation de rejet,अस्वीकृति की पुष्टि
Explain Rejection Reason*,Explain Rejection Reason*,Explique el motivo del rechazo*,اشرح سبب الرفض*,Expliquez la raison du rejet*,अस्वीकृति का कारण बताएं*
Export Data,Export Data,Exportar datos,تصدير البيانات,Exporter des données,डेटा निर्यात करें
TRX,TRX,TRX,تي ار اكس,TRX,क्लीन स्टार्ट
User Type,User Type,Tipo de usuario,نوع المستخدم,Type d'utilisateur,उपयोगकर्ता का प्रकार
Time,Time,Tiempo,وقت,Temps,समय
URI,URI,URI,عنوان URI,URI,यूआरआई
Role Name,Role Name,Nombre del rol,اسم الدور,Nom du rôle,भूमिका का नाम
All Admin Roles,All Admin Roles,Todos los roles de administrador,جميع أدوار الإدارة,Tous les rôles d'administrateur,सभी व्यवस्थापक भूमिकाएँ
All Permissions,All Permissions,Todos los permisos,جميع الأذونات,Toutes les autorisations,सभी अनुमतियाँ
Write Subject...,Write Subject...,Escribe Asunto...,اكتب الموضوع...,Écrire le sujet...,विषय लिखें...
Total Add Money,Total Add Money,Total Agregar Dinero,المجموع إضافة المال,Total Add Money,कुल जोड़ें धन
Total Transactions,Total Transactions,Transacciones totales,إجمالي المعاملات,Total des transactions,कुल लेनदेन
Agent Overview,Agent Overview,Descripción general del agente,نظرة عامة على الوكيل,Présentation de l'agent,एजेंट अवलोकन
Add/Subtract Balance,Add/Subtract Balance,Sumar/Restar saldo,إضافة/طرح الرصيد,Ajouter/Soustraire le solde,शेष राशि जोड़ें/घटाएँ
Login as Member,Login as Member,Iniciar sesión como miembro,تسجيل الدخول كعضو,Connectez-vous en tant que membre,सदस्य के रूप में लॉगिन करें
Email Logs,Email Logs,Registros de correo electrónico,سجلات البريد الإلكتروني,Journaux de courrier électronique,ईमेल लॉग
Last Login,Last Login,Último inicio de sesión,آخر تسجيل دخول,Dernière connexion,आखरी लॉगइन
Information of Agent,Information of Agent,Información del Agente,معلومات الوكيل,Informations sur l'agent,एजेंट की जानकारी
Write Here..,Write Here..,Escribe aquí..,اكتب هنا..,Écrivez ici..,यहाँ लिखें..
Agent Status,Agent Status,Estado del agente,حالة الوكيل,Statut d'agent,एजेंट की स्थिति
Verified,Verified,Verificado,تم التحقق,Vérifié,सत्यापित
2FA Verification,2FA Verification,Verificación 2FA,التحقق من 2FA,Vérification 2FA,2FA सत्यापन
Select Type,Select Type,Seleccionar tipo,حدد النوع,Sélectionnez le type,प्रकार चुनें
Balance Add,Balance Add,Agregar saldo,إضافة الرصيد,Ajouter un solde,शेष राशि जोड़ें
subtract,subtract,sustraer,طرح,soustraire,घटाना
Balance Subtract,Balance Subtract,Saldo Restar,الرصيد طرح,Solde Soustraire,शेष घटाएँ
User Wallet,User Wallet,Monedero de usuario,محفظة المستخدم,Portefeuille utilisateur,उपयोगकर्ता वॉलेट
Select Agent Wallet,Select Agent Wallet,Seleccione la billetera del agente,اختر محفظة الوكيل,Sélectionner le portefeuille de l'agent,एजेंट वॉलेट चुनें
Select Users,Select Users,Seleccionar usuarios,تحديد المستخدمين,Sélectionner les utilisateurs,उपयोगकर्ताओं का चयन करें
email_verified,email_verified,correo electrónico verificado,تم التحقق من البريد الإلكتروني,email_vérifié,ईमेल_सत्यापित
banned,Banned,Prohibido,محظور,Interdit,प्रतिबंधित
All Agent,All Agent,Todo agente,جميع الوكلاء,Tous les agents,सभी एजेंट
Edit KYC,Edit KYC,Editar KYC,تعديل KYC,Modifier KYC,केवाईसी संपादित करें
File not found!,File not found!,¡Archivo no encontrado!,لم يتم العثور على الملف!,Fichier introuvable!,फ़ाइल प्राप्त नहीं हुई!
KYC Information not submitted yet,KYC Information not submitted yet,Información KYC aún no enviada,لم يتم تقديم معلومات KYC بعد,Les informations KYC n'ont pas encore été soumises,केवाईसी जानकारी अभी तक प्रस्तुत नहीं की गई है
Agent Login Logs,Agent Login Logs,Registros de inicio de sesión del agente,سجلات تسجيل دخول الوكيل,Journaux de connexion des agents,एजेंट लॉगिन लॉग
SL.,SL.,SL.,س.ل.,SL.,एसएल.
IP,IP,Propiedad intelectual,عنوان IP,propriété intellectuelle,आई पी
MAC,MAC,IMPERMEABLE,ماك,MAC,मैक
Location,Location,Ubicación,موقع,Emplacement,जगह
Browser | OS,Browser | OS,Navegador | SO,المتصفح | نظام التشغيل,Navigateur | Système d'exploitation,ब्राउज़र | ओएस
Login at,Login at,Iniciar sesión en,تسجيل الدخول في,Connectez-vous à,लॉगिन करें
Agent Email Logs,Agent Email Logs,Registros de correo electrónico del agente,سجلات البريد الإلكتروني للوكيل,Journaux de courrier électronique des agents,एजेंट ईमेल लॉग
Agent,Agent,Agente,عامل,Agent,प्रतिनिधि
Mail Sender(Method),Mail Sender(Method),Remitente de correo (método),مرسل البريد (الطريقة),Expéditeur de courrier (méthode),मेल प्रेषक(विधि)
Message,Message,Mensaje,رسالة,Message,संदेश
Onboard Settings,Onboard Settings,Configuración a bordo,الإعدادات على متن الطائرة,Paramètres à bord,ऑनबोर्ड सेटिंग्स
Active Onboards (USER),Active Onboards (USER),Integraciones activas (USUARIO),المستخدمين النشطين (المستخدم),Embarqués actifs (UTILISATEUR),सक्रिय ऑनबोर्ड (उपयोगकर्ता)
Active Onboards (Agent),Active Onboards (Agent),Incorporaciones activas (Agente),العناصر النشطة على متن الطائرة (الوكيل),Embarqués actifs (agent),सक्रिय ऑनबोर्ड (एजेंट)
Active Onboards (Merchant),Active Onboards (Merchant),Incorporaciones activas (comerciante),اللوحات النشطة (التاجر),Embarqués actifs (commerçant),सक्रिय ऑनबोर्ड (व्यापारी)
Image (User),Image (User),Imagen (Usuario),الصورة (المستخدم),Image (utilisateur),छवि (उपयोगकर्ता)
App Version* (User),App Version* (User),Versión de la aplicación* (Usuario),إصدار التطبيق* (المستخدم),Version de l'application* (utilisateur),ऐप संस्करण* (उपयोगकर्ता)
Image (Agent):,Image (Agent):,Imagen (Agente):,الصورة (الوكيل):,Image (Agent) :,छवि (एजेंट):
App Version* (Agent),App Version* (Agent),Versión de la aplicación* (Agente),إصدار التطبيق* (الوكيل),Version de l'application* (Agent),ऐप संस्करण* (एजेंट)
Image (Merchant),Image (Merchant),Imagen (Comerciante),الصورة (التاجر),Image (Marchand),छवि (व्यापारी)
App Version* (Merchant),App Version* (Merchant),Versión de la aplicación* (Comerciante),إصدار التطبيق* (التاجر),Version de l'application* (marchand),ऐप संस्करण* (व्यापारी)
Android App URL*,Android App URL*,URL de la aplicación de Android*,رابط تطبيق Android*,URL de l'application Android*,Android ऐप URL*
iOS App URL,iOS App URL,URL de la aplicación iOS,عنوان URL لتطبيق iOS,URL de l'application iOS,iOS ऐप URL
Setup Bill Category,Setup Bill Category,Configurar categoría de factura,إعداد فئة الفاتورة,Configuration de la catégorie de facture,बिल श्रेणी सेटअप करें
Bill Categories,Bill Categories,Categorías de facturas,فئات الفواتير,Catégories de factures,बिल श्रेणियाँ
Add Category,Add Category,Agregar categoría,إضافة فئة,Ajouter une catégorie,श्रेणी जोड़ना
admin.components.page-title,admin.components.page-title,admin.componentes.título-de-página,admin.components.page-title,admin.components.page-title,admin.components.page-title
Bill Amount,Bill Amount,Monto de la factura,مبلغ الفاتورة,Montant de la facture,बिल राशि
Payable Amount,Payable Amount,Monto a pagar,المبلغ المستحق,Montant à payer,देय राशि
Remaining Balance,Remaining Balance,Saldo restante,الرصيد المتبقي,Solde restant,शेष राशि
Setup Category Type,Setup Category Type,Tipo de categoría de configuración,نوع فئة الإعداد,Type de catégorie de configuration,सेटअप श्रेणी प्रकार
Policy Link*,Policy Link*,Enlace de política*,رابط السياسة*,Lien politique*,पॉलिसी लिंक*
Gateways,Gateways,Puertas de enlace,بوابات,Passerelles,द्वार
Crypto Wallets,Crypto Wallets,Monederos de criptomonedas,محافظ العملات المشفرة,Portefeuilles cryptographiques,क्रिप्टो वॉलेट
Generate Wallets,Generate Wallets,Generar billeteras,إنشاء محافظ,Générer des portefeuilles,वॉलेट बनाएं
Wallet not present in some currency/coin.,Wallet not present in some currency/coin.,Monedero no presente en algunas divisas/monedas.,المحفظة غير موجودة في بعض العملات/العملات المعدنية.,Portefeuille absent dans certaines devises/pièces.,वॉलेट कुछ मुद्रा/सिक्के में मौजूद नहीं है।
Click the generate wallets button to create dynamically wallets.,Click the generate wallets button to create dynamically wallets.,Haga clic en el botón Generar billeteras para crear billeteras dinámicamente.,انقر فوق زر إنشاء المحافظ لإنشاء محافظ ديناميكية.,Cliquez sur le bouton Générer des portefeuilles pour créer des portefeuilles de manière dynamique.,गतिशील रूप से वॉलेट बनाने के लिए जेनरेट वॉलेट बटन पर क्लिक करें।
Add Wallet,Add Wallet,Agregar billetera,إضافة المحفظة,Ajouter un portefeuille,वॉलेट जोड़ें
Deactive,Deactive,Desactivar,غير نشط,Désactiver,अक्रिय
This Coin is Under Maintenance Or Need to Generate Wallet. You Can Add Wallet Manually By Clicking Add Button.,This Coin is Under Maintenance Or Need to Generate Wallet. You Can Add Wallet Manually By Clicking Add Button.,"Esta moneda está en mantenimiento o necesita generar una billetera. Puede agregarla manualmente haciendo clic en el botón ""Agregar"".","هذه العملة قيد الصيانة أو تحتاج إلى إنشاء محفظة. يمكنك إضافة محفظة يدويًا بالنقر على زر ""إضافة"".",Cette pièce est en cours de maintenance ou nécessite la création d'un portefeuille. Vous pouvez ajouter un portefeuille manuellement en cliquant sur le bouton « Ajouter ».,"यह सिक्का रखरखाव के अधीन है या इसे वॉलेट बनाने की आवश्यकता है। आप ""जोड़ें"" बटन पर क्लिक करके मैन्युअल रूप से वॉलेट जोड़ सकते हैं।"
Add New Wallet,Add New Wallet,Agregar nueva billetera,إضافة محفظة جديدة,Ajouter un nouveau portefeuille,नया वॉलेट जोड़ें
Mnemonic,Mnemonic,Mnemotécnico,ذاكري,Mnémonique,स्मृति सहायक
Extended Public Key (Xpub),Extended Public Key (Xpub),Clave pública extendida (Xpub),المفتاح العام الممتد (Xpub),Clé publique étendue (Xpub),विस्तारित सार्वजनिक कुंजी (Xpub)
Private Key,Private Key,Clave privada,مفتاح خاص,Clé privée,निजी चाबी
Public Address,Public Address,Dirección pública,الخطاب العام,Adresse publique,सार्वजनिक संबोधन
Delete Wallet,Delete Wallet,Eliminar billetera,حذف المحفظة,Supprimer le portefeuille,वॉलेट हटाएं
Are you sure to delete this wallet?,Are you sure to delete this wallet?,¿Estás seguro de eliminar esta billetera?,هل أنت متأكد من حذف هذه المحفظة؟,Êtes-vous sûr de vouloir supprimer ce portefeuille ?,क्या आप इस वॉलेट को हटाना चाहते हैं?
Delete,Delete,Borrar,يمسح,Supprimer,मिटाना
Gateway Edit,Gateway Edit,Edición de puerta de enlace,تعديل البوابة,Modifier la passerelle,गेटवे संपादित करें
Incoming Transactions,Incoming Transactions,Transacciones entrantes,المعاملات الواردة,Transactions entrantes,आने वाले लेनदेन
Transacitons,Transacitons,Transacciones,المعاملات,Transactions,ट्रांसएसिटन्स
There is no default currency in your system.,There is no default currency in your system.,No hay una moneda predeterminada en su sistema.,لا يوجد عملة افتراضية في نظامك.,Il n'y a pas de devise par défaut dans votre système.,आपके सिस्टम में कोई डिफ़ॉल्ट मुद्रा नहीं है.
Disabled,Disabled,Desactivado,عاجز,Désactivé,अक्षम
Instructions,Instructions,Instrucciones,تعليمات,Instructions,निर्देश
Stripe API,Stripe API,API de Stripe,واجهة برمجة التطبيقات الشريطية,API Stripe,स्ट्राइप एपीआई
Public Key*,Public Key*,Clave pública*,المفتاح العام*,Clé publique*,सार्वजनिक कुंजी*
Import,Import,Importar,يستورد,Importer,आयात
Download,Download,Descargar,تحميل,Télécharger,डाउनलोड करना
Code,Code,Código,شفرة,Code,कोड
Selectable,Selectable,Seleccionable,قابلة للتحديد,Sélectionnable,चयन
Language Keywords of English,Language Keywords of English,Palabras clave del idioma inglés,الكلمات الرئيسية في اللغة الإنجليزية,Mots-clés de la langue anglaise,अंग्रेजी भाषा के कीवर्ड
Language Name*,Language Name*,Nombre del idioma*,اسم اللغة*,Nom de la langue*,भाषा का नाम*
Language Code*,Language Code*,Código de idioma*,رمز اللغة*,Code de langue*,भाषा कोड*
Merchant Overview,Merchant Overview,Descripción general del comerciante,نظرة عامة على التاجر,Aperçu du marchand,व्यापारी अवलोकन
Information of Merchant,Information of Merchant,Información del comerciante,معلومات التاجر,Informations sur le commerçant,व्यापारी की जानकारी
Merchant Status,Merchant Status,Estado del comerciante,حالة التاجر,Statut de commerçant,व्यापारी स्थिति
Select Merchants Wallet,Select Merchants Wallet,Seleccione la billetera de comerciantes,محفظة التجار المختارة,Portefeuille de marchands sélectionnés,व्यापारियों का वॉलेट चुनें
Select Merchants,Select Merchants,Seleccionar comerciantes,اختيار التجار,Sélectionnez les marchands,व्यापारियों का चयन करें
Merchant Login Logs,Merchant Login Logs,Registros de inicio de sesión del comerciante,سجلات تسجيل دخول التاجر,Journaux de connexion des commerçants,व्यापारी लॉगिन लॉग
Setup Mobile Topup Category,Setup Mobile Topup Category,Configurar la categoría de recarga móvil,إعداد فئة شحن الهاتف المحمول,Configuration de la catégorie de recharge mobile,मोबाइल टॉपअप श्रेणी सेटअप करें
Mobile Topup Categories,Mobile Topup Categories,Categorías de recargas móviles,فئات شحن الهاتف المحمول,Catégories de recharge mobile,मोबाइल टॉपअप श्रेणियाँ
Topup Amount,Topup Amount,Monto de recarga,مبلغ الشحن,Montant de la recharge,टॉपअप राशि
Mobile Topup Logs,Mobile Topup Logs,Registros de recarga móvil,سجلات شحن الهاتف المحمول,Journaux de rechargement mobile,मोबाइल टॉपअप लॉग
Module Name,Module Name,Nombre del módulo,اسم الوحدة,Nom du module,मोड्यूल का नाम
After Conversion,After Conversion,Después de la conversión,بعد التحويل,Après la conversion,धर्मांतरण के बाद
Newsletters,Newsletters,Boletines informativos,النشرات الإخبارية,Bulletins d'information,समाचार
Update Gateway,Update Gateway,Actualizar puerta de enlace,بوابة التحديث,Mettre à jour la passerelle,गेटवे अपडेट करें
Gateway Environment,Gateway Environment,Entorno de puerta de enlace,بيئة البوابة,Environnement de passerelle,गेटवे पर्यावरण
Callback URL,Callback URL,URL de devolución de llamada,عنوان URL للاتصال العكسي,URL de rappel,कॉलबैक URL
Gateway,Gateway,Puerta,بوابة,Porte,द्वार
Supported Currency,Supported Currency,Moneda admitida,العملة المدعومة,Devise prise en charge,समर्थित मुद्रा
Enabled Currency,Enabled Currency,Moneda habilitada,العملة الممكّنة,Devise activée,सक्षम मुद्रा
Add Automatic Gateway (Add Money),Add Automatic Gateway (Add Money),Agregar pasarela automática (Agregar dinero),إضافة بوابة أوتوماتيكية (إضافة أموال),Ajouter une passerelle automatique (ajouter de l'argent),स्वचालित गेटवे जोड़ें (पैसा जोड़ें)
gatewayImage,gatewayImage,Imagen de puerta de enlace,بوابة الصورة,Image de passerelle,गेटवेइमेज
Gateway Title*,Gateway Title*,Título de puerta de enlace*,عنوان البوابة*,Titre de la passerelle*,गेटवे शीर्षक*
Supported Currencies*,Supported Currencies*,Monedas admitidas*,العملات المدعومة*,Devises prises en charge*,समर्थित मुद्राएँ*
Genarate Fields,Genarate Fields,Campos Generados,إنشاء الحقول,Générer des champs,जेनरेट फ़ील्ड
Max File Size (mb)*,Max File Size (mb)*,Tamaño máximo de archivo (mb)*,الحد الأقصى لحجم الملف (ميغابايت)*,Taille maximale du fichier (Mo)*,अधिकतम फ़ाइल आकार (mb)*
File Extension*,File Extension*,Extensión de archivo*,امتداد الملف*,Extension de fichier*,फाइल एक्सटेंशन*
Min Character*,Min Character*,Min Carácter*,الحد الأدنى للشخصية*,Caractère minimum*,न्यूनतम वर्ण*
Max Character*,Max Character*,Personaje máximo*,أقصى شخصية*,Caractère max*,अधिकतम वर्ण*
Currency Code,Currency Code,Código de moneda,رمز العملة,Code de devise,मुद्रा कोड
Currency Symbol,Currency Symbol,Símbolo de moneda,رمز العملة,Symbole monétaire,मुद्रा प्रतीक
Add Automatic Gateway (Withdraw),Add Automatic Gateway (Withdraw),Agregar pasarela automática (retirada),إضافة بوابة السحب التلقائي,Ajouter une passerelle automatique (retrait),स्वचालित गेटवे जोड़ें (निकासी)
Conversion Payable,Conversion Payable,Conversión a pagar,تحويل مستحق الدفع,Conversion à payer,देय रूपांतरण
Payment Information,Payment Information,Información de pago,معلومات الدفع,Informations de paiement,भुगतान जानकारी
Sender Email,Sender Email,Correo electrónico del remitente,بريد المرسل الإلكتروني,E-mail de l'expéditeur,प्रेषक का ईमेल
Card Holder Name,Card Holder Name,Nombre del titular de la tarjeta,اسم حامل البطاقة,Nom du titulaire de la carte,कार्डधारक का नाम
Sender Card Number,Sender Card Number,Número de tarjeta del remitente,رقم بطاقة المرسل,Numéro de carte de l'expéditeur,प्रेषक कार्ड नंबर
Save & Change,Save & Change,Guardar y cambiar,حفظ وتغيير,Enregistrer et modifier,परिवर्तन को संग्रहित करें
Profile Image:,Profile Image:,Imagen de perfil:,صورة الملف الشخصي:,Image de profil :,प्रोफ़ाइल चित्र:
Select State,Select State,Seleccione Estado,اختر الولاية,Sélectionnez l'état,राज्य चुनें
Total Profits,Total Profits,Beneficios totales,إجمالي الأرباح,Bénéfices totaux,कुल लाभ
User,User,Usuario,مستخدم,Utilisateur,उपयोगकर्ता
Profit Amount,Profit Amount,Monto de la ganancia,مبلغ الربح,Montant du bénéfice,लाभ राशि
Browser Push Notification Configuration,Browser Push Notification Configuration,Configuración de notificaciones push del navegador,تكوين إشعارات الدفع للمتصفح,Configuration des notifications push du navigateur,ब्राउज़र पुश सूचना कॉन्फ़िगरेशन
Instance ID*,Instance ID*,ID de instancia*,معرف المثيل*,ID d'instance*,इंस्टेंस आईडी*
Broadcasting/ Internal Notification Configuration,Broadcasting/ Internal Notification Configuration,Configuración de transmisión/notificación interna,تكوين البث/الإشعار الداخلي,Configuration de la diffusion/notification interne,प्रसारण/आंतरिक अधिसूचना कॉन्फ़िगरेशन
APP ID*,APP ID*,ID de la aplicación*,معرف التطبيق*,ID de l'application*,ऐप आईडी*
Cluster*,Cluster*,Grupo*,تَجَمَّع*,Grappe*,झुंड*
Latest Notifications,Latest Notifications,Últimas notificaciones,أحدث الإشعارات,Dernières notifications,नवीनतम सूचनाएं
Body,Body,Cuerpo,جسم,Corps,शरीर
Setup Bank Deposit Type,Setup Bank Deposit Type,Configurar el tipo de depósito bancario,إعداد نوع الإيداع البنكي,Configuration du type de dépôt bancaire,बैंक जमा प्रकार सेटअप करें
Add Bank,Add Bank,Agregar banco,إضافة بنك,Ajouter une banque,बैंक जोड़ें
Setup Cash Pickup,Setup Cash Pickup,Configurar retiro de efectivo,إعداد استلام النقود,Configuration du retrait d'espèces,कैश पिकअप सेटअप करें
Setup Receiver Countries,Setup Receiver Countries,Configurar países receptores,إعداد بلدان المستقبل,Configurer les pays destinataires,प्राप्तकर्ता देश सेटअप करें
Setup Country,Setup Country,Configurar país,إعداد البلد,Pays d'installation,सेटअप देश
Remittance Type,Remittance Type,Tipo de remesa,نوع التحويل,Type de transfert de fonds,प्रेषण प्रकार
Pickup Point,Pickup Point,Punto de recogida,نقطة الالتقاء,Point de retrait,पिक अप बिंदु
Send Amount,Send Amount,Enviar importe,إرسال المبلغ,Montant à envoyer,राशि भेजें
Version,Version,Versión,إصدار,Version,संस्करण
App Environment,App Environment,Entorno de la aplicación,بيئة التطبيق,Environnement de l'application,ऐप वातावरण
App Debug,App Debug,Depuración de aplicaciones,تصحيح أخطاء التطبيق,Débogage d'application,ऐप डीबग
App Mode,App Mode,Modo aplicación,وضع التطبيق,Mode application,ऐप मोड
Database Connection,Database Connection,Conexión a la base de datos,اتصال قاعدة البيانات,Connexion à la base de données,डेटाबेस कनेक्शन
Database Host,Database Host,Host de base de datos,مضيف قاعدة البيانات,Hôte de base de données,डेटाबेस होस्ट
Database Port,Database Port,Puerto de base de datos,منفذ قاعدة البيانات,Port de base de données,डेटाबेस पोर्ट
Database Name,Database Name,Nombre de la base de datos,اسم قاعدة البيانات,Nom de la base de données,डेटाबेस का नाम
Database Username,Database Username,Nombre de usuario de la base de datos,اسم مستخدم قاعدة البيانات,Nom d'utilisateur de la base de données,डेटाबेस उपयोगकर्ता नाम
PHP Version,PHP Version,Versión de PHP,إصدار PHP,Version PHP,PHP संस्करण
Laravel Version,Laravel Version,Versión de Laravel,نسخة لارافيل,Version Laravel,लारवेल संस्करण
Server Software,Server Software,Software de servidor,برنامج الخادم,Logiciel serveur,सर्वर सॉफ्टवेयर
Server IP Address,Server IP Address,Dirección IP del servidor,عنوان IP الخاص بالخادم,Adresse IP du serveur,सर्वर आईपी पता
Server Protocol,Server Protocol,Protocolo de servidor,بروتوكول الخادم,Protocole du serveur,सर्वर प्रोटोकॉल
Timezone,Timezone,Zona horaria,المنطقة الزمنية,Fuseau horaire,समय क्षेत्र
Email Send Method*,Email Send Method*,Método de envío de correo electrónico*,طريقة إرسال البريد الإلكتروني*,Méthode d'envoi d'e-mail*,ईमेल भेजने का तरीका*
Send Mail,Send Mail,Enviar correo,إرسال البريد,Envoyer un courrier,मेल भेजने
Host*,Host*,Anfitrión*,يستضيف*,Hôte*,मेज़बान*
Port*,Port*,Puerto*,ميناء*,Port*,पत्तन*
Encryption*,Encryption*,Cifrado*,التشفير*,Cryptage*,कूटलेखन*
Firebase Api,Firebase Api,API de Firebase,واجهة برمجة تطبيقات Firebase,API Firebase,फायरबेस एपीआई
KYC Data Form,KYC Data Form,Formulario de datos KYC,نموذج بيانات KYC,Formulaire de données KYC,केवाईसी डेटा फॉर्म
Page,Page,Página,صفحة,Page,पृष्ठ
Edit Campaign,Edit Campaign,Editar campaña,تحرير الحملة,Modifier la campagne,अभियान संपादित करें
Page Name,Page Name,Nombre de la página,اسم الصفحة,Nom de la page,पृष्ठ का नाम
Add Item,Add Item,Agregar artículo,إضافة عنصر,Ajouter un élément,मद जोड़ें
Edit Item,Edit Item,Editar artículo,تحرير العنصر,Modifier l'élément,आइटम संपादित करें
Button Link,Button Link,Enlace de botón,رابط الزر,Lien du bouton,बटन लिंक
Add Activities,Add Activities,Agregar actividades,إضافة الأنشطة,Ajouter des activités,गतिविधियाँ जोड़ें
Edit Activities,Edit Activities,Editar actividades,تحرير الأنشطة,Modifier les activités,गतिविधियाँ संपादित करें
Image,Image,Imagen,صورة,Image,छवि
Edit brand,Edit brand,Editar marca,تعديل العلامة التجارية,Modifier la marque,ब्रांड संपादित करें
Question,Question,Pregunta,سؤال,Question,सवाल
Add Social Icon,Add Social Icon,Agregar icono social,إضافة أيقونة التواصل الاجتماعي,Ajouter une icône sociale,सामाजिक आइकन जोड़ें
Social Icon,Social Icon,Icono social,أيقونة التواصل الاجتماعي,Icône sociale,सामाजिक चिह्न
Link,Link,Enlace,وصلة,Lien,जोड़ना
Edit Icon,Edit Icon,Editar icono,أيقونة التحرير,Modifier l'icône,संपादन चिह्न
Designation,Designation,Designación,تعيين,Désignation,पद का नाम
Rating,Rating,Clasificación,تصنيف,Notation,रेटिंग
Support Ticket,Support Ticket,Ticket de soporte,تذكرة الدعم,Ticket d'assistance,समर्थन टिकट
User (Fullname),User (Fullname),Usuario (nombre completo),المستخدم (الاسم الكامل),Utilisateur (nom complet),उपयोगकर्ता (पूरा नाम)
Total Money Out,Total Money Out,Total de dinero retirado,إجمالي الأموال الخارجة,Total des sorties d'argent,कुल धनराशि
User Overview,User Overview,Descripción general del usuario,نظرة عامة على المستخدم,Présentation de l'utilisateur,उपयोगकर्ता अवलोकन
Information of User,Information of User,Información del Usuario,معلومات المستخدم,Informations de l'utilisateur,उपयोगकर्ता की जानकारी
User Status,User Status,Estado del usuario,حالة المستخدم,Statut de l'utilisateur,उपयोगकर्ता स्थिति
User Login Logs,User Login Logs,Registros de inicio de sesión de usuario,سجلات تسجيل دخول المستخدم,Journaux de connexion des utilisateurs,उपयोगकर्ता लॉगिन लॉग
Select Platfrom,Select Platfrom,Seleccionar Plataforma,اختر المنصة,Sélectionnez la plateforme,प्लेटफ़ॉर्म चुनें
Secret Hash*,Secret Hash*,Hash secreto*,حشيش سري*,Hachage secret*,गुप्त हैश*
Vault ID Url*,Vault ID Url*,URL de ID de bóveda*,عنوان URL لمعرف الخزنة*,URL d'identification du coffre-fort*,वॉल्ट आईडी यूआरएल*
Card limit admin,Card Limit* Within (1 to 3),Límite de tarjeta* Dentro de (1 a 3),حد البطاقة* ضمن (1 إلى 3),Limite de carte* Dans (1 à 3),कार्ड सीमा* (1 से 3) के भीतर
Enter 1-3 Only.,Enter 1-3 Only.,Ingrese sólo del 1 al 3.,أدخل 1-3 فقط.,Entrez 1 à 3 uniquement.,केवल 1-3 दर्ज करें.
card-image,card-image,imagen de tarjeta,صورة البطاقة,image de carte,कार्ड-छवि
Background Image,Background Image,Imagen de fondo,صورة الخلفية,Image d'arrière-plan,पृष्ठभूमि छवि
Basic Settings (System & User),Basic Settings (System & User),Configuración básica (sistema y usuario),الإعدادات الأساسية (النظام والمستخدم),Paramètres de base (système et utilisateur),मूल सेटिंग्स (सिस्टम और उपयोगकर्ता)
Site Base Color,Site Base Color,Color base del sitio,لون قاعدة الموقع,Couleur de base du site,साइट का आधार रंग
input-group-text,input-group-text,texto del grupo de entrada,نص مجموعة الإدخال,groupe-d'entrée-texte,इनपुट-समूह-पाठ
Basic Settings (Agent),Basic Settings (Agent),Configuración básica (Agente),الإعدادات الأساسية (الوكيل),Paramètres de base (agent),मूल सेटिंग्स (एजेंट)
OTP Expiration,OTP Expiration,Vencimiento de OTP,انتهاء صلاحية OTP,Expiration du mot de passe à usage unique,ओटीपी समाप्ति
Basic Settings (Merchant),Basic Settings (Merchant),Configuración básica (Comerciante),الإعدادات الأساسية (التاجر),Paramètres de base (marchand),मूल सेटिंग्स (व्यापारी)
Activation Settings (System & User),Activation Settings (System & User),Configuración de activación (sistema y usuario),إعدادات التنشيط (النظام والمستخدم),Paramètres d'activation (système et utilisateur),सक्रियण सेटिंग्स (सिस्टम और उपयोगकर्ता)
Activated,Activated,Activado,تم التفعيل,Activé,सक्रिय
Deactivated,Deactivated,Desactivado,تم إلغاء تنشيطه,Désactivé,निष्क्रिय
Secure Password,Secure Password,Contraseña segura,كلمة مرور آمنة,Mot de passe sécurisé,सुरक्षित पासवर्ड
Activation Settings (Agent),Activation Settings (Agent),Configuración de activación (Agente),إعدادات التنشيط (الوكيل),Paramètres d'activation (agent),सक्रियण सेटिंग्स (एजेंट)
Agent Registration,Agent Registration,Registro de agente,تسجيل الوكيل,Enregistrement de l'agent,एजेंट पंजीकरण
Activation Settings (Merchant),Activation Settings (Merchant),Configuración de activación (Comerciante),إعدادات التنشيط (التاجر),Paramètres d'activation (marchand),सक्रियण सेटिंग्स (व्यापारी)
Search Engine Optimization (SEO),Search Engine Optimization (SEO),Optimización de motores de búsqueda (SEO),تحسين محركات البحث (SEO),Optimisation des moteurs de recherche (SEO),खोज इंजन अनुकूलन (एसईओ)
Social Title*,Social Title*,Título social*,اللقب الاجتماعي*,Titre social*,सामाजिक शीर्षक*
Social Description*,Social Description*,Descripción social*,الوصف الاجتماعي*,Description sociale*,सामाजिक विवरण*
Email successfully sended,Email successfully sended,Correo electrónico enviado exitosamente,تم إرسال البريد الإلكتروني بنجاح,E-mail envoyé avec succès,ईमेल सफलतापूर्वक भेजा गया
Pay Link Logs,Pay Link Logs,Registros de enlaces de pago,سجلات رابط الدفع,Journaux de liens de paiement,भुगतान लिंक लॉग
Mobile topup request approved successfully,Mobile topup request approved successfully,Solicitud de recarga móvil aprobada exitosamente,تمت الموافقة على طلب شحن الهاتف المحمول بنجاح,Demande de recharge mobile approuvée avec succès,मोबाइल टॉपअप अनुरोध सफलतापूर्वक स्वीकृत हुआ
Oops! User not exists,Oops! User not exists,¡Uy! El usuario no existe,عفواً! المستخدم غير موجود,Oups ! L'utilisateur n'existe pas.,ओह! उपयोगकर्ता मौजूद नहीं है
Add Money Details,Add Money Details,Agregar detalles de dinero,إضافة تفاصيل الأموال,Ajouter des détails financiers,धन विवरण जोड़ें
No data found!,No data found!,¡No se encontraron datos!,لم يتم العثور على أي بيانات!,Aucune donnée trouvée !,डाटा प्राप्त नहीं हुआ!
Bill Pay Details,Bill Pay Details,Detalles de pago de facturas,تفاصيل دفع الفاتورة,Détails du paiement des factures,बिल भुगतान विवरण
Phone,Phone,Teléfono,هاتف,Téléphone,फ़ोन
Mobile Topup Details,Mobile Topup Details,Detalles de recarga móvil,تفاصيل شحن الهاتف المحمول,Détails de la recharge mobile,मोबाइल टॉपअप विवरण
Money Out Details,Money Out Details,Detalles de retiro de dinero,تفاصيل صرف الأموال,Détails des retraits d'argent,पैसे निकालने का विवरण
User Email,User Email,Correo electrónico del usuario,البريد الإلكتروني للمستخدم,E-mail de l'utilisateur,उपयोगकर्ता ईमेल
Password Change,Password Change,Cambio de contraseña,تغيير كلمة المرور,Changement de mot de passe,पासवर्ड परिवर्तन
Remittance Details,Remittance Details,Detalles de la remesa,تفاصيل التحويل,Détails du versement,प्रेषक विवरण
Email Body*,Email Body*,Cuerpo del correo electrónico*,نص البريد الإلكتروني*,Corps de l'e-mail*,ईमेल बॉडी*
Tags,Tags,Etiquetas,العلامات,Mots clés,टैग
Icon,Icon,Icono,رمز,Icône,आइकन
Zip/Postal,Zip/Postal,Código postal,الرمز البريدي,Code postal,ज़िप/डाक
Monthly Money Out Chart,Monthly Money Out Chart,Gráfico de salida de dinero mensual,مخطط صرف الأموال شهريًا,Graphique des sorties d'argent mensuelles,मासिक मनी आउट चार्ट
Send Email,Send Email,Enviar correo electrónico,إرسال بريد إلكتروني,Envoyer un e-mail,ईमेल भेजें
Select User Wallet,Select User Wallet,Seleccionar billetera de usuario,حدد محفظة المستخدم,Sélectionner le portefeuille de l'utilisateur,उपयोगकर्ता वॉलेट चुनें
Select Role,Select Role,Seleccionar rol,حدد الدور,Sélectionner un rôle,भूमिका चुनें
Web Version,Web Version,Versión web,نسخة الويب,Version Web,वेब संस्करण
Site Name,Site Name,Nombre del sitio,اسم الموقع,Nom du site,जगह का नाम
Site Title,Site Title,Título del sitio,عنوان الموقع,Titre du site,घटनास्थल शीर्षक
Agree Policy,Agree Policy,Política de acuerdo,الموافقة على السياسة,Accepter la politique,नीति से सहमत
Force SSL,Force SSL,Forzar SSL,فرض SSL,Forcer SSL,SSL को बाध्य करें
Email Notification,Email Notification,Notificación por correo electrónico,إشعار البريد الإلكتروني,Notification par e-mail,ईमेल सूचना
Logo (Light Version,Logo (Light Version),Logotipo (versión ligera),الشعار (النسخة الخفيفة),Logo (version allégée),लोगो (लाइट संस्करण)
Logo (Dark Version),Logo (Dark Version),Logotipo (versión oscura),الشعار (النسخة المظلمة),Logo (version sombre),लोगो (डार्क संस्करण)
Favicon (Light Version),Favicon (Light Version),Favicon (versión ligera),أيقونة مفضلة (الإصدار الخفيف),Favicon (version allégée),फ़ेविकॉन (लाइट संस्करण)
Favicon (Dark Version),Favicon (Dark Version),Favicon (versión oscura),أيقونة مفضلة (النسخة المظلمة),Favicon (version sombre),फ़ेविकॉन (डार्क संस्करण)
Select Language,Select Language,Seleccionar idioma,اختر اللغة,Sélectionner la langue,भाषा चुने
Language File,Language File,Archivo de idioma,ملف اللغة,Fichier de langue,भाषा फ़ाइल
Notification Body,Notification Body,Organismo de notificación,نص الإشعار,Organisme de notification,अधिसूचना निकाय
Server App Name,App Name,Nombre de la aplicación,اسم التطبيق,Nom de l'application,ऐप का नाम
Login Section Text,Login Section Text,Texto de la sección de inicio de sesión,نص قسم تسجيل الدخول,Texte de la section de connexion,लॉगिन अनुभाग पाठ
Register Section Text,Register Section Text,Texto de la sección de registro,نص قسم التسجيل,Texte de la section Registre,रजिस्टर अनुभाग पाठ
Forget Section Text,Forget Section Text,Olvidar el texto de la sección,نسيان نص القسم,Oublier le texte de la section,अनुभाग पाठ भूल जाएँ
Google Play Link,Google Play Link,Enlace de Google Play,رابط جوجل بلاي,Lien Google Play,गूगल प्ले लिंक
Apple Link,Apple Link,Enlace de Apple,رابط ابل,Lien Apple,एप्पल लिंक
Google Play Image:,Google Play Image:,Imagen de Google Play:,صورة جوجل بلاي:,Image Google Play :,गूगल प्ले छवि:
Apple Store Image:,Apple Store Image:,Imagen de la tienda Apple:,صورة متجر Apple:,Image de l'Apple Store :,एप्पल स्टोर छवि:
Heading*,Heading*,Título*,عنوان*,Titre*,शीर्षक*
Sub Heading*,Sub Heading*,Subtítulo*,العنوان الفرعي*,Sous-titre*,उपशीर्षक*
Button Name *,Button Name *,Nombre del botón *,اسم الزر *,Nom du bouton *,बटन का नाम *
Banner Image:,Banner Image:,Imagen del banner:,صورة الشعار:,Image de la bannière :,बैनर छवि:
Office Hours*,Office Hours*,Horario de oficina*,ساعات العمل*,Heures d'ouverture*,कार्यालय अवधि*
Bottom Text*,Bottom Text*,Texto inferior*,النص السفلي*,Texte du bas*,निचला पाठ*
Answer*,Answer*,Respuesta*,إجابة*,Répondre*,उत्तर*
Intro Image*,Intro Image*,Imagen de introducción*,صورة المقدمة*,Image d'introduction*,परिचय छवि*
Intro Details*,Intro Details*,Detalles de introducción*,تفاصيل المقدمة*,Détails de l'introduction*,परिचय विवरण*
Footer Text*,Footer Text*,Texto de pie de página*,نص التذييل*,Texte de pied de page*,पाद लेख पाठ*
App Text*,App Text*,Texto de la aplicación*,نص التطبيق*,Texte de l'application*,ऐप टेक्स्ट*
Footer Details*,Footer Details*,Detalles del pie de página*,تفاصيل التذييل*,Détails du pied de page*,पादलेख विवरण*
Newsletter Details*,Newsletter Details*,Detalles del boletín informativo*,تفاصيل النشرة الإخبارية*,Détails de la newsletter*,न्यूज़लेटर विवरण*
Site Image:*,Site Image:*,Imagen del sitio:*,صورة الموقع:*,Image du site:*,साइट छवि:*
Apple Store Link*,Apple Store Link*,Enlace de la tienda Apple*,رابط متجر Apple*,Lien vers l'Apple Store*,एप्पल स्टोर लिंक*
Map Image:*,Map Image:*,Imagen del mapa:*,صورة الخريطة:*,Image de la carte :*,मानचित्र छवि:*
Header*,Header*,Encabezamiento*,الرأس*,En-tête*,हेडर*
appLProfitBalance,Profit Balance,Saldo de beneficios,رصيد الربح,Solde des bénéfices,लाभ संतुलन
appLStoreName,Store Name,Nombre de la tienda,اسم المتجر,Nom du magasin,स्टोर नाम
appLEnterStoreName,Enter Store Name,Ingrese el nombre de la tienda,أدخل اسم المتجر,Entrez le nom du magasin,स्टोर का नाम दर्ज करें
appLEnable2faSecurity,Enable 2fa Security,Habilitar la seguridad 2fa,تمكين أمان 2fa,Activer la sécurité 2fa,2fa सुरक्षा सक्षम करें
appLEnable,Enable,Permitir,يُمكَِن,Activer,सक्षम
appLDisable,Disable,Desactivar,إبطال,Désactiver,अक्षम करना
appLQrCodeAddressCopy,Qr Address copied to clipboard,Dirección QR copiada al portapapeles,تم نسخ عنوان Qr إلى الحافظة,Adresse QR copiée dans le presse-papiers,Qr पता क्लिपबोर्ड पर कॉपी किया गया
appLMoneyIn,Money In,Dinero en,المال في,Argent dans,में पैसा
appLProfitLog,Profit Log,Registro de ganancias,سجل الأرباح,Journal des bénéfices,लाभ लॉग
appLMySenders,My Senders,Mis remitentes,مُرسِلي,Mes expéditeurs,मेरे प्रेषक
appLSender,Sender,Remitente,مرسل,Expéditeur,प्रेषक
appLMyRecipients,My Recipients,Mis destinatarios,متلقياتي,Mes destinataires,मेरे प्राप्तकर्ता
appLRecipients,Recipients,Destinatarios,المستلمون,Destinataires,प्राप्तकर्ता
appLProfitAmount,Profit Amount,Monto de la ganancia,مبلغ الربح,Montant du bénéfice,लाभ राशि
SPayment Link Logs,Payment Link Logs,Registros de enlaces de pago,سجلات روابط الدفع,Journaux des liens de paiement,भुगतान लिंक लॉग
yourCardSuccess,Card Create Successfully,Tarjeta creada exitosamente,تم إنشاء البطاقة بنجاح,Carte créée avec succès,कार्ड सफलतापूर्वक बनाया गया
enterPassport,Enter Passport,Introducir pasaporte,أدخل جواز السفر,Entrez le passeport,पासपोर्ट दर्ज करें
passport,Passport,Pasaporte,جواز سفر,Passeport,पासपोर्ट
Step,Step,Paso,خطوة,Étape,कदम
Get It On,Get It On,Consíguelo,احصل عليه,Lancez-vous,इसे शुरू करें
Download On The,Download On The,Descargar en el,تنزيل على,Télécharger sur le,डाउनलोड करें
Apple Store,Apple Store,Tienda Apple,متجر أبل,Apple Store,सेब दुकान
Subscribe,Subscribe,Suscribir,يشترك,S'abonner,सदस्यता लें
Read More,Read More,Leer más,اقرأ المزيد,En savoir plus,और पढ़ें
Recent Posts,Recent Posts,Entradas recientes,المشاركات الاخيرة,Articles récents,हाल के पोस्ट
Login in to Dashboard,Login in to Dashboard,Iniciar sesión en el panel de control,تسجيل الدخول إلى لوحة التحكم,Connectez-vous au tableau de bord,डैशबोर्ड में लॉगिन करें
Introduction,Introduction,Introducción,مقدمة,Introduction,परिचय
Getting Started,Getting Started,Empezando,ابدء,Commencer,शुरू करना
Prerequisites,Prerequisites,Prerrequisitos,المتطلبات الأساسية,Prérequis,आवश्यक शर्तें
Authentication,Authentication,Autenticación,المصادقة,Authentification,प्रमाणीकरण
Base URL,Base URL,URL base,عنوان URL الأساسي,URL de base,आधार URL
API Reference,API Reference,Referencia de API,مرجع واجهة برمجة التطبيقات,Référence de l'API,एपीआई संदर्भ
Access Token,Access Token,Token de acceso,رمز الوصول,Jeton d'accès,एक्सेस टोकन
Initiate Payment,Initiate Payment,Iniciar pago,بدء الدفع,Lancer le paiement,भुगतान आरंभ करें
Check Payment Status,Check Payment Status,Verificar el estado del pago,التحقق من حالة الدفع,Vérifier l'état du paiement,भुगतान स्थिति जांचें
Response Codes,Response Codes,Códigos de respuesta,رموز الاستجابة,Codes de réponse,प्रतिक्रिया कोड
Error Handling,Error Handling,Manejo de errores,معالجة الأخطاء,Gestion des erreurs,त्रुटि प्रबंधन
Best Practices,Best Practices,Mejores prácticas,أفضل الممارسات,Meilleures pratiques,सर्वोत्तम प्रथाएं
Examples,Examples,Ejemplos,أمثلة,Exemples,उदाहरण
Support,Support,Apoyo,يدعم,Soutien,सहायता
Basic knowledge of API integration and web development with PHP & Laravel.,Basic knowledge of API integration and web development with PHP & Laravel.,Conocimientos básicos de integración de API y desarrollo web con PHP y Laravel.,المعرفة الأساسية بتكامل واجهة برمجة التطبيقات وتطوير الويب باستخدام PHP و Laravel.,Connaissances de base de l'intégration d'API et du développement Web avec PHP et Laravel.,PHP एवं Laravel के साथ API एकीकरण और वेब विकास का बुनियादी ज्ञान।
A secure and accessible web server to handle API requests.,A secure and accessible web server to handle API requests.,Un servidor web seguro y accesible para gestionar solicitudes de API.,خادم ويب آمن وسهل الوصول إليه للتعامل مع طلبات واجهة برمجة التطبيقات.,Un serveur Web sécurisé et accessible pour gérer les requêtes API.,API अनुरोधों को संभालने के लिए एक सुरक्षित और सुलभ वेब सर्वर।
An active,An active,Un activo,نشط,Un actif,एक सक्रिय
merchant account.,merchant account.,cuenta mercantil,حساب التاجر.,compte marchand.,मर्चेंट खाता।
Before you begin integrating the,Before you begin integrating the,Antes de comenzar a integrar el,قبل أن تبدأ في دمج,Avant de commencer à intégrer le,इससे पहले कि आप एकीकरण शुरू करें
"Developer API, make sure you have","Developer API, make sure you have","API para desarrolladores, asegúrate de tenerla",واجهة برمجة التطبيقات للمطورين، تأكد من أن لديك,"API développeur, assurez-vous d'avoir","डेवलपर API, सुनिश्चित करें कि आपके पास"
To access the,To access the,Para acceder a la,للوصول إلى,Pour accéder au,तक पहुँचने के लिए
"Developer API, you’ll need an API key. You can obtain your API key by logging in to your","Developer API, you’ll need an API key. You can obtain your API key by logging in to your",API para desarrolladores: necesitarás una clave API. Puedes obtenerla iniciando sesión en tu cuenta.,واجهة برمجة تطبيقات المطور، ستحتاج إلى مفتاح واجهة برمجة تطبيقات. يمكنك الحصول على مفتاح واجهة برمجة التطبيقات الخاص بك بتسجيل الدخول إلى,"Pour l'API développeur, vous aurez besoin d'une clé API. Vous pouvez l'obtenir en vous connectant à votre compte.","डेवलपर API के लिए, आपको एक API कुंजी की आवश्यकता होगी। आप अपने खाते में लॉग इन करके अपनी API कुंजी प्राप्त कर सकते हैं।"
merchant account and navigating to the API section. Collect,merchant account and navigating to the API section. Collect,Cuenta comercial y navega a la sección API. Recopilar,حساب التاجر والانتقال إلى قسم واجهة برمجة التطبيقات. اجمع,compte marchand et accédez à la section API. Collecter,व्यापारी खाते में जाकर API सेक्शन पर जाएँ।
Carefully. Keep your API key confidential and do not share it publicly.,Carefully. Keep your API key confidential and do not share it publicly.,Con cuidado. Mantén la confidencialidad de tu clave API y no la compartas públicamente.,بحذر. حافظ على سرية مفتاح API الخاص بك ولا تشاركه مع أي جهة عامة.,Attention : préservez la confidentialité de votre clé API et ne la partagez pas publiquement.,सावधानी बरतें। अपनी API कुंजी गोपनीय रखें और इसे सार्वजनिक रूप से साझा न करें।
If you don't have any merchant account please,If you don't have any merchant account please,"Si no tiene ninguna cuenta comercial, por favor",إذا لم يكن لديك أي حساب تاجر، يرجى,"Si vous n'avez pas de compte marchand, veuillez",यदि आपके पास कोई व्यापारी खाता नहीं है तो कृपया
to continue,to continue,Para continuar,للاستمرار,continuer,जारी रखने के लिए
The base URL for API requests is,The base URL for API requests is,La URL base para las solicitudes de API es,عنوان URL الأساسي لطلبات واجهة برمجة التطبيقات هو,L'URL de base pour les requêtes API est,API अनुरोधों के लिए आधार URL है
For PRODUCTION Mode,For PRODUCTION Mode,Para el modo PRODUCCIÓN,لوضع الإنتاج,Pour le mode PRODUCTION,उत्पादन मोड के लिए
For SANDBOX Mode,For SANDBOX Mode,Para el modo SANDBOX,لوضع SANDBOX,Pour le mode SANDBOX,सैंडबॉक्स मोड के लिए
Get Access Token,Get Access Token,Obtener token de acceso,الحصول على رمز الوصول,Obtenir un jeton d'accès,एक्सेस टोकन प्राप्त करें
Get access token to initiates payment transaction.,Get access token to initiates payment transaction.,Obtenga un token de acceso para iniciar la transacción de pago.,احصل على رمز الوصول لبدء معاملة الدفع.,Obtenez un jeton d'accès pour initier une transaction de paiement.,भुगतान लेनदेन आरंभ करने के लिए एक्सेस टोकन प्राप्त करें।
Endpoint,Endpoint,Punto final,نقطة النهاية,Point final,endpoint
Parameter,Parameter,Parámetro,المعلمة,Paramètre,पैरामीटर
Enter merchant API client/primary key,Enter merchant API client/primary key,Ingrese la clave principal/del cliente de la API del comerciante,أدخل عميل API للتاجر/المفتاح الأساسي,Saisissez la clé primaire/client de l'API marchande,व्यापारी API क्लाइंट/प्राथमिक कुंजी दर्ज करें
Comments,Comments,Comentarios,تعليقات,Commentaires,टिप्पणियाँ
Enter merchant API secret key,Enter merchant API secret key,Ingrese la clave secreta de la API del comerciante,أدخل مفتاح API السري للتاجر,Entrez la clé secrète de l'API du commerçant,व्यापारी API गुप्त कुंजी दर्ज करें
Just request to that endpoint with all parameter listed below,Just request to that endpoint with all parameter listed below,Simplemente solicite ese punto final con todos los parámetros enumerados a continuación,ما عليك سوى الطلب إلى تلك النقطة النهائية مع جميع المعلمات المدرجة أدناه,Il suffit de demander à ce point de terminaison avec tous les paramètres répertoriés ci-dessous,बस नीचे सूचीबद्ध सभी पैरामीटर के साथ उस समापन बिंदु पर अनुरोध करें
Initiate Payment ,Initiate Payment ,Iniciar pago,بدء الدفع,Lancer le paiement,भुगतान आरंभ करें
Initiates a new payment transaction.,Initiates a new payment transaction.,Inicia una nueva transacción de pago.,يبدأ معاملة دفع جديدة.,Initie une nouvelle transaction de paiement.,एक नया भुगतान लेनदेन आरंभ करता है.
"Your Amount , Must be rounded at 2 precision.","Your Amount , Must be rounded at 2 precision.","Su monto, debe redondearse con una precisión de 2.",المبلغ الخاص بك، يجب تقريبه إلى 2 دقة.,Votre montant doit être arrondi à 2 précisions.,"आपकी राशि, 2 परिशुद्धता पर गोल होनी चाहिए।"
"Currency Code, Must be in Upper Case (Alpha-3 code)","Currency Code, Must be in Upper Case (Alpha-3 code)","Código de moneda, debe estar en mayúsculas (código alfa-3)",رمز العملة، يجب أن يكون بأحرف كبيرة (رمز Alpha-3),"Code de devise, doit être en majuscules (code alpha-3)","मुद्रा कोड, बड़े अक्षरों में होना चाहिए (अल्फा-3 कोड)"
Enter your return or success URL,Enter your return or success URL,Ingrese su URL de retorno o de éxito,أدخل عنوان URL الخاص بالإرجاع أو النجاح,Saisissez votre URL de retour ou de réussite,अपना रिटर्न या सफलता URL दर्ज करें
Enter your cancel or failed URL,Enter your cancel or failed URL,Ingrese su URL de cancelación o fallida,أدخل عنوان URL الخاص بالإلغاء أو الفشل,Saisissez votre URL d'annulation ou d'échec,अपना रद्द या विफल URL दर्ज करें
Transaction id which can be used your project transaction,Transaction id which can be used your project transaction,ID de transacción que puede usarse en la transacción de su proyecto,معرف المعاملة الذي يمكن استخدامه في معاملة مشروعك,ID de transaction qui peut être utilisé pour votre transaction de projet,लेन-देन आईडी जिसका उपयोग आपके प्रोजेक्ट लेन-देन में किया जा सकता है
Checks the status of a payment.,Checks the status of a payment.,Comprueba el estado de un pago.,التحقق من حالة الدفع.,Vérifie le statut d'un paiement.,भुगतान की स्थिति की जाँच करता है.
API responses include standard HTTP status codes to indicate the success or failure of a request. Successful responses will have a status code of,API responses include standard HTTP status codes to indicate the success or failure of a request. Successful responses will have a status code of,Las respuestas de la API incluyen códigos de estado HTTP estándar para indicar el éxito o el fracaso de una solicitud. Las respuestas exitosas tendrán un código de estado de,تتضمن استجابات واجهة برمجة التطبيقات رموز حالة HTTP قياسية للإشارة إلى نجاح الطلب أو فشله. ستحمل الاستجابات الناجحة رمز حالة,Les réponses API incluent des codes d'état HTTP standard indiquant la réussite ou l'échec d'une requête. Les réponses réussies auront un code d'état de,API प्रतिक्रियाओं में मानक HTTP स्थिति कोड शामिल होते हैं जो अनुरोध की सफलता या विफलता को दर्शाते हैं। सफल प्रतिक्रियाओं का स्थिति कोड होगा
200 OK,200 OK,200 OK,200 موافق,200 OK,200 ठीक है
while various error conditions will be represented by different status codes along with error messages in the response body.,while various error conditions will be represented by different status codes along with error messages in the response body.,Mientras que varias condiciones de error estarán representadas por diferentes códigos de estado junto con mensajes de error en el cuerpo de la respuesta.,في حين سيتم تمثيل ظروف الخطأ المختلفة بواسطة رموز حالة مختلفة إلى جانب رسائل الخطأ في نص الاستجابة.,tandis que diverses conditions d'erreur seront représentées par différents codes d'état ainsi que des messages d'erreur dans le corps de la réponse.,जबकि विभिन्न त्रुटि स्थितियों को प्रतिक्रिया निकाय में त्रुटि संदेशों के साथ-साथ विभिन्न स्थिति कोड द्वारा दर्शाया जाएगा।
"In case of an error, the API will return an error response containing a specific error code","In case of an error, the API will return an error response containing a specific error code","En caso de error, la API devolverá una respuesta de error que contiene un código de error específico.",في حالة حدوث خطأ، ستقوم واجهة برمجة التطبيقات بإرجاع استجابة خطأ تحتوي على رمز خطأ محدد,"En cas d'erreur, l'API renverra une réponse d'erreur contenant un code d'erreur spécifique","किसी त्रुटि की स्थिति में, API एक विशिष्ट त्रुटि कोड युक्त त्रुटि प्रतिक्रिया लौटाएगा"
"400, 403 Failed","400, 403 Failed","400, 403 Falló",400، 403 فشل,"400, 403 Échec","400, 403 विफल"
and a user-friendly message. Refer to our API documentation for a comprehensive list of error codes and their descriptions.,and a user-friendly message. Refer to our API documentation for a comprehensive list of error codes and their descriptions.,y un mensaje intuitivo. Consulta nuestra documentación de API para obtener una lista completa de códigos de error y sus descripciones.,ورسالة سهلة الاستخدام. راجع وثائق واجهة برمجة التطبيقات (API) الخاصة بنا للاطلاع على قائمة شاملة برموز الأخطاء وأوصافها.,et un message convivial. Consultez notre documentation API pour obtenir la liste complète des codes d'erreur et leurs descriptions.,और एक उपयोगकर्ता-अनुकूल संदेश। त्रुटि कोड और उनके विवरण की विस्तृत सूची के लिए हमारे API दस्तावेज़ देखें।
"To ensure a smooth integration process and optimal performance, follow these best practices","To ensure a smooth integration process and optimal performance, follow these best practices","Para garantizar un proceso de integración fluido y un rendimiento óptimo, siga estas prácticas recomendadas",لضمان عملية تكامل سلسة وأداء مثالي، اتبع أفضل الممارسات التالية,"Pour garantir un processus d'intégration fluide et des performances optimales, suivez ces bonnes pratiques","सुचारू एकीकरण प्रक्रिया और इष्टतम प्रदर्शन सुनिश्चित करने के लिए, इन सर्वोत्तम प्रथाओं का पालन करें"
Use secure HTTPS connections for all API requests.,Use secure HTTPS connections for all API requests.,Utilice conexiones HTTPS seguras para todas las solicitudes de API.,استخدم اتصالات HTTPS الآمنة لجميع طلبات API.,Utilisez des connexions HTTPS sécurisées pour toutes les requêtes API.,सभी API अनुरोधों के लिए सुरक्षित HTTPS कनेक्शन का उपयोग करें.
Implement robust error handling to handle potential issues gracefully.,Implement robust error handling to handle potential issues gracefully.,Implemente un manejo robusto de errores para tratar problemas potenciales con elegancia.,تنفيذ معالجة قوية للأخطاء للتعامل مع المشكلات المحتملة بسلاسة.,Implémentez une gestion des erreurs robuste pour gérer les problèmes potentiels avec élégance.,संभावित समस्याओं को सुचारू रूप से संभालने के लिए मजबूत त्रुटि प्रबंधन को लागू करें।
Regularly update your integration to stay current with any API changes or enhancements.,Regularly update your integration to stay current with any API changes or enhancements.,Actualice periódicamente su integración para mantenerse al día con cualquier cambio o mejora de la API.,قم بتحديث تكاملك بانتظام لتظل على اطلاع بأي تغييرات أو تحسينات في واجهة برمجة التطبيقات.,Mettez régulièrement à jour votre intégration pour rester au courant de toutes les modifications ou améliorations de l'API.,किसी भी API परिवर्तन या संवर्द्धन के साथ अद्यतन रहने के लिए अपने एकीकरण को नियमित रूप से अपडेट करें।
"For code examples and implementation guides, please refer to the “Examples” section on our developer portal.","For code examples and implementation guides, please refer to the “Examples” section on our developer portal.","Para obtener ejemplos de código y guías de implementación, consulte la sección “Ejemplos” en nuestro portal para desarrolladores.","للحصول على أمثلة التعليمات البرمجية وأدلة التنفيذ، يرجى الرجوع إلى قسم ""الأمثلة"" على بوابة المطورين الخاصة بنا.","Pour des exemples de code et des guides d’implémentation, veuillez vous référer à la section « Exemples » sur notre portail développeur.","कोड उदाहरणों और कार्यान्वयन मार्गदर्शिकाओं के लिए, कृपया हमारे डेवलपर पोर्टल पर ""उदाहरण"" अनुभाग देखें।"
"If you encounter any issues or need assistance, please reach out to our dedicated developer support team","If you encounter any issues or need assistance, please reach out to our dedicated developer support team","Si tiene algún problema o necesita ayuda, comuníquese con nuestro equipo de soporte para desarrolladores dedicado.",إذا واجهت أي مشكلات أو كنت بحاجة إلى مساعدة، فيرجى التواصل مع فريق دعم المطورين المخصص لدينا,"Si vous rencontrez des problèmes ou avez besoin d'aide, veuillez contacter notre équipe d'assistance dédiée aux développeurs.","यदि आपको कोई समस्या आती है या सहायता की आवश्यकता है, तो कृपया हमारी समर्पित डेवलपर सहायता टीम से संपर्क करें"
Contact Us,Contact Us,Contáctenos,اتصل بنا,Contactez-nous,हमसे संपर्क करें
Thank you for choosing,Thank you for choosing,Gracias por elegirnos,شكرا لاختيارك,Merci d'avoir choisi,चुनने के लिए धन्यवाद
Payment Gateway Solutions! We look forward to seeing your integration thrive and provide a seamless payment experience for your valued customers.,Payment Gateway Solutions! We look forward to seeing your integration thrive and provide a seamless payment experience for your valued customers.,Soluciones de pasarela de pago. Esperamos ver su integración prosperar y brindar una experiencia de pago fluida a sus valiosos clientes.,حلول بوابة الدفع! نتطلع إلى نجاح تكاملكم وتوفير تجربة دفع سلسة لعملائكم الكرام.,Solutions de passerelle de paiement ! Nous sommes impatients de voir votre intégration réussir et d'offrir une expérience de paiement fluide à vos clients.,भुगतान गेटवे समाधान! हम आपके एकीकरण को फलते-फूलते देखने और आपके मूल्यवान ग्राहकों को एक सहज भुगतान अनुभव प्रदान करने के लिए तत्पर हैं।
Our Location,Our Location,Nuestra ubicación,موقعنا,Notre emplacement,हमारा स्थान
Call Us At,Call Us At,Llámanos al,اتصل بنا على,Appelez-nous au,हमें पर फोन करो
Email Us Directly,Email Us Directly,Envíenos un correo electrónico directamente,راسلنا مباشرة عبر البريد الإلكتروني,Envoyez-nous un e-mail directement,हमें सीधे ईमेल करें
Enter Name,Enter Name,Introducir nombre,أدخل الاسم,Entrez le nom,नाम दर्ज करें
Enter Subject,Enter Subject,Introduzca el asunto,أدخل الموضوع,Entrez le sujet,विषय दर्ज करें
Send Message,Send Message,Enviar mensaje,إرسال رسالة,Envoyer un message,मेसेज भेजें
Overview,Overview,Descripción general,ملخص,Aperçu,अवलोकन
Total Receive Remittance,Total Receive Remittance,Remesa total recibida,إجمالي الحوالات المستلمة,Total des remises reçues,कुल प्राप्त धन
Total Send Remittance,Total Send Remittance,Remesa total enviada,إجمالي إرسال الحوالات,Total des envois de fonds,कुल भेजा गया धन
Total Withdraw,Total Withdraw,Retiro total,إجمالي السحب,Retrait total,कुल निकासी
Add Money Chart,Add Money Chart,Agregar gráfico de dinero,إضافة مخطط الأموال,Tableau d'ajout d'argent,धन चार्ट जोड़ें
Send Money to,Send Money to,Enviar dinero a,إرسال الأموال إلى,Envoyer de l'argent à,पैसे भेजें
Received Money from,Received Money from,Recibió dinero de,تم استلام الأموال من,Reçu de l'argent de,से धन प्राप्त हुआ
Make Payment to,Make Payment to,Realizar pago a,قم بالدفع إلى,Effectuer un paiement à,भुगतान करें
Send Remittance to,Send Remittance to,Enviar remesa a,إرسال الحوالة إلى,Envoyer un virement à,धन प्रेषण भेजें
Received Remittance from,Received Remittance from,Remesa recibida de,تم استلام الحوالة من,Reçu un versement de,से प्राप्त धन
Payment Money to,Payment Money to,Pago de dinero a,دفع المال إلى,Paiement d'argent à,भुगतान राशि
Request Money to,Request Money to,Solicitar dinero a,طلب المال إلى,Demander de l'argent à,धन का अनुरोध करें
Money Out to,Money Out to,Dinero fuera a,الأموال الصادرة إلى,Argent sorti vers,पैसा बाहर
Money In From,Money In From,Dinero que entra desde,المال في من,Argent provenant de,पैसा अंदर से
web_trx_id,Transaction ID,ID de transacción,معرف المعاملة,ID de transaction,लेनदेन आईडी
Exchange Amount,Exchange Amount,Monto de cambio,مبلغ الصرف,Montant de l'échange,विनिमय राशि
Sender Amount,Sender Amount,Importe del remitente,المبلغ المرسل,Montant de l'expéditeur,प्रेषक राशि
Time & Date,Time & Date,Hora y fecha,الوقت والتاريخ,Heure et date,समय और दिनांक
Process,Process,Proceso,عملية,Processus,प्रक्रिया
Rejection Reason,Rejection Reason,Motivo del rechazo,سبب الرفض,Motif du rejet,अस्वीकृति का कारण
Transactions,Transactions,Actas,المعاملات,Transactions,लेनदेन
Logout,Logout,Cerrar sesión,تسجيل الخروج,Déconnexion,लॉग आउट
How can we help you?,How can we help you?,¿Cómo podemos ayudarle?,كيف يمكننا مساعدتك؟,Comment pouvons-nous vous aider?,हम आपकी कैसे मदद कर सकते हैं?
Are you sure to,Are you sure to,¿Estás seguro de?,هل انت متأكد من ذلك؟,Êtes-vous sûr de,क्या आप निश्चित हैं
Canceled,Canceled,Cancelado,تم الإلغاء,Annulé,रद्द
Hold,Hold,Sostener,يمسك,Prise,पकड़ना
Enter Request Amount,Enter Request Amount,Ingrese el monto solicitado,أدخل مبلغ الطلب,Entrez le montant de la demande,अनुरोध राशि दर्ज करें
Remarks ,Remarks ,Observaciones,ملاحظات,Remarques,टिप्पणी 
Request Money Preview,Request Money Preview,Solicitar vista previa del dinero,طلب معاينة الأموال,Demande d'argent Aperçu,धन का अनुरोध पूर्वावलोकन
From Country,From Country,Del país,من البلد,Du pays,देश से
To Country,To Country,Al país,الى البلد,Au pays,देश के लिए
Select Recipient,Select Recipient,Seleccionar destinatario,حدد المستلم,Sélectionner le destinataire,प्राप्तकर्ता चुनें
Payment Gateway,Payment Gateway,Pasarela de pago,بوابة الدفع,Passerelle de paiement,भुगतान गेटवे
Payment Fee,Payment Fee,Tarifa de pago,رسوم الدفع,Frais de paiement,भुगतान शुल्क
Money Out Fee,Money Out Fee,Tarifa de retiro de dinero,رسوم سحب الأموال,Frais de retrait d'argent,मनी आउट शुल्क
Create Card Form,Create Card Form,Formulario para crear tarjeta,إنشاء نموذج البطاقة,Créer un formulaire de carte,कार्ड फ़ॉर्म बनाएँ
Create Virtual Card,Create Virtual Card,Crear tarjeta virtual,إنشاء بطاقة افتراضية,Créer une carte virtuelle,वर्चुअल कार्ड बनाएँ
Fund Virtual Card,Fund Virtual Card,Tarjeta virtual de fondos,تمويل البطاقة الافتراضية,Carte virtuelle Fund,फंड वर्चुअल कार्ड
Fees,Fees,Honorarios,مصاريف,Frais,फीस
Cvv,Cvv,CVV,رمز CVV,CVV,सीवीवी
Card Color,Card Color,Color de la tarjeta,لون البطاقة,Couleur de la carte,कार्ड का रंग
TEST MODE,TEST MODE,MODO DE PRUEBA,وضع الاختبار,MODE TEST,परीक्षण मोड
My Card,My Card,Mi tarjeta,بطاقتي,Ma carte,मेरे कार्ड
Fund Card,Fund Card,Tarjeta de fondos,بطاقة الصندوق,Carte de fonds,फंड कार्ड
Passport Number,Passport Number,Número de pasaporte,رقم جواز السفر,Numéro de passeport,पासपोर्ट नंबर
Enter Passport Number,Enter Passport Number,Ingrese el número de pasaporte,أدخل رقم جواز السفر,Entrez le numéro de passeport,पासपोर्ट नंबर दर्ज करें
Date of birth in mm/dd/yyyy,Date of birth in mm/dd/yyyy,Fecha de nacimiento en mm/dd/aaaa,تاريخ الميلاد بالشهر/اليوم/السنة,Date de naissance en mm/jj/aaaa,जन्म तिथि (mm/dd/yyyy में)
Freeze,Freeze,Congelar,تجميد,Geler,जमाना
UnFreeze,UnFreeze,Descongelar,إزالة التجميد,Dégeler,नरम कर देना
Account,Account,Cuenta,حساب,Compte,खाता
TopUp Fee,TopUp Fee,Tarifa de recarga,رسوم إعادة الشحن,Frais de recharge,टॉपअप शुल्क
"Ex: Transaction ID, Withdraw Money","Ex: Transaction ID, Withdraw Money","Ej: ID de transacción, Retirar dinero",مثال: معرف المعاملة، سحب الأموال,"Ex : ID de transaction, retirer de l'argent","उदाहरण: लेनदेन आईडी, पैसे निकालना"
Current Password,Current Password,Contraseña actual,كلمة المرور الحالية,Mot de passe actuel,वर्तमान पासवर्ड
KYC Information,KYC Information,Información KYC,معلومات اعرف عميلك,Informations KYC,केवाईसी जानकारी
pendingKycText,Your KYC information is submited. Please wait for admin confirmation. When you are KYC verified you will show your submited information here.,"Su información KYC ha sido enviada. Espere la confirmación del administrador. Una vez verificada su identidad, la información enviada se mostrará aquí.",تم إرسال معلومات KYC الخاصة بك. يُرجى انتظار تأكيد الإدارة. عند التحقق من KYC، ستظهر معلوماتك هنا.,"Vos informations KYC ont été soumises. Veuillez attendre la confirmation de l'administrateur. Une fois votre KYC vérifié, vous pourrez les afficher ici.","आपकी KYC जानकारी सबमिट कर दी गई है। कृपया एडमिन की पुष्टि की प्रतीक्षा करें। जब आपका KYC सत्यापन हो जाएगा, तो आपकी सबमिट की गई जानकारी यहाँ दिखाई देगी।"
Your KYC information is verified,Your KYC information is verified,Su información KYC está verificada,تم التحقق من معلومات KYC الخاصة بك,Vos informations KYC sont vérifiées,आपकी KYC जानकारी सत्यापित है
rejectedKycKey,Your KYC information is rejected.,Su información KYC es rechazada.,تم رفض معلومات KYC الخاصة بك.,Vos informations KYC sont rejetées.,आपकी केवाईसी जानकारी अस्वीकृत कर दी गई है।
verifyKycInformation,Please verify KYC information,Por favor verifique la información KYC,يرجى التحقق من معلومات KYC,Veuillez vérifier les informations KYC,कृपया केवाईसी जानकारी सत्यापित करें
Verify KYC,Verify KYC,Verificar KYC,التحقق من KYC,Vérifier KYC,केवाईसी सत्यापित करें
verifiedKycText,Your KYC information is verified,Su información KYC está verificada,تم التحقق من معلومات KYC الخاصة بك,Vos informations KYC sont vérifiées,आपकी KYC जानकारी सत्यापित है
Back to,Back to,Volver a,العودة إلى,Retour à,वापस
Create New Link,Create New Link,Crear nuevo enlace,إنشاء رابط جديد,Créer un nouveau lien,नया लिंक बनाएँ
MM / YY / CVC,MM / YY / CVC,MM / AA / CVC,مم / سنة / رمز التحقق من البطاقة,MM / AA / CVC,माह/वर्ष/सीवीसी
Securely save my information for 1-click checkout,Securely save my information for 1-click checkout,Guarde mi información de forma segura para realizar el pago con un solo clic,احفظ معلوماتي بشكل آمن لإتمام عملية الشراء بنقرة واحدة,Sauvegardez mes informations en toute sécurité pour un paiement en 1 clic,1-क्लिक चेकआउट के लिए मेरी जानकारी सुरक्षित रूप से सहेजें
and everywhere Link is accepted,and everywhere Link is accepted,y en todas partes se acepta Link,وفي كل مكان يتم قبول الرابط,et partout où Link est accepté,और हर जगह लिंक स्वीकार किया जाता है
Create Another Link,Create Another Link,Crear otro enlace,إنشاء رابط آخر,Créer un autre lien,एक और लिंक बनाएँ
Copy link,Copy link,Copiar enlace,نسخ الوصلة,Copier le lien,लिंक की प्रतिलिपि करें
Rejected,Rejected,Rechazado,مرفوض,Rejeté,अस्वीकार कर दिया
Waiting,Waiting,Espera,منتظر,En attendant,इंतज़ार में
Saved Recipients,Saved Recipients,Destinatarios guardados,المستلمون المحفوظون,Destinataires enregistrés,सहेजे गए प्राप्तकर्ता
If you do not think you will use,If you do not think you will use,Si no crees que lo usarás,إذا كنت لا تعتقد أنك سوف تستخدم,Si vous ne pensez pas que vous l'utiliserez,यदि आपको नहीं लगता कि आप इसका उपयोग करेंगे
agent Money Out,Agent Money Out,Dinero retirado del agente,وكيل أموال خارج,Agent Money Out,एजेंट का पैसा खत्म
body_text_web,"again and like your account deleted, we can take care of this for you. Keep in mind you will not be able to reactivate your account or retrieve any of the content or information you have added. If you would still like your account deleted","Si desea que eliminemos su cuenta, podemos encargarnos de ello. Tenga en cuenta que no podrá reactivarla ni recuperar el contenido ni la información que haya añadido. Si aún desea que eliminemos su cuenta",مرة أخرى، وكما هو الحال مع حذف حسابك، يمكننا الاعتناء بهذا الأمر نيابةً عنك. تذكر أنك لن تتمكن من إعادة تفعيل حسابك أو استرجاع أي محتوى أو معلومات أضفتها. إذا كنت لا تزال ترغب في حذف حسابك،,"Si votre compte est supprimé, nous pouvons nous en occuper. Notez que vous ne pourrez pas réactiver votre compte ni récupérer le contenu ou les informations que vous avez ajoutés. Si vous souhaitez toujours supprimer votre compte,","अगर आप फिर से अपना खाता हटाना चाहते हैं, तो हम आपकी मदद कर सकते हैं। ध्यान रखें कि आप अपना खाता दोबारा सक्रिय नहीं कर पाएँगे या आपके द्वारा जोड़ी गई कोई भी सामग्री या जानकारी वापस नहीं पा सकेंगे। अगर आप फिर भी अपना खाता हटाना चाहते हैं, तो"
My Wallet (Sandbox),My Wallet (Sandbox),Mi billetera (Sandbox),محفظتي (صندوق الرمل),Mon portefeuille (bac à sable),मेरा वॉलेट (सैंडबॉक्स)
Fiat Currency,Fiat Currency,Moneda fiduciaria,العملة الورقية,Monnaie fiduciaire,फिएट मुद्रा
Withdraw Money Chart,Withdraw Money Chart,Tabla de retiro de dinero,مخطط سحب الأموال,Tableau de retrait d'argent,पैसे निकालने का चार्ट
Payment Money from,Payment Money from,Pago Dinero de,دفع الأموال من,Paiement Argent de,भुगतान राशि
Bussines Name,Bussines Name,Nombre de la empresa,اسم العمل,Nom de l'entreprise,व्यवसाय का नाम
Closed,Closed,Cerrado,مغلق,Fermé,बंद किया हुआ
URL Copied To Clipboard!,URL Copied To Clipboard!,URL copiada al portapapeles!,تم نسخ الرابط إلى الحافظة!,URL copiée dans le presse-papiers !,URL क्लिपबोर्ड पर कॉपी किया गया!
Make Close,Make Close,Hacer Cerrar,جعل إغلاق,Faire Fermer,बंद करें
Make Active,Make Active,Hacer activo,جعل نشطًا,Rendre actif,सक्रिय बनाएं
2 factor authentication (Powered by google),2 factor authentication (Powered by google),Autenticación de dos factores (con tecnología de Google),المصادقة الثنائية (مدعومة من جوجل),Authentification à 2 facteurs (Powered by Google),2 कारक प्रमाणीकरण (गूगल द्वारा संचालित)
Download Google Authenticator App,Download Google Authenticator App,Descargar la aplicación Google Authenticator,تنزيل تطبيق Google Authenticator,Téléchargez l'application Google Authenticator,Google प्रमाणक ऐप डाउनलोड करें
Google Authenticator,Google Authenticator,Autenticador de Google,مُوثِّق جوجل,Google Authenticator,गूगल प्रमाणक
Production,Production,Producción,إنتاج,Production,उत्पादन
Sandbox,Sandbox,Salvadera,صندوق الرمل,Bac à sable,सैंडबॉक्स
Are you sure change ,Are you sure change ,¿Estás seguro del cambio?,هل أنت متأكد من التغيير؟,Êtes-vous sûr de changer,क्या आप निश्चित हैं कि परिवर्तन
Client ID,Client ID,ID de cliente,معرف العميل,ID client,क्लाइंट आईडी
Secret ID,Secret ID,Identificación secreta,معرف سري,ID secret,गुप्त आईडी
Are you sure change mode to,Are you sure change mode to,¿Estás seguro de cambiar el modo a?,هل أنت متأكد من تغيير الوضع إلى,Êtes-vous sûr de changer de mode pour,क्या आप सुनिश्चित हैं कि मोड बदलें
Copied Client ID,Copied Client ID,ID de cliente copiado,تم نسخ معرف العميل,ID client copié,कॉपी की गई क्लाइंट आईडी
Copied Secret ID,Copied Secret ID,ID secreto copiado,تم نسخ معرف سري,ID secret copié,कॉपी की गई गुप्त आईडी
Master / Visa Card,Master / Visa Card,Tarjeta MasterCard/Visa,بطاقة ماستر / فيزا,Carte Master / Visa,मास्टर / वीज़ा कार्ड
Integrate Payment Gateway?,Integrate Payment Gateway?,¿Integrar pasarela de pagos?,دمج بوابة الدفع؟,Intégrer une passerelle de paiement ?,भुगतान गेटवे एकीकृत करें?
Money In,Money In,Dinero en,المال في,Argent dans,में पैसा
Saved My Sender,Saved My Sender,Guardé mi remitente,تم حفظ المرسل الخاص بي,J'ai enregistré mon expéditeur,मेरे प्रेषक को सहेजा गया
Saved My Receiver,Saved My Receiver,Salvé mi receptor,تم حفظ جهاز الاستقبال الخاص بي,J'ai sauvé mon récepteur,मेरा रिसीवर सहेजा गया
Profits Log,Profits Log,Registro de ganancias,سجل الأرباح,Journal des bénéfices,लाभ लॉग
Total Send Money,Total Send Money,Total Enviar Dinero,إجمالي إرسال الأموال,Total Envoyer de l'argent,कुल भेजा गया पैसा
Total Money In,Total Money In,Dinero total entrante,إجمالي الأموال في,Total des entrées d'argent,कुल धनराशि
Total Received Money,Total Received Money,Total de dinero recibido,إجمالي المبلغ المستلم,Total de l'argent reçu,कुल प्राप्त धनराशि
Money In Log,Money In Log,Dinero en el registro,المال في السجل,Argent dans le journal,लॉग में पैसा
Sender Recipient,Sender Recipient,Remitente Destinatario,المرسل المستلم,Expéditeur Destinataire,प्रेषक प्राप्तकर्ता
Receiver Recipient,Receiver Recipient,Receptor Destinatario,المتلقي المتلقي,Destinataire Destinataire,प्राप्तकर्ता प्राप्तकर्ता
Select Sender Recipient,Select Sender Recipient,Seleccionar remitente destinatario,حدد المرسل المستلم,Sélectionner l'expéditeur et le destinataire,प्रेषक प्राप्तकर्ता का चयन करें
Select Receiver Recipient,Select Receiver Recipient,Seleccionar destinatario,حدد المستلم المستلم,Sélectionner le destinataire Destinataire,प्राप्तकर्ता प्राप्तकर्ता का चयन करें
Write something....,Write something....,Escribe algo....,اكتب شيئا....,Écris quelque chose...,कुछ लिखना....
Money In To,Money In To,Dinero en A,المال في,Argent dans,पैसा अंदर
Sender Recipient Name,Sender Recipient Name,Nombre del remitente y del destinatario,اسم المرسل المستلم,Nom de l'expéditeur et du destinataire,प्रेषक प्राप्तकर्ता का नाम
Receiver Recipient Name,Receiver Recipient Name,Nombre del destinatario del receptor,اسم المستلم,Nom du destinataire,प्राप्तकर्ता प्राप्तकर्ता का नाम
No Sender Recipient Found!,No Sender Recipient Found!,¡No se encontró ningún remitente ni destinatario!,لم يتم العثور على المرسل المستلم!,Aucun expéditeur destinataire trouvé !,कोई प्रेषक प्राप्तकर्ता नहीं मिला!
rWallet,Wallet,Billetera,محفظة,Portefeuille,बटुआ
bank-transfer,Bank Transfer,Transferencia bancaria,التحويل البنكي,Virement bancaire,बैंक ट्रांसफर
rcash-pickup,Cash Pickup,Recogida de efectivo,استلام النقود,Retrait d'espèces,नकद पिकअप
Select Transaction Type,Select Transaction Type,Seleccionar el tipo de transacción,حدد نوع المعاملة,Sélectionnez le type de transaction,लेन-देन प्रकार चुनें
Select Bank Name,Select Bank Name,Seleccione el nombre del banco,حدد اسم البنك,Sélectionnez le nom de la banque,बैंक का नाम चुनें
Select Pickup Point,Select Pickup Point,Seleccionar punto de recogida,حدد نقطة الاستلام,Sélectionnez le point de retrait,पिकअप पॉइंट चुनें
Interface Panel,Interface Panel,Panel de interfaz,لوحة الواجهة,Panneau d'interface,इंटरफ़ेस पैनल
Total Virtual Cards,Total Virtual Cards,Tarjetas virtuales totales,إجمالي البطاقات الافتراضية,Total des cartes virtuelles,कुल वर्चुअल कार्ड
SuccessFully Fetch Account Balance,SuccessFully Fetch Account Balance,Obtener correctamente el saldo de la cuenta,جلب رصيد الحساب بنجاح,Récupérer le solde du compte avec succès,खाता शेष सफलतापूर्वक प्राप्त करें
Admin Profits,Admin Profits,Ganancias administrativas,أرباح الإدارة,Bénéfices administratifs,व्यवस्थापक लाभ
All,All,Todo,الجميع,Tous,सभी
Transfer Money Charges,Transfer Money Charges,Cargos por transferencia de dinero,رسوم تحويل الأموال,Frais de transfert d'argent,धन हस्तांतरण शुल्क
Bill Pay Charges,Bill Pay Charge,Cargo por pago de facturas,رسوم دفع الفاتورة,Frais de paiement de facture,बिल भुगतान शुल्क
Mobile Topup Charges,Mobile Topup Charges,Cargos por recarga de móvil,رسوم شحن الهاتف المحمول,Frais de recharge mobile,मोबाइल टॉपअप शुल्क
Virtual Card Charges,Virtual Card Charges,Cargos de tarjeta virtual,رسوم البطاقة الافتراضية,Frais de carte virtuelle,वर्चुअल कार्ड शुल्क
Remittance Charge,Remittance Charge,Cargo por remesa,رسوم التحويل,Frais de transfert de fonds,प्रेषण शुल्क
Make Payment Charge,Make Payment Charge,Realizar pago de cargo,قم بإجراء الدفع,Effectuer un paiement,भुगतान शुल्क लगाएं
Request Money Charge,Request Money Charge,Solicitar cargo de dinero,طلب رسوم مالية,Demande de frais d'argent,धन शुल्क का अनुरोध करें
Pay Link Charges,Pay Link Charges,Cargos de enlace de pago,دفع رسوم الرابط,Frais de Pay Link,भुगतान लिंक शुल्क
Money Out Charges,Money Out Charges,Cargos por retiro de dinero,رسوم سحب الأموال,Frais de retrait d'argent,पैसे निकालने का शुल्क
Money In Charges,Money In Charges,Dinero en cargos,الأموال في الرسوم,Argent en frais,शुल्क में पैसा
Reload Card Charges,Reload Card Charges,Cargos por recarga de tarjeta,رسوم إعادة شحن البطاقة,Frais de rechargement de carte,कार्ड रीलोड शुल्क
Mode,Mode,Modo,وضع,Mode,तरीका
Live,Live,Vivir,يعيش,En direct,रहना
Generate,Generate,Generar,يولد,Générer,उत्पन्न
Asign Admin,Asign Admin,Asignar administrador,تعيين المسؤول,Affecter un administrateur,व्यवस्थापक नियुक्त करें
Permission Name,Permission Name,Nombre del permiso,اسم الإذن,Nom de l'autorisation,अनुमति का नाम
Solved,Solved,Resuelto,تم الحل,Résolu,हल हो गया
Choose One,Choose One,Elige uno,اختر واحدا,Choisissez-en un,एक का चयन
Select Timezone,Select Timezone,Seleccionar zona horaria,حدد المنطقة الزمنية,Sélectionnez le fuseau horaire,समय क्षेत्र चुनें
Thumbnail Image,Thumbnail Image,Imagen en miniatura,صورة مصغرة,Image miniature,थंबनेल छवि
web_sub_title,Sub Title,Subtítulo,العنوان الفرعي,Sous-titre,उपशीर्षक
Select Category,Select Category,Seleccionar categoría,اختر الفئة,Sélectionnez une catégorie,श्रेणी चुनना
Blog Edit,Blog Edit,Editar blog,تعديل المدونة,Édition du blog,ब्लॉग संपादित करें
Select Blog Tags,Select Blog Tags,Seleccionar etiquetas de blog,حدد علامات المدونة,Sélectionner les balises du blog,ब्लॉग टैग चुनें
Property ID,Property ID,Identificación de la propiedad,معرف العقار,ID de propriété,संपत्ति आईडी
Widget ID,Widget ID,ID del widget,معرف القطعة,ID du widget,विजेट आईडी
Input Text,Input Text,Texto de entrada,إدخال النص,Texte d'entrée,इनपुट टेक्स्ट
File,File,Archivo,ملف,Déposer,फ़ाइल
Textarea,Textarea,área de texto,منطقة النص,Zone de texte,पाठ क्षेत्र
ex,ex,ex,السابق,ex,पूर्व
Required,Required,Requerido,مطلوب,Requis,आवश्यक
Add Tags,Add Tags,Agregar etiquetas,إضافة علامات,Ajouter des balises,टैगों को जोड़ें
Card Holder's Name,Card Holder's Name,Nombre del tarjetahabiente,اسم حامل البطاقة,Nom du titulaire de la carte,कार्डधारक का नाम
Enter Card Holder's Name,Enter Card Holder's Name,Ingrese el nombre del titular de la tarjeta,أدخل اسم حامل البطاقة,Entrez le nom du titulaire de la carte,कार्ड धारक का नाम दर्ज करें
alert ,Alert ,Alerta ,يُحذًِر ,Alerte ,चेतावनी 
 transfer money AppL,Transfer Money,Transferir dinero,تحويل الأموال,Transférer de l'argent,धन हस्तांतरण
noRecipientFound ,No Recipient Found! Please Add First,"¡No se encontró ningún destinatario! Por favor, añada primero.",لم يتم العثور على مستلم! الرجاء الإضافة أولاً,Aucun destinataire trouvé ! Veuillez ajouter un premier destinataire.,कोई प्राप्तकर्ता नहीं मिला! कृपया पहले जोड़ें
Failed,Failed,Fallido,فشل,Échoué,असफल
DISBURSE FAILED: Insufficient funds in customer balance,DISBURSE FAILED: Insufficient funds in customer balance,DESEMBOLSO FALLIDO: Fondos insuficientes en el saldo del cliente,فشل الصرف: لا توجد أموال كافية في رصيد العميل,ÉCHEC DE DÉBOURSEMENT : fonds insuffisants sur le solde du client,भुगतान विफल: ग्राहक शेष में अपर्याप्त धनराशि
"We may use cookies or any other tracking technologies when you visit our website, including any other media form, mobile website, or mobile application related or connected to help customize the Site and improve your experience.","We may use cookies or any other tracking technologies when you visit our website, including any other media form, mobile website, or mobile application related or connected to help customize the Site and improve your experience.","Podemos utilizar cookies o cualquier otra tecnología de seguimiento cuando visite nuestro sitio web, incluido cualquier otro medio, sitio web móvil o aplicación móvil relacionada o conectada para ayudar a personalizar el Sitio y mejorar su experiencia.",يجوز لنا استخدام ملفات تعريف الارتباط أو أي تقنيات تتبع أخرى عند زيارتك لموقعنا على الويب، بما في ذلك أي شكل آخر من أشكال الوسائط أو موقع الويب المحمول أو تطبيق الهاتف المحمول ذي الصلة أو المتصل للمساعدة في تخصيص الموقع وتحسين تجربتك.,"Nous pouvons utiliser des cookies ou toute autre technologie de suivi lorsque vous visitez notre site Web, y compris tout autre formulaire multimédia, site Web mobile ou application mobile associé ou connecté pour aider à personnaliser le site et améliorer votre expérience.","जब आप हमारी वेबसाइट पर जाते हैं, तो हम साइट को अनुकूलित करने और आपके अनुभव को बेहतर बनाने में मदद करने के लिए कुकीज़ या किसी अन्य ट्रैकिंग तकनीक का उपयोग कर सकते हैं, जिसमें कोई अन्य मीडिया फॉर्म, मोबाइल वेबसाइट, या मोबाइल एप्लिकेशन शामिल हैं।"
Allow,Allow,Permitir,يسمح,Permettre,अनुमति दें
Decline,Decline,Rechazar,انخفاض,Déclin,गिरावट
Registration Option Currently Off,Registration Option Currently Off,Opción de registro actualmente desactivada,خيار التسجيل مغلق حاليًا,Option d'inscription actuellement désactivée,पंजीकरण विकल्प वर्तमान में बंद है
Select Agents,Select Agents,Seleccionar agentes,اختيار الوكلاء,Sélectionner des agents,एजेंटों का चयन करें
Total Deducted,Total Deducted,Total deducido,إجمالي المبلغ المخصوم,Total déduit,कुल कटौती
Agent Section,Agent Section,Sección de agentes,قسم الوكلاء,Section Agent,एजेंट अनुभाग
Agent App,Agent App,Aplicación del agente,تطبيق الوكيل,Application Agent,एजेंट ऐप
Bottom Heading,Bottom Heading,Encabezado inferior,العنوان السفلي,Titre inférieur,निचला शीर्षक
Bottom Sub Heading,Bottom Sub Heading,Subtítulo inferior,العنوان الفرعي السفلي,Sous-titre inférieur,निचला उपशीर्षक
Bottom Details,Bottom Details,Detalles de la parte inferior,تفاصيل الجزء السفلي,Détails du bas,नीचे का विवरण
Agent App Section,Agent App Section,Sección de la aplicación del agente,قسم تطبيق الوكيل,Section Application Agent,एजेंट ऐप अनुभाग
Withdraw Money Details For,Withdraw Money Details For,Detalles de retiro de dinero para,تفاصيل سحب الأموال,Détails de retrait d'argent pour,पैसे निकालने का विवरण
Withdraw Details,Withdraw Details,Detalles de retiro,تفاصيل السحب,Détails du retrait,निकासी विवरण
CARD-BUY,CARD-BUY,COMPRA CON TARJETA,شراء بالبطاقة,ACHAT PAR CARTE,कार्ड-खरीद
Virtual Card Logs,Virtual Card Logs,Registros de tarjetas virtuales,سجلات البطاقة الافتراضية,Journaux de cartes virtuelles,वर्चुअल कार्ड लॉग
Sender Type,Sender Type,Tipo de remitente,نوع المرسل,Type d'expéditeur,प्रेषक का प्रकार
Receiver Type,Receiver Type,Tipo de receptor,نوع المستقبل,Type de récepteur,रिसीवर प्रकार
Receiver Amount,Receiver Amount,Monto del receptor,مبلغ المستلم,Montant du destinataire,प्राप्तकर्ता राशि
Withdraw Manual Gateway,Withdraw Manual Gateway,Retirada manual de la pasarela,بوابة السحب اليدوية,Retirer la passerelle manuelle,मैनुअल गेटवे निकालें
Withdraw Gateway Edit,Withdraw Gateway Edit,Editar pasarela de retiro,تعديل بوابة السحب,Retirer la passerelle Modifier,गेटवे संपादन वापस लें
Automatic Withdraw Gateway,Automatic Withdraw Gateway,Pasarela de retiro automático,بوابة السحب التلقائي,Passerelle de retrait automatique,स्वचालित निकासी गेटवे
Automatic Withdraw Edit,Automatic Withdraw Edit,Edición de retiro automático,تعديل السحب التلقائي,Modification du retrait automatique,स्वचालित निकासी संपादित करें
No Items Available,No Items Available,No hay artículos disponibles,لا يوجد عناصر متاحة,Aucun article disponible,कोई आइटम उपलब्ध नहीं है
Please follow the mimimum limit,Please follow the minimum limit,"Por favor, respete el límite mínimo",يرجى اتباع الحد الأدنى,Veuillez respecter la limite minimale,कृपया न्यूनतम सीमा का पालन करें
Please follow the maximum limit,Please follow the maximum limit,"Por favor, respete el límite máximo.",يرجى الالتزام بالحد الأقصى,Veuillez respecter la limite maximale,कृपया अधिकतम सीमा का पालन करें
No Gateway Available,No Gateway Available,No hay puerta de enlace disponible,لا توجد بوابة متاحة,Aucune passerelle disponible,कोई गेटवे उपलब्ध नहीं है
Gift Card,Gift Card,Tarjeta de regalo,بطاقة هدية,Carte-cadeau,उपहार कार्ड
My Gift Card,My Gift Card,Mi tarjeta de regalo,بطاقة الهدايا الخاصة بي,Ma carte-cadeau,मेरा उपहार कार्ड
Gift Cards,Gift Cards,Tarjetas de regalo,بطاقات الهدايا,Cartes-cadeaux,उपहार कार्ड
Card Name,Card Name,Nombre de la tarjeta,اسم البطاقة,Nom de la carte,कार्ड का नाम
Card Images,Card Image,Imagen de la tarjeta,صورة البطاقة,Image de la carte,कार्ड की छवि
receiver Email,Receiver Email,Correo electrónico del receptor,البريد الإلكتروني للمستلم,E-mail du destinataire,प्राप्तकर्ता ईमेल
Receiver Phone,Receiver Phone,Teléfono receptor,هاتف الاستقبال,Téléphone récepteur,रिसीवर फ़ोन
Card Unit Price,Card Unit Price,Precio unitario de la tarjeta,سعر وحدة البطاقة,Prix ​​unitaire de la carte,कार्ड यूनिट मूल्य
Card Quantity,Card Quantity,Cantidad de tarjetas,كمية البطاقة,Quantité de cartes,कार्ड की मात्रा
Card Total Price,Card Total Price,Precio total de la tarjeta,السعر الإجمالي للبطاقة,Prix ​​total de la carte,कार्ड की कुल कीमत
Payable Unit Price,Payable Unit Price,Precio unitario a pagar,سعر الوحدة المستحق,Prix ​​unitaire à payer,देय इकाई मूल्य
Gift Card Details,Gift Card Details,Detalles de la tarjeta de regalo,تفاصيل بطاقة الهدايا,Détails de la carte-cadeau,उपहार कार्ड विवरण
The system wallet does not have the currency code for the product currency code,The system wallet does not have the currency code for the product currency code,La billetera del sistema no tiene el código de moneda para el código de moneda del producto,لا تحتوي محفظة النظام على رمز العملة لرمز عملة المنتج,Le portefeuille système ne dispose pas du code de devise correspondant au code de devise du produit,सिस्टम वॉलेट में उत्पाद मुद्रा कोड के लिए मुद्रा कोड नहीं है
Select an amount between,Select an amount between,Seleccione una cantidad entre,حدد المبلغ بين,Sélectionnez un montant entre,के बीच एक राशि का चयन करें
enter Receiver Email Address,Enter Receiver Email Address,Ingrese la dirección de correo electrónico del destinatario,أدخل عنوان البريد الإلكتروني للمستلم,Saisissez l'adresse e-mail du destinataire,प्राप्तकर्ता का ईमेल पता दर्ज करें
From Name,From Name,De Nombre,من الاسم,De Nom,नाम से
Your Name,Your Name,Su nombre,اسمك,Votre nom,आपका नाम
Buy Gift Card,Buy Gift Card,Comprar tarjeta de regalo,شراء بطاقة هدية,Acheter une carte-cadeau,उपहार कार्ड खरीदें
Product Name,Product Name,Nombre del producto,اسم المنتج,Nom du produit,प्रोडक्ट का नाम
Receiver Country,Receiver Country,País receptor,بلد المتلقي,Pays destinataire,प्राप्तकर्ता देश
Amount Field Is Required,Amount Field Is Required,El campo de cantidad es obligatorio,حقل المبلغ مطلوب,Le champ Montant est obligatoire,राशि फ़ील्ड आवश्यक है
Receiver Email Field Is Required,Receiver Email Field Is Required,El campo de correo electrónico del destinatario es obligatorio,حقل البريد الإلكتروني للمستلم مطلوب,Le champ e-mail du destinataire est obligatoire,प्राप्तकर्ता ईमेल फ़ील्ड आवश्यक है
Invalid Email Format,Invalid Email Format,Formato de correo electrónico no válido,تنسيق البريد الإلكتروني غير صالح,Format d'e-mail invalide,अमान्य ईमेल प्रारूप
Country Field Is Required,Country Field Is Required,El campo País es obligatorio,حقل البلد مطلوب,Le champ Pays est obligatoire,देश फ़ील्ड आवश्यक है
Receiver Phone Field Is Required,Receiver Phone Field Is Required,El campo Teléfono del receptor es obligatorio,حقل هاتف المتلقي مطلوب,Le champ Téléphone du destinataire est obligatoire,रिसीवर फ़ोन फ़ील्ड आवश्यक है
From Name Field Is Required,From Name Field Is Required,El campo Nombre es obligatorio,من حقل الاسم مطلوب,Le champ Nom de l'expéditeur est obligatoire,नाम फ़ील्ड आवश्यक है
Gift Card Api,Gift Card Api,API de tarjeta de regalo,واجهة برمجة تطبيقات بطاقة الهدايا,API de carte-cadeau,उपहार कार्ड एपीआई
Gift Card Logs,Gift Card Logs,Registros de tarjetas de regalo,سجلات بطاقات الهدايا,Journaux de cartes-cadeaux,उपहार कार्ड लॉग
Setup Gift Card Api,Setup Gift Card Api,Configurar la API de tarjeta de regalo,إعداد واجهة برمجة تطبيقات بطاقة الهدايا,Configurer l'API de la carte-cadeau,गिफ्ट कार्ड एपीआई सेटअप करें
Production URL,Production URL,URL de producción,رابط الإنتاج,URL de production,उत्पादन URL
Sandbox URL,Sandbox URL,URL de la zona de pruebas,عنوان URL لصندوق الرمل,URL du bac à sable,सैंडबॉक्स URL
Webhook URL,Webhook URL,URL del webhook,عنوان URL لـ Webhook,URL du webhook,वेबहुक यूआरएल
Api ENV,Api ENV,API ENV,بيئة برمجة التطبيقات,API ENV,एपीआई ईएनवी
Gift Card API Has Been Updated.,Gift Card API Has Been Updated.,Se ha actualizado la API de tarjetas de regalo.,تم تحديث واجهة برمجة تطبيقات بطاقة الهدايا.,L'API des cartes-cadeaux a été mise à jour.,गिफ्ट कार्ड एपीआई को अपडेट कर दिया गया है.
Sender Country Is Not Valid,Sender Country Is Not Valid,El país del remitente no es válido,بلد المرسل غير صالح,Le pays de l'expéditeur n'est pas valide,प्रेषक देश मान्य नहीं है
Receiver Country Is Not Valid,Receiver Country Is Not Valid,El país receptor no es válido,بلد المتلقي غير صالح,Le pays du destinataire n'est pas valide,प्राप्तकर्ता देश मान्य नहीं है
You don't have sufficient balance,You don't have sufficient balance,No tienes saldo suficiente,ليس لديك رصيد كافي,Vous n'avez pas un solde suffisant,आपके पास पर्याप्त बैलेंस नहीं है
Gift Card Order,Gift Card Order,Pedido de tarjeta de regalo,طلب بطاقة هدية,Commande de carte-cadeau,उपहार कार्ड ऑर्डर
Your Gift Card Order Has Been Successfully Processed,Your Gift Card Order Has Been Successfully Processed,Su pedido de tarjeta de regalo se ha procesado correctamente,لقد تمت معالجة طلب بطاقة الهدايا الخاصة بك بنجاح,Votre commande de carte-cadeau a été traitée avec succès,आपका उपहार कार्ड ऑर्डर सफलतापूर्वक संसाधित हो गया है
Gift Details For,Gift Details For,Detalles del regalo para,تفاصيل الهدية لـ,Détails du cadeau pour,उपहार विवरण
Card Currency,Card Currency,Moneda de la tarjeta,عملة البطاقة,Devise de la carte,कार्ड मुद्रा
Card Api Currency,Card Api Currency,Moneda de la API de tarjeta,عملة واجهة برمجة التطبيقات للبطاقة,Devise de l'API de la carte,कार्ड एपीआई मुद्रा
Api Discount,Api Discount,Descuento de API,خصم API,Remise API,एपीआई छूट
Api Fee,Api Fee,Tarifa de API,رسوم واجهة برمجة التطبيقات,Frais d'API,एपीआई शुल्क
Api Sms Fee,Api Sms Fee,Tarifa de SMS de API,رسوم الرسائل النصية القصيرة API,Frais d'API SMS,एपीआई एसएमएस शुल्क
Api Total Fee,Api Total Fee,Tarifa total de API,إجمالي رسوم API,Frais totaux de l'API,एपीआई कुल शुल्क
Api Trx Id,Api Trx Id,Identificación de transacción de API,معرف معاملة API,ID de transaction API,एपीआई ट्रैक्स आईडी
Total Gift Cards,Total Gift Cards,Tarjetas de regalo totales,إجمالي بطاقات الهدايا,Total des cartes-cadeaux,कुल उपहार कार्ड
Narration,Narration,Narración,السرد,Narration,वर्णन
Thank you for using our application!,Thank you for using our application!,¡Gracias por utilizar nuestra aplicación!,شكرا لاستخدامك تطبيقنا!,Merci d'utiliser notre application !,हमारे एप्लिकेशन का उपयोग करने के लिए धन्यवाद!
Your Gift Card Email Details,"Your Gift Card Order Has Been Successfully Processed, Details of Gift Card Order",Su pedido de tarjeta de regalo se ha procesado correctamente. Detalles del pedido de tarjeta de regalo.,لقد تمت معالجة طلب بطاقة الهدية الخاص بك بنجاح، تفاصيل طلب بطاقة الهدية,Votre commande de carte-cadeau a été traitée avec succès. Détails de la commande de carte-cadeau,"आपका गिफ्ट कार्ड ऑर्डर सफलतापूर्वक संसाधित हो गया है, गिफ्ट कार्ड ऑर्डर का विवरण"
Send Email Details,"Your Send Money Request Send Successfully, Details Of Send Money","Su solicitud de envío de dinero se envió correctamente, detalles del envío de dinero",تم إرسال طلبك لإرسال الأموال بنجاح، تفاصيل إرسال الأموال,Votre demande d'envoi d'argent a été envoyée avec succès. Détails de l'envoi d'argent.,"आपका धन भेजने का अनुरोध सफलतापूर्वक भेजा गया, धन भेजने का विवरण"
Hello,Hello,Hola,مرحبًا,Bonjour,नमस्ते
Date And Time,Date And Time,Fecha y hora,التاريخ والوقت,Date et heure,तिथि और समय
Receive Money Details,"You Got Received Money Successfully, Details Of Rreceived Money","Recibió dinero exitosamente, detalles del dinero recibido",لقد استلمت الأموال بنجاح، تفاصيل الأموال المستلمة,Vous avez bien reçu votre argent ; détails de l'argent reçu,"आपको सफलतापूर्वक धन प्राप्त हो गया, प्राप्त धन का विवरण"
AppLGiftCard,Gift Card,Tarjeta de regalo,بطاقة هدية,Carte-cadeau,उपहार कार्ड
AppLGiftCards,Gift Cards,Tarjetas de regalo,بطاقات الهدايا,Cartes-cadeaux,उपहार कार्ड
AppLGiftCardDetails,Gift Card Details,Detalles de la tarjeta de regalo,تفاصيل بطاقة الهدايا,Détails de la carte-cadeau,उपहार कार्ड विवरण
AppLReceiverEmail,Receiver Email,Correo electrónico del receptor,البريد الإلكتروني للمستلم,E-mail du destinataire,प्राप्तकर्ता ईमेल
AppLFromName,From Name,De Nombre,من الاسم,De Nom,नाम से
AppLEnter,Enter,Ingresar,يدخل,Entrer,प्रवेश करना
AppLTrxID,TRX ID,Identificación de TRX,معرف TRX,ID TRX,टीआरएक्स आईडी
Send Request Money Email Details,"Your Request Money Request Send Successfully, Details Of Request Money",Su solicitud de dinero se envió correctamente. Detalles de la solicitud de dinero.,تم إرسال طلبك المالي بنجاح، تفاصيل طلب المال,"Votre demande d'argent a été envoyée avec succès, détails de la demande d'argent","आपका धन अनुरोध सफलतापूर्वक भेजा गया, धन अनुरोध का विवरण"
Receive Request Money Email Details,"You Got A Request Money Request, Details Of Request Money","Recibió una solicitud de dinero, detalles de la solicitud de dinero",لقد حصلت على طلب مبلغ مالي، تفاصيل طلب المال,"Vous avez reçu une demande d'argent, détails de la demande d'argent","आपको एक अनुरोध धन अनुरोध मिला है, अनुरोध धन का विवरण"
Receiver Will Get,Receiver Will Get,El receptor recibirá,سوف يحصل المتلقي على,Le récepteur recevra,प्राप्तकर्ता को मिलेगा
Send Remittance Email Heading,"Send Remittance request to send admin successfully, details of Send Remittance","Enviar solicitud de remesa para enviar al administrador con éxito, detalles de envío de remesa",إرسال طلب التحويل لإرسال الإدارة بنجاح، تفاصيل إرسال التحويل,"Envoyer une demande de remise à l'administrateur avec succès, détails de la remise","व्यवस्थापक को सफलतापूर्वक भेजने के लिए धन प्रेषण अनुरोध भेजें, धन प्रेषण का विवरण"
Receiver Name,Receiver Name,Nombre del receptor,اسم المستلم,Nom du destinataire,प्राप्तकर्ता का नाम
Add Money Via,Add Money Via,Agregar dinero a través de,إضافة الأموال عبر,Ajouter de l'argent via,पैसे जोड़ें
Your add money request successful via,Your add money request successful via,Su solicitud de agregar dinero fue exitosa a través de,لقد تم بنجاح طلب إضافة الأموال الخاص بك عبر,Votre demande d'ajout d'argent a réussi via,आपका धन जोड़ने का अनुरोध सफल रहा
details of add money,details of add money,detalles de agregar dinero,تفاصيل إضافة الأموال,détails de l'ajout d'argent,पैसे जोड़ने का विवरण
Manual Add Money Heading,Manual Add Money Heading,Encabezado de agregar dinero manualmente,إضافة عنوان المال يدويًا,Ajout manuel d'une rubrique monétaire,मैन्युअल रूप से पैसे जोड़ें शीर्षक
Withdraw Money Via,Withdraw Money Via,Retirar dinero a través de,سحب الأموال عبر,Retirer de l'argent via,पैसे निकालें
Withdraw Send Email Heading,Your withdraw money request send successfully via,Su solicitud de retiro de dinero se envió exitosamente a través de,تم إرسال طلب سحب الأموال الخاص بك بنجاح عبر,Votre demande de retrait d'argent a été envoyée avec succès via,आपका धन निकासी अनुरोध सफलतापूर्वक भेजा गया
details of withdraw money,details of withdraw money,detalles de retirar dinero,تفاصيل سحب الأموال,détails du retrait d'argent,पैसे निकालने का विवरण
Make Payment Email Sender Heading,"Your payment amount request send successfully, details of make payment","Su solicitud de monto de pago se envió exitosamente, detalles para realizar el pago",تم إرسال طلب مبلغ الدفع الخاص بك بنجاح، تفاصيل إجراء الدفع,"Votre demande de montant de paiement a été envoyée avec succès, détails du paiement","आपका भुगतान राशि अनुरोध सफलतापूर्वक भेज दिया गया है, भुगतान का विवरण भेजें"
Receiver Make Payment Email Heading,"You got payment successfully, details of payment money","Recibió el pago exitosamente, detalles del pago de dinero",لقد حصلت على الدفع بنجاح، تفاصيل أموال الدفع,"Vous avez reçu le paiement avec succès, détails du paiement","आपको भुगतान सफलतापूर्वक प्राप्त हो गया, भुगतान राशि का विवरण"
Money Out From,Money Out From,Dinero que sale de,الأموال الخارجة من,Argent sorti de,पैसा बाहर से
Sender Money Out Email Heading,"Your Money Out Request Send Successfully, Details Of Money Out","Su solicitud de retiro de dinero se envió correctamente, detalles del retiro de dinero",تم إرسال طلب سحب أموالك بنجاح، تفاصيل سحب الأموال,"Votre demande de retrait d'argent a été envoyée avec succès, détails du retrait d'argent","आपका धन निकासी अनुरोध सफलतापूर्वक भेजा गया, धन निकासी का विवरण"
Receiver Money Out Email Heading,"You Got Received Money Successfully, Details Of Money Out","Recibió dinero exitosamente, detalles del retiro de dinero",لقد استلمت الأموال بنجاح، تفاصيل الأموال الصادرة,"Vous avez bien reçu votre argent, détails de la sortie d'argent","आपको सफलतापूर्वक धनराशि प्राप्त हो गई, धनराशि निकासी का विवरण"
Virtual Card (Buy Card),Virtual Card (Buy Card),Tarjeta Virtual (Comprar Tarjeta),بطاقة افتراضية (شراء بطاقة),Carte virtuelle (Acheter une carte),वर्चुअल कार्ड (खरीद कार्ड)
Create Virtual Card Email Heading,"Your virtual create successfully, details of virtual card","Tu virtual creada con éxito, detalles de la tarjeta virtual",تم إنشاء بطاقتك الافتراضية بنجاح، تفاصيل البطاقة الافتراضية,"Votre création virtuelle a réussi, détails de la carte virtuelle","आपका वर्चुअल कार्ड सफलतापूर्वक बना, वर्चुअल कार्ड का विवरण"
Virtual Card (Fund Amount),Virtual Card (Fund Amount),Tarjeta virtual (monto del fondo),البطاقة الافتراضية (مبلغ الرصيد),Carte virtuelle (montant du fonds),वर्चुअल कार्ड (निधि राशि)
Card Fund Email Heading,"Your virtual funded successfully, details of virtual card","Tu tarjeta virtual se financió con éxito, detalles de la tarjeta virtual",تم تمويل بطاقتك الإفتراضية بنجاح، تفاصيل البطاقة الإفتراضية,"Votre carte virtuelle financée avec succès, détails de la carte virtuelle","आपका वर्चुअल फंड सफलतापूर्वक जमा हो गया है, वर्चुअल कार्ड का विवरण"
Bill Pay For,Bill Pay For,Pago de facturas para,دفع الفاتورة,Paiement de factures pour,बिल भुगतान के लिए
Sender Bill Pay Email Heading,Your Bill pay request sent to admin successfully for,Su solicitud de pago de factura se envió al administrador con éxito para,تم إرسال طلب دفع الفاتورة الخاص بك إلى المسؤول بنجاح,Votre demande de paiement de facture a été envoyée à l'administrateur avec succès pour,आपका बिल भुगतान अनुरोध सफलतापूर्वक व्यवस्थापक को भेज दिया गया
details of bill pay, details of bill pay,detalles del pago de facturas,تفاصيل دفع الفاتورة,détails du paiement des factures,बिल भुगतान का विवरण
Mobile Top Up For,Mobile Top Up For,Recarga de móvil para,شحن رصيد الهاتف المحمول,Recharge mobile pour,मोबाइल टॉप अप के लिए
Sender Mobile top Up Email Heading,Your Mobile Top Up request send to admin successful for,Su solicitud de recarga móvil enviada al administrador fue exitosa,تم إرسال طلب شحن هاتفك المحمول إلى المسؤول بنجاح,Votre demande de recharge mobile envoyée à l'administrateur a réussi pour,आपका मोबाइल टॉप अप अनुरोध एडमिन को भेजा गया सफल
details of mobile top up,details of mobile top up,detalles de recarga móvil,تفاصيل شحن الهاتف المحمول,détails de la recharge mobile,मोबाइल टॉप अप का विवरण
Payment Link Transaction via,Payment Link Transaction via,Transacción de enlace de pago mediante,رابط الدفع للمعاملة عبر,Transaction de lien de paiement via,भुगतान लिंक लेनदेन के माध्यम से
Your payment request successfully via,Your payment request successfully via,Su solicitud de pago se realizó con éxito a través de,تم طلب الدفع الخاص بك بنجاح عبر,Votre demande de paiement a été traitée avec succès via,आपका भुगतान अनुरोध सफलतापूर्वक
details of transactions,details of transactions,detalles de las transacciones,تفاصيل المعاملات,détails des transactions,लेनदेन का विवरण
Need to verify your account before access your dashboard,Need to verify your account before access your dashboard,Necesita verificar su cuenta antes de acceder a su panel de control,يجب عليك التحقق من حسابك قبل الوصول إلى لوحة التحكم الخاصة بك,Vous devez vérifier votre compte avant d'accéder à votre tableau de bord,अपने डैशबोर्ड तक पहुँचने से पहले अपने खाते को सत्यापित करना आवश्यक है
Your verification code,Your verification code,Su código de verificación,رمز التحقق الخاص بك,Votre code de vérification,आपका सत्यापन कोड
Verification Code (Password Reset),Verification Code (Password Reset),Código de verificación (restablecimiento de contraseña),رمز التحقق (إعادة تعيين كلمة المرور),Code de vérification (réinitialisation du mot de passe),सत्यापन कोड (पासवर्ड रीसेट)
You trying to reset your password,You trying to reset your password,Estás intentando restablecer tu contraseña,تحاول إعادة تعيين كلمة المرور الخاصة بك,Vous essayez de réinitialiser votre mot de passe,आप अपना पासवर्ड रीसेट करने का प्रयास कर रहे हैं
Here is your OTP,Here is your OTP,Aquí está tu OTP,هذا هو رمز OTP الخاص بك,Voici votre OTP,यह रहा आपका ओटीपी
Verification Code ( Register ),Verification Code ( Register ),Código de verificación (Registrarse),رمز التحقق (التسجيل),Code de vérification (inscription),सत्यापन कोड ( रजिस्टर )
You are trying to verify code for register.,You are trying to verify code for register.,Estás intentando verificar el código para registrarte.,تحاول التحقق من الكود للتسجيل.,Vous essayez de vérifier le code pour l'enregistrement.,आप रजिस्टर के लिए कोड सत्यापित करने का प्रयास कर रहे हैं।
Sender Money In Email Heading,"Your Money In Request Send Successfully, Details Of Money In","Su solicitud de dinero se envió correctamente, detalles del dinero ingresado",تم إرسال طلبك بنجاح، تفاصيل الأموال في,"Votre demande d'argent a été envoyée avec succès, détails de l'argent reçu","आपका धन अनुरोध सफलतापूर्वक भेजा गया, धन का विवरण"
Receiver Money In Email Heading,"You Got Received Money Successfully, Details Of Money In","Recibió dinero exitosamente, detalles del dinero en",لقد استلمت الأموال بنجاح، تفاصيل الأموال في,"Vous avez reçu de l'argent avec succès, détails de l'argent dans","आपको सफलतापूर्वक धन प्राप्त हो गया, धन का विवरण"
"Send Remittance successful, details of Send Remittance","Send Remittance successful, details of Send Remittance","Envío de remesa exitoso, detalles del envío de remesa",تم إرسال الحوالة بنجاح، تفاصيل إرسال الحوالة,"Envoi de la remise réussi, détails de l'envoi de la remise","धन प्रेषण सफल, धन प्रेषण का विवरण"
Admin Approved Your Add Money Request via,Admin Approved Your Add Money Request via,El administrador aprobó su solicitud para agregar dinero a través de,وافق المسؤول على طلب إضافة الأموال الخاص بك عبر,L'administrateur a approuvé votre demande d'ajout d'argent via,एडमिन ने आपके पैसे जोड़ने के अनुरोध को मंज़ूरी दे दी है
"Admin Approved Your Remittance Request, Details Of Send Remittance","Admin Approved Your Remittance Request, Details Of Send Remittance",El administrador aprobó su solicitud de remesa. Detalles del envío.,وافق المسؤول على طلب التحويل الخاص بك، تفاصيل إرسال الحوالة,L'administrateur a approuvé votre demande de versement. Détails de l'envoi.,"व्यवस्थापक ने आपके धन-प्रेषण अनुरोध को स्वीकृत कर दिया है, धन-प्रेषण भेजने का विवरण"
"Admin Rejected Your Remittance Request,Details Of Send Remittance","Admin Rejected Your Remittance Request,Details Of Send Remittance",El administrador rechazó su solicitud de remesa. Detalles del envío de la remesa.,لقد رفض المسؤول طلب التحويل الخاص بك، تفاصيل إرسال الحوالة,L'administrateur a rejeté votre demande de versement. Détails de l'envoi de versement.,"एडमिन ने आपका धन प्रेषण अनुरोध अस्वीकार कर दिया है, धन प्रेषण भेजने का विवरण"
Admin Rejected Your Add Money Request Via,Admin Rejected Your Add Money Request Via,El administrador rechazó su solicitud para agregar dinero a través de,لقد رفض المسؤول طلب إضافة الأموال عبر,L'administrateur a rejeté votre demande d'ajout d'argent via,एडमिन ने आपके पैसे जोड़ने के अनुरोध को अस्वीकार कर दिया
Admin approved your withdraw money request,Admin approved your withdraw money request,El administrador aprobó su solicitud de retiro de dinero,وافق المشرف على طلب سحب الأموال الخاص بك,L'administrateur a approuvé votre demande de retrait d'argent,एडमिन ने आपके पैसे निकालने के अनुरोध को मंज़ूरी दे दी है
Admin rejected your withdraw money request,Admin rejected your withdraw money request,El administrador rechazó su solicitud de retiro de dinero,لقد رفض المشرف طلب سحب الأموال الخاص بك,L'administrateur a rejeté votre demande de retrait d'argent,व्यवस्थापक ने आपके पैसे निकालने के अनुरोध को अस्वीकार कर दिया
Admin approved your bill pay request,Admin approved your bill pay request,El administrador aprobó su solicitud de pago de factura,وافق المسؤول على طلب دفع الفاتورة الخاص بك,L'administrateur a approuvé votre demande de paiement de facture,व्यवस्थापक ने आपके बिल भुगतान अनुरोध को स्वीकृत कर दिया है
Admin rejected your bill pay request,Admin rejected your bill pay request,El administrador rechazó su solicitud de pago de factura,لقد رفض المسؤول طلب دفع الفاتورة الخاص بك,L'administrateur a rejeté votre demande de paiement de facture,व्यवस्थापक ने आपके बिल भुगतान अनुरोध को अस्वीकार कर दिया
Admin approved your mobile top up request,Admin approved your mobile top up request,El administrador aprobó su solicitud de recarga móvil,وافق المسؤول على طلب شحن هاتفك المحمول,L'administrateur a approuvé votre demande de recharge mobile,व्यवस्थापक ने आपके मोबाइल टॉप-अप अनुरोध को मंज़ूरी दे दी है
Your KYC verification request is approved by admin,Your KYC verification request is approved by admin,Su solicitud de verificación KYC ha sido aprobada por el administrador,تمت الموافقة على طلب التحقق من KYC الخاص بك من قبل المسؤول,Votre demande de vérification KYC est approuvée par l'administrateur,आपका KYC सत्यापन अनुरोध व्यवस्थापक द्वारा स्वीकृत कर दिया गया है
Your KYC verification request is rejected by admin,Your KYC verification request is rejected by admin,Su solicitud de verificación KYC es rechazada por el administrador,تم رفض طلب التحقق من KYC الخاص بك من قبل المسؤول,Votre demande de vérification KYC est rejetée par l'administrateur,आपका KYC सत्यापन अनुरोध व्यवस्थापक द्वारा अस्वीकार कर दिया गया है
Hey,Hey,Ey,يا,Hé,अरे
Google 2FA,Google 2FA,Google 2FA,المصادقة الثنائية من جوجل,Google 2FA,गूगल 2FA
2FA Authentication,2FA Authentication,Autenticación 2FA,مصادقة 2FA,Authentification 2FA,2FA प्रमाणीकरण
2FA Settings,2FA Settings,Configuración de 2FA,إعدادات 2FA,Paramètres 2FA,2FA सेटिंग्स
Disable Two Factor Authenticator,Disable Two Factor Authenticator,Deshabilitar el autenticador de dos factores,تعطيل المصادقة الثنائية,Désactiver l'authentificateur à deux facteurs,दो कारक प्रमाणक अक्षम करें
Enable Two Factor Authenticator,Enable Two Factor Authenticator,Habilitar el autenticador de dos factores,تمكين المصادقة الثنائية,Activer l'authentificateur à deux facteurs,दो-कारक प्रमाणक सक्षम करें
Copied,Copied,Copiado,تم نسخها,Copié,कॉपी किया गया
Please Verify 2FA Authentication,Please Verify 2FA Authentication,Por favor verifique la autenticación 2FA,يرجى التحقق من مصادقة 2FA,Veuillez vérifier l'authentification 2FA,कृपया 2FA प्रमाणीकरण सत्यापित करें
Authentication Code,Authentication Code,Código de autenticación,رمز المصادقة,Code d'authentification,प्रमाणीकरण कोड
If something wrong with your authentication process you can reset your password to get the dashboard access,If something wrong with your authentication process you can reset your password to get the dashboard access,"Si hay algún problema con su proceso de autenticación, puede restablecer su contraseña para obtener acceso al panel de control.",إذا كان هناك خطأ في عملية المصادقة الخاصة بك، فيمكنك إعادة تعيين كلمة المرور الخاصة بك للحصول على إمكانية الوصول إلى لوحة المعلومات,"Si quelque chose ne va pas avec votre processus d'authentification, vous pouvez réinitialiser votre mot de passe pour accéder au tableau de bord.","यदि आपकी प्रमाणीकरण प्रक्रिया में कुछ गड़बड़ी है, तो आप डैशबोर्ड तक पहुंच प्राप्त करने के लिए अपना पासवर्ड रीसेट कर सकते हैं"
Bill Pay Method,Bill Pay Method,Método de pago de facturas,طريقة دفع الفاتورة,Méthode de paiement des factures,बिल भुगतान विधि
Method Already Exists!,Method Already Exists!,¡El método ya existe!,الطريقة موجودة بالفعل!,La méthode existe déjà !,विधि पहले से ही मौजूद है!
Method Saved Successfully!,Method Saved Successfully!,¡Método guardado exitosamente!,تم حفظ الطريقة بنجاح!,Méthode enregistrée avec succès !,विधि सफलतापूर्वक सहेजी गई!
Method Updated Successfully!,Method Updated Successfully!,¡Método actualizado exitosamente!,تم تحديث الطريقة بنجاح!,Méthode mise à jour avec succès !,विधि सफलतापूर्वक अपडेट की गई!
Method record not found in our system.,Method record not found in our system.,Registro de método no encontrado en nuestro sistema.,لم يتم العثور على سجل الطريقة في نظامنا.,Enregistrement de méthode non trouvé dans notre système.,हमारे सिस्टम में विधि रिकॉर्ड नहीं मिला.
Method status updated successfully!,Method status updated successfully!,¡Estado del método actualizado exitosamente!,تم تحديث حالة الطريقة بنجاح!,Le statut de la méthode a été mis à jour avec succès !,विधि स्थिति सफलतापूर्वक अद्यतन!
Method deleted successfully!,Method deleted successfully!,¡Método eliminado exitosamente!,تم حذف الطريقة بنجاح!,Méthode supprimée avec succès !,विधि सफलतापूर्वक हटा दी गई!
Setup Bill Pay Method,Setup Bill Pay Method,Configurar el método de pago de facturas,إعداد طريقة دفع الفاتورة,Configurer le mode de paiement des factures,बिल भुगतान विधि सेटअप करें
Add Method,Add Method,Agregar método,إضافة طريقة,Ajouter une méthode,विधि जोड़ें
Method Name,Method Name,Nombre del método,اسم الطريقة,Nom de la méthode,विधि का नाम
delete_text,Are you sure to delete,¿Estás seguro de eliminarlo?,هل أنت متأكد من الحذف؟,Êtes-vous sûr de vouloir supprimer,क्या वाकई हटाना है
Edit Method,Edit Method,Método de edición,طريقة التحرير,Méthode d'édition,संपादन विधि
Add New Method,Add New Method,Agregar nuevo método,إضافة طريقة جديدة,Ajouter une nouvelle méthode,नई विधि जोड़ें
Setup Bill Pay Api,Setup Bill Pay Api,Configurar la API de pago de facturas,إعداد واجهة برمجة تطبيقات دفع الفاتورة,Configurer l'API Bill Pay,बिल भुगतान एपीआई सेटअप करें
Bill Pay API Has Been Updated.,Bill Pay API Has Been Updated.,Se ha actualizado la API de pago de facturas.,تم تحديث واجهة برمجة تطبيقات الدفع بالفواتير.,L'API de paiement de factures a été mise à jour.,बिल भुगतान एपीआई को अद्यतन किया गया है।
Bill pay successful,Bill pay successful,Pago de factura exitoso,تم دفع الفاتورة بنجاح,Paiement de facture réussi,बिल भुगतान सफल
Bill Month,Bill Month,Mes de la factura,فاتورة الشهر,Mois de la facture,बिल महीना
Bill Pay Request Is Approved,Bill Pay Request Is Approved,La solicitud de pago de facturas está aprobada,تمت الموافقة على طلب دفع الفاتورة,La demande de paiement de facture est approuvée,बिल भुगतान अनुरोध स्वीकृत हो गया है
Bill pay rejected,Bill pay rejected,Pago de factura rechazado,تم رفض دفع الفاتورة,Paiement de facture rejeté,बिल भुगतान अस्वीकृत
Processing,Processing,Tratamiento,يعالج,Traitement,प्रसंस्करण
Bill payment already taken for,Bill payment already taken for,Ya se ha realizado el pago de la factura,تم بالفعل دفع الفاتورة,Le paiement de la facture a déjà été effectué pour,बिल भुगतान पहले ही लिया जा चुका है
Bill Pay Request Successful,Bill Pay Request Successful,Solicitud de pago de factura exitosa,تم طلب دفع الفاتورة بنجاح,Demande de paiement de facture réussie,बिल भुगतान अनुरोध सफल
Processing Logs,Processing Logs,Registros de procesamiento,سجلات المعالجة,Journaux de traitement,लॉग संसाधित करना
Mobile TopUp Method,Mobile TopUp Method,Método de recarga móvil,طريقة شحن الهاتف المحمول,Méthode de recharge mobile,मोबाइल टॉपअप विधि
Setup Mobile Topup Method,Setup Mobile Topup Method,Configurar el método de recarga móvil,إعداد طريقة شحن الهاتف المحمول,Configurer la méthode de recharge mobile,मोबाइल टॉपअप विधि सेटअप करें
Mobile TopUp API Has Been Updated.,Mobile TopUp API Has Been Updated.,Se ha actualizado la API de recarga móvil.,تم تحديث واجهة برمجة تطبيقات Mobile TopUp.,L'API Mobile TopUp a été mise à jour.,मोबाइल टॉपअप एपीआई को अपडेट किया गया है।
Operator Name,Operator Name,Nombre del operador,اسم المشغل,Nom de l'opérateur,ऑपरेटर का नाम
Detecting Operator,Detecting Operator,Operador de detección,مشغل الكشف,Opérateur de détection,पता लगाने वाला ऑपरेटर
Just a seconds.,Just a seconds.,Sólo unos segundos.,فقط ثواني.,Juste une seconde.,बस एक सेकंड.
We're getting few things from space...,We're getting few things from space...,Estamos recibiendo algunas cosas desde el espacio...,نحن نحصل على بعض الأشياء من الفضاء...,Nous recevons peu de choses de l'espace...,हमें अंतरिक्ष से कुछ ही चीजें मिल रही हैं...
Mobile topup request successful,Mobile topup request successful,Solicitud de recarga móvil exitosa,طلب شحن الهاتف المحمول ناجح,Demande de recharge mobile réussie,मोबाइल टॉपअप अनुरोध सफल
All Notification,All Notification,Todas las notificaciones,جميع الإشعارات,Toutes les notifications,सभी अधिसूचनाएँ
Request Money Request Send,Request Money Request Send,Solicitar Dinero Solicitar Enviar,طلب المال طلب إرسال,Demande d'argent Demande d'envoi,धन का अनुरोध करें अनुरोध भेजें
Send Remittance Information,Send Remittance Information,Enviar información de remesas,إرسال معلومات التحويل,Envoyer des informations de transfert de fonds,प्रेषण जानकारी भेजें
Virtual Card Information,Virtual Card Information,Información de la tarjeta virtual,معلومات البطاقة الافتراضية,Informations sur la carte virtuelle,वर्चुअल कार्ड की जानकारी
Gift Card Information,Gift Card Information,Información de la tarjeta de regalo,معلومات بطاقة الهدايا,Informations sur la carte-cadeau,उपहार कार्ड की जानकारी
Biller Name,Biller Name,Nombre del facturador,اسم صاحب الفاتورة,Nom du payeur,बिलर का नाम
New User Register,New User Register,Registro de nuevo usuario,تسجيل مستخدم جديد,Inscription d'un nouvel utilisateur,नया उपयोगकर्ता पंजीकरण
Information Of New User,Information Of New User,Información del nuevo usuario,معلومات المستخدم الجديد,Informations du nouvel utilisateur,नए उपयोगकर्ता की जानकारी
Notification Type,Notification Type,Tipo de notificación,نوع الإشعار,Type de notification,जानकारी प्रकार
Password Reset,Password Reset,Restablecer contraseña,إعادة تعيين كلمة المرور,Réinitialisation du mot de passe,पासवर्ड रीसेट
Information Of Password Reset,Information Of Password Reset,Información de restablecimiento de contraseña,معلومات إعادة تعيين كلمة المرور,Informations sur la réinitialisation du mot de passe,पासवर्ड रीसेट की जानकारी
Copied Successful,Copied Successful,Copiado exitosamente,تم النسخ بنجاح,Copié avec succès,कॉपी सफल
Create Api Keys,Create Api Keys,Crear claves API,إنشاء مفاتيح API,Créer des clés API,एपीआई कुंजियाँ बनाएँ
Create New Api Keys,Create New Api Keys,Crear nuevas claves API,إنشاء مفاتيح API جديدة,Créer de nouvelles clés API,नई API कुंजियाँ बनाएँ
Create,Create,Crear,يخلق,Créer,बनाएं
Are you sure to change mode,Are you sure to change mode,¿Estás seguro de cambiar el modo?,هل أنت متأكد من تغيير الوضع؟,Êtes-vous sûr de vouloir changer de mode,क्या आप मोड बदलना सुनिश्चित करते हैं?
Api Keys Deleted Successfully,Api Keys Deleted Successfully,Claves API eliminadas correctamente,تم حذف مفاتيح API بنجاح,Clés API supprimées avec succès,एपीआई कुंजियाँ सफलतापूर्वक हटा दी गईं
Api Keys Created Successfully,Api Keys Created Successfully,Claves API creadas exitosamente,تم إنشاء مفاتيح API بنجاح,Clés API créées avec succès,एपीआई कुंजियाँ सफलतापूर्वक बनाई गईं
details transactions,details transactions,detalles de transacciones,تفاصيل المعاملات,détails des transactions,विवरण लेनदेन
Payment Type,Payment Type,Tipo de pago,نوع الدفع,Type de paiement,भुगतान प्रकार
Balance Added To Wallet,Balance Added To Wallet,Saldo añadido a la billetera,تمت إضافة الرصيد إلى المحفظة,Solde ajouté au portefeuille,वॉलेट में शेष राशि जोड़ी गई
Card Payment,Card Payment,Pago con tarjeta,الدفع بالبطاقة,Paiement par carte,कार्ड भुगतान
Please Pay For,Please Pay For,Por favor pague por,الرجاء الدفع مقابل,Veuillez payer pour,कृपया भुगतान करें
Transaction Cancelled,Transaction Cancelled,Transacción cancelada,تم إلغاء المعاملة,Transaction annulée,लेनदेन रद्द
Wallet System,Wallet System,Sistema de billetera,نظام المحفظة,Système de portefeuille,वॉलेट सिस्टम
EWallet System Enabled Successfully,Wallet System Enabled Successfully,Sistema de billetera habilitado exitosamente,تم تمكين نظام المحفظة بنجاح,Système de portefeuille activé avec succès,वॉलेट सिस्टम सफलतापूर्वक सक्षम किया गया
Wallet System Disabled  Successfully,Wallet System Disabled  Successfully,Sistema de billetera deshabilitado exitosamente,تم تعطيل نظام المحفظة بنجاح,Système de portefeuille désactivé avec succès,वॉलेट सिस्टम सफलतापूर्वक अक्षम किया गया
EPayment Gateway System Enabled Successfully,Payment Gateway System Enabled Successfully,Sistema de pasarela de pago habilitado correctamente,تم تمكين نظام بوابة الدفع بنجاح,Système de passerelle de paiement activé avec succès,भुगतान गेटवे सिस्टम सफलतापूर्वक सक्षम किया गया
Payment Gateway System Disabled Successfully,Payment Gateway System Disabled Successfully,Sistema de pasarela de pago deshabilitado exitosamente,تم تعطيل نظام بوابة الدفع بنجاح,Système de passerelle de paiement désactivé avec succès,भुगतान गेटवे सिस्टम सफलतापूर्वक अक्षम कर दिया गया
Master/Visa Card System Enabled Successfully,Master/Visa Card System Enabled Successfully,Sistema de tarjeta MasterCard/Visa habilitado exitosamente,تم تمكين نظام بطاقة ماستر/فيزا بنجاح,Système de carte Master/Visa activé avec succès,मास्टर/वीज़ा कार्ड सिस्टम सफलतापूर्वक सक्षम किया गया
DMaster/Visa Card System Disabled Successfully,Master/Visa Card System Disabled Successfully,Sistema de tarjeta MasterCard/Visa deshabilitado exitosamente,تم تعطيل نظام بطاقة ماستر/فيزا بنجاح,Système de carte Master/Visa désactivé avec succès,मास्टर/वीज़ा कार्ड सिस्टम सफलतापूर्वक अक्षम किया गया
Debit/Credit Card,Debit/Credit Card,Tarjeta de débito/crédito,بطاقة الخصم/الائتمان,Carte de débit/crédit,डेबिट/क्रेडिट कार्ड
Pay With,Pay With,Pagar con,ادفع بـ,Payer avec,भुगतान करें
Pay With Payment Gateway,Pay With Payment Gateway,Pagar con pasarela de pago,ادفع باستخدام بوابة الدفع,Payer avec la passerelle de paiement,भुगतान गेटवे से भुगतान करें
Sender Not Found,Sender Not Found,Remitente no encontrado,لم يتم العثور على المرسل,Expéditeur introuvable,प्रेषक नहीं मिला
Sender Wallet Not Found,Sender Wallet Not Found,No se encontró la billetera del remitente,لم يتم العثور على محفظة المرسل,Portefeuille de l'expéditeur introuvable,प्रेषक वॉलेट नहीं मिला
PayLink Payment,PayLink Payment,Pago PayLink,دفع باي لينك,Paiement PayLink,पेलिंक भुगतान
Your PayLink Payment Request Send Successful,Your PayLink Payment Request Send Successful,Su solicitud de pago PayLink se envió exitosamente,تم إرسال طلب الدفع الخاص بك عبر PayLink بنجاح,Votre demande de paiement PayLink a été envoyée avec succès,आपका PayLink भुगतान अनुरोध सफलतापूर्वक भेजा गया
Sender Username,Sender Username,Nombre de usuario del remitente,اسم المستخدم للمرسل,Nom d'utilisateur de l'expéditeur,प्रेषक उपयोगकर्ता नाम
Payment Via,Payment Via,Pago mediante,الدفع عبر,Paiement via,भुगतान के माध्यम से
Can not pay to your own payment link,Can not pay to your own payment link,No se puede pagar a su propio enlace de pago,لا يمكن الدفع إلى رابط الدفع الخاص بك,Impossible de payer via votre propre lien de paiement,अपने स्वयं के भुगतान लिंक से भुगतान नहीं किया जा सकता
"Your wallet balance is insufficient to complete this transaction, Please add funds to proceed.","Your wallet balance is insufficient to complete this transaction, Please add funds to proceed.",El saldo de su billetera es insuficiente para completar esta transacción. Agregue fondos para continuar.,رصيد محفظتك غير كافٍ لإتمام هذه المعاملة، يرجى إضافة أموال للمتابعة.,Le solde de votre portefeuille est insuffisant pour terminer cette transaction. Veuillez ajouter des fonds pour continuer.,"इस लेनदेन को पूरा करने के लिए आपके वॉलेट में धनराशि अपर्याप्त है, कृपया आगे बढ़ने के लिए धनराशि जोड़ें।"
Setup Country Restriction,Setup Country Restriction,Configurar restricción de país,إعداد قيود البلد,Configuration de la restriction de pays,देश प्रतिबंध सेटअप करें
Country Restriction Form,Country Restriction Form,Formulario de restricción de país,نموذج تقييد الدولة,Formulaire de restriction de pays,देश प्रतिबंध प्रपत्र
Pusher Beams Token,Pusher Beams Token,Ficha de rayos empujadores,رمز عوارض الدافع,Jeton Poussoirs,पुशर बीम्स टोकन
The developer API key with this name has already been created,The developer API key with this name has already been created,La clave API de desarrollador con este nombre ya se ha creado,تم إنشاء مفتاح API للمطور بهذا الاسم بالفعل,La clé API du développeur portant ce nom a déjà été créée,इस नाम वाली डेवलपर API कुंजी पहले ही बनाई जा चुकी है
cardHolderName,Card Holder Name,Nombre del titular de la tarjeta,اسم حامل البطاقة,Nom du titulaire de la carte,कार्डधारक का नाम
enterCardHolderName,Enter Card Holder Name,Ingrese el nombre del titular de la tarjeta,أدخل اسم حامل البطاقة,Entrez le nom du titulaire de la carte,कार्ड धारक का नाम दर्ज करें
use,Use,Usar,يستخدم,Utiliser,उपयोग
billMonths,Bill Months,Meses de factura,أشهر الفاتورة,Mois de facturation,बिल महीने
selectTopUpType,Select Top Up Type,Seleccione el tipo de recarga,حدد نوع التعبئة,Sélectionnez le type de recharge,टॉप अप प्रकार चुनें
giftCards,Gift Cards,Tarjetas de regalo,بطاقات الهدايا,Cartes-cadeaux,उपहार कार्ड
enter,Enter,Ingresar,يدخل,Entrer,प्रवेश करना
receiverEmail,Receiver Email,Correo electrónico del receptor,البريد الإلكتروني للمستلم,E-mail du destinataire,प्राप्तकर्ता ईमेल
fromName,From Name,De Nombre,من الاسم,De Nom,नाम से
giftCardDetails,Gift Card Details,Detalles de la tarjeta de regalo,تفاصيل بطاقة الهدايا,Détails de la carte-cadeau,उपहार कार्ड विवरण
giftCard,Gift Card,Tarjeta de regalo,بطاقة هدية,Carte-cadeau,उपहार कार्ड
payUserPayLink,Pay User Pay Link,Pagar usuario Pagar enlace,رابط دفع المستخدم,Payer l'utilisateur Payer le lien,भुगतान उपयोगकर्ता भुगतान लिंक
paymentType,Payment Type,Tipo de pago,نوع الدفع,Type de paiement,भुगतान प्रकार
paymentGateway,Payment Gateway,Pasarela de pago,بوابة الدفع,Passerelle de paiement,भुगतान गेटवे
senderEmail,Sender Email,Correo electrónico del remitente,بريد المرسل الإلكتروني,E-mail de l'expéditeur,प्रेषक का ईमेल
senderCardNumber,Sender Card Number,Número de tarjeta del remitente,رقم بطاقة المرسل,Numéro de carte de l'expéditeur,प्रेषक कार्ड नंबर
Billing Country,Billing Country,País de facturación,بلد الفوترة,Pays de facturation,बिलिंग देश
Billing Address,Billing Address,Dirección de Envio,عنوان الفاتورة,adresse de facturation,बिलिंग पता
Billing City,Billing City,Ciudad de facturación,مدينة بيلينغ,Ville de Billing,बिलिंग सिटी
Billing State,Billing State,Estado de facturación,حالة الفوترة,État de facturation,बिलिंग राज्य
Billing Zip Code,Billing Zip Code,Código postal de facturación,الرمز البريدي للفوترة,Code postal de facturation,बिलिंग पिन कोड
more,More,Más,أكثر,Plus,अधिक
Select Bank Branch,Select Bank Branch,Seleccione sucursal bancaria,اختر فرع البنك,Sélectionnez une succursale bancaire,बैंक शाखा चुनें
Bank Branch,Bank Branch,Sucursal bancaria,فرع البنك,Agence bancaire,बैंक शाखा
Beneficiary Name,Beneficiary Name,Nombre del beneficiario,اسم المستفيد,Nom du bénéficiaire,लाभार्थी का नाम
Bank account does not exists.,Bank account does not exists.,La cuenta bancaria no existe.,لا يوجد حساب بنكي.,Le compte bancaire n'existe pas.,बैंक खाता मौजूद नहीं है.
No branches found for specified bank,No branches found for specified bank,No se encontraron sucursales para el banco especificado,لم يتم العثور على فروع للبنك المحدد,Aucune succursale trouvée pour la banque spécifiée,निर्दिष्ट बैंक के लिए कोई शाखा नहीं मिली
Please select all requird fields.,Please select all requird fields.,Seleccione todos los campos obligatorios.,الرجاء تحديد جميع الحقول المطلوبة.,Veuillez sélectionner tous les champs obligatoires.,कृपया सभी आवश्यक फ़ील्ड चुनें.
Account details fetched successfully,Account details fetched successfully,Los detalles de la cuenta se obtuvieron correctamente,تم جلب تفاصيل الحساب بنجاح,Les détails du compte ont été récupérés avec succès,खाता विवरण सफलतापूर्वक प्राप्त किया गया
Bank branches fetched successfully,Bank branches fetched successfully,Sucursales bancarias recuperadas con éxito,تم جلب فروع البنك بنجاح,Les succursales bancaires ont été récupérées avec succès,बैंक शाखाएँ सफलतापूर्वक प्राप्त की गईं
You cannot update this country as it is already stored in your records.,You cannot update this country as it is already stored in your records.,No puedes actualizar este país porque ya está almacenado en tus registros.,لا يمكنك تحديث هذا البلد لأنه مخزّن بالفعل في سجلاتك.,Vous ne pouvez pas mettre à jour ce pays car il est déjà enregistré dans vos archives.,आप इस देश को अपडेट नहीं कर सकते क्योंकि यह पहले से ही आपके रिकॉर्ड में संग्रहीत है।
Remittances cannot be sent within the same country,Remittances cannot be sent within the same country,No se pueden enviar remesas dentro del mismo país,لا يمكن إرسال التحويلات المالية داخل نفس البلد,Les transferts de fonds ne peuvent pas être envoyés dans le même pays,एक ही देश के भीतर धन प्रेषण नहीं भेजा जा सकता
Remittance Method,Remittance Method,Método de remesa,طريقة التحويل,Méthode de versement,प्रेषण विधि
app l beneficiary Name,Beneficiary Name,Nombre del beneficiario,اسم المستفيد,Nom du bénéficiaire,लाभार्थी का नाम
app l enter Beneficiar Name,Enter Beneficiary Name,Ingrese el nombre del beneficiario,أدخل اسم المستفيد,Entrez le nom du bénéficiaire,लाभार्थी का नाम दर्ज करें
app l bank Branch,Bank Branch,Sucursal bancaria,فرع البنك,Agence bancaire,बैंक शाखा
app l enter Branch Name,Enter Branch Name,Ingrese el nombre de la sucursal,أدخل اسم الفرع,Entrez le nom de la succursale,शाखा का नाम दर्ज करें
app l no Branch Found,No Branch Found,No se encontró ninguna sucursal,لم يتم العثور على فرع,Aucune succursale trouvée,कोई शाखा नहीं मिली
app l select Branch,Select Branch,Seleccionar sucursal,اختر الفرع,Sélectionnez une succursale,शाखा चुनें
app l search,Search,Buscar,يبحث,Recherche,खोज
app l more,More,Más,أكثر,Plus,अधिक
System Maintenance,System Maintenance,Mantenimiento del sistema,صيانة النظام,Maintenance du système,प्रणाली रखरखाव
No Default Card Available,No Default Card Available,No hay ninguna tarjeta predeterminada disponible,لا توجد بطاقة افتراضية متاحة,Aucune carte par défaut disponible,कोई डिफ़ॉल्ट कार्ड उपलब्ध नहीं है
ID Card Image (Font Side),ID Card Image (Font Side),Imagen de la tarjeta de identificación (lado de la fuente),صورة بطاقة الهوية (جانب الخط),Image de la carte d'identité (côté police),आईडी कार्ड छवि (फ़ॉन्ट साइड)
NID/Passport,NID/Passport,NID/Pasaporte,الهوية الوطنية/جواز السفر,NID/Passeport,एनआईडी/पासपोर्ट
Your Photo,Your Photo,Tu foto,صورتك,Votre photo,अपना फोटो
Should show your face and must be match with your ID,Should show your face and must be match with your ID,Debe mostrar su rostro y debe coincidir con su identificación.,يجب أن يظهر وجهك ويجب أن يتطابق مع هويتك,Doit montrer votre visage et doit correspondre à votre pièce d'identité,आपका चेहरा दिखना चाहिए और आपकी आईडी से मेल खाना चाहिए
Customer has been created successfully.,Customer has been created successfully.,El cliente ha sido creado exitosamente.,تم إنشاء العميل بنجاح.,Le client a été créé avec succès.,ग्राहक सफलतापूर्वक बनाया गया है.
Status of the customer you created,Status of the customer you created,Estado del cliente que usted creó,حالة العميل الذي قمت بإنشائه,Statut du client que vous avez créé,आपके द्वारा बनाए गए ग्राहक की स्थिति
Update Customer,Update Customer,Actualizar cliente,تحديث العميل,Mise à jour du client,ग्राहक को अपडेट करें
Update Customer Kyc,Update Customer Kyc,Actualizar el Kyc del cliente,تحديث معلومات العميل,Mettre à jour le Kyc du client,ग्राहक केवाईसी अपडेट करें
ID Card Image,ID Card Image,Imagen de la tarjeta de identificación,صورة بطاقة الهوية,Image de la carte d'identité,आईडी कार्ड की छवि
The First Name field should only contain letters and cannot start with a number or special character,The First Name field should only contain letters and cannot start with a number or special character,El campo Nombre solo debe contener letras y no puede comenzar con un número o carácter especial.,يجب أن يحتوي حقل الاسم الأول على أحرف فقط ولا يمكن أن يبدأ برقم أو حرف خاص,Le champ Prénom ne doit contenir que des lettres et ne peut pas commencer par un chiffre ou un caractère spécial,प्रथम नाम फ़ील्ड में केवल अक्षर होने चाहिए और यह किसी संख्या या विशेष वर्ण से शुरू नहीं हो सकता
The Last Name field should only contain letters and cannot start with a number or special character.,The Last Name field should only contain letters and cannot start with a number or special character.,El campo Apellido solo debe contener letras y no puede comenzar con un número o carácter especial.,يجب أن يحتوي حقل الاسم الأخير على أحرف فقط ولا يمكن أن يبدأ برقم أو حرف خاص.,Le champ Nom de famille ne doit contenir que des lettres et ne peut pas commencer par un chiffre ou un caractère spécial.,अंतिम नाम फ़ील्ड में केवल अक्षर होने चाहिए और यह किसी संख्या या विशेष वर्ण से शुरू नहीं हो सकता।
Customer has been updated successfully.,Customer has been updated successfully.,El cliente ha sido actualizado exitosamente.,تم تحديث العميل بنجاح.,Le client a été mis à jour avec succès.,ग्राहक का नाम सफलतापूर्वक अपडेट कर दिया गया है।
Thank you for submitting your KYC information. Your details are currently under review. We will notify you once the verification is complete. Please note that the creation of your virtual card will proceed after your KYC is approved.,Thank you for submitting your KYC information. Your details are currently under review. We will notify you once the verification is complete. Please note that the creation of your virtual card will proceed after your KYC is approved.,Gracias por enviar su información KYC. Sus datos están siendo revisados. Le notificaremos una vez completada la verificación. Tenga en cuenta que la creación de su tarjeta virtual se realizará una vez aprobado su KYC.,شكرًا لك على إرسال معلومات KYC الخاصة بك. بياناتك قيد المراجعة حاليًا. سنُعلمك فور اكتمال عملية التحقق. يُرجى العلم أن إنشاء بطاقتك الافتراضية سيبدأ بعد الموافقة على معلومات KYC الخاصة بك.,Merci d'avoir soumis vos informations KYC. Vos données sont actuellement en cours de vérification. Nous vous informerons dès que la vérification sera terminée. Veuillez noter que la création de votre carte virtuelle aura lieu une fois votre KYC validé.,अपनी केवाईसी जानकारी सबमिट करने के लिए धन्यवाद। आपकी जानकारी अभी समीक्षाधीन है। सत्यापन पूरा होने पर हम आपको सूचित करेंगे। कृपया ध्यान दें कि आपके वर्चुअल कार्ड का निर्माण आपके केवाईसी स्वीकृत होने के बाद ही होगा।
Phone Code,Phone Code,Código telefónico,رمز الهاتف,Code téléphonique,फ़ोन कोड
Customer Status Updated Successfully.,Customer Status Updated Successfully.,Estado del cliente actualizado exitosamente.,تم تحديث حالة العميل بنجاح.,Statut du client mis à jour avec succès.,ग्राहक स्थिति सफलतापूर्वक अपडेट की गई.
your virtual card will proceed after your KYC is approved,your virtual card will proceed after your KYC is approved,Su tarjeta virtual procederá después de que se apruebe su KYC,سيتم تنفيذ بطاقتك الافتراضية بعد الموافقة على KYC الخاص بك,votre carte virtuelle sera traitée une fois votre KYC approuvé,आपका वर्चुअल कार्ड आपके KYC स्वीकृत होने के बाद जारी किया जाएगा
Should match with your ID,Should match with your ID,Debe coincidir con tu identificación,يجب أن يتطابق مع هويتك,Doit correspondre à votre pièce d'identité,आपकी आईडी से मेल खाना चाहिए
Create Card Customer,Create Card Customer,Crear tarjeta de cliente,إنشاء بطاقة العميل, ,कार्ड ग्राहक बनाएँ
App L Restart,Restart,Reanudar,إعادة تشغيل,Redémarrage,पुनः आरंभ करें
App L Customer Status,Customer Status:,Estado del cliente:,حالة العميل:,Statut du client :,ग्राहक स्थिति:
App L Update Customer,Update Customer,Actualizar cliente,تحديث العميل,Mise à jour du client,ग्राहक को अपडेट करें
App L Update Customer Kyc,Update Customer Kyc,Actualizar el Kyc del cliente,تحديث معلومات العميل,Mettre à jour le Kyc du client,ग्राहक केवाईसी अपडेट करें
App L Create Card Customer,Create Card Customer,Crear tarjeta de cliente,إنشاء بطاقة العميل,Créer une carte client,कार्ड ग्राहक बनाएँ
Setup Live Exchange Rate API,Setup Live Exchange Rate API,Configurar la API de tipo de cambio en vivo,إعداد واجهة برمجة تطبيقات سعر الصرف المباشر,Configurer l'API du taux de change en direct,लाइव विनिमय दर API सेटअप करें
Exchange Rate API,Exchange Rate API,API de tipo de cambio,واجهة برمجة تطبيقات سعر الصرف,API de taux de change,विनिमय दर एपीआई
Provider Name,Provider Name,Nombre del proveedor,اسم المزود,Nom du fournisseur,प्रदाता का नाम
Invalid provider or provider not found!,Invalid provider or provider not found!,¡Proveedor no válido o proveedor no encontrado!,مزود غير صالح أو لم يتم العثور على المزود!,Fournisseur invalide ou fournisseur non trouvé !,अमान्य प्रदाता या प्रदाता नहीं मिला!
Provider status updated successfully!,Provider status updated successfully!,¡El estado del proveedor se actualizó correctamente!,تم تحديث حالة المزود بنجاح!,Le statut du fournisseur a été mis à jour avec succès !,प्रदाता स्थिति सफलतापूर्वक अपडेट की गई!
Edit Live Exchange Rate API,Edit Live Exchange Rate API,API para editar tipos de cambio en vivo,تعديل واجهة برمجة تطبيقات سعر الصرف المباشر,Modifier l'API du taux de change en direct,लाइव विनिमय दर API संपादित करें
The Exchange Rate API Has Been Updated.,The Exchange Rate API Has Been Updated.,Se ha actualizado la API de tipo de cambio.,تم تحديث واجهة برمجة تطبيقات سعر الصرف.,L'API du taux de change a été mise à jour.,विनिमय दर एपीआई को अद्यतन किया गया है।
Multiply By,Multiply By,Multiplicar por,اضرب بـ,Multiplier par,गुणा करके
Apply Permissions For The Exchange Rate API.,Apply Permissions For The Exchange Rate API.,Aplicar permisos para la API de tipo de cambio.,تطبيق الأذونات على واجهة برمجة تطبيقات سعر الصرف.,Appliquer les autorisations pour l'API de taux de change.,विनिमय दर API के लिए अनुमतियाँ लागू करें.
Greater than zero and up to two.,Greater than zero and up to two.,Mayor que cero y hasta dos.,أكبر من الصفر وحتى اثنين.,Supérieur à zéro et jusqu'à deux.,शून्य से अधिक और दो तक।
Currency Permision,Currency Permision,Permiso de moneda,إذن العملة,Autorisation de change,मुद्रा अनुमति
Payment Gateway Permision,Payment Gateway Permision,Permiso de pasarela de pago,إذن بوابة الدفع,Autorisation de passerelle de paiement,भुगतान गेटवे अनुमति
Exchange Currency Rate Updated By Currency Layer API,Exchange Currency Rate Updated By Currency Layer API,Tipo de cambio de divisas actualizado por la API de capa de divisas,تم تحديث سعر صرف العملة بواسطة واجهة برمجة تطبيقات طبقة العملة,Taux de change mis à jour par l'API Currency Layer,मुद्रा परत API द्वारा अद्यतन विनिमय मुद्रा दर
SCurrencies,Supported Currencies,Monedas admitidas,العملات المدعومة,Devises prises en charge,समर्थित मुद्राएँ
Unsupported Currencies,Unsupported Currencies,Monedas no admitidas,العملات غير المدعومة,Devises non prises en charge,असमर्थित मुद्राएँ
Currency Rate Updated By Currency Layer,Currency Rate Updated By Currency Layer,Tipo de cambio actualizado por capa de moneda,تم تحديث سعر العملة حسب طبقة العملة,Taux de change mis à jour par couche de devises,मुद्रा दर मुद्रा परत द्वारा अद्यतन की गई
Personal,Personal,Personal,شخصي,Personnel,निजी
Business,Business,Negocio,عمل,Entreprise,व्यापार
Enterprise,Enterprise,Empresa,مَشرُوع,Entreprise,उद्यम
Company,Company,Compañía,شركة,Entreprise,कंपनी
QRPay For Merchant,QRPay For Merchant,QRPay para comerciantes,QRPay للتجار,QRPay pour les commerçants,व्यापारी के लिए QRPay
QRPay For Agent,QRPay For Agent,QRPay para agentes,QRPay للوكيل,QRPay pour les agents,एजेंट के लिए QRPay
Personal Section,Personal Section,Sección personal,القسم الشخصي,Section personnelle,व्यक्तिगत अनुभाग
Business Section,Business Section,Sección de Negocios,قسم الأعمال,Section Affaires,व्यापार अनुभाग
Enterprise Section,Enterprise Section,Sección de Empresas,قسم المشاريع,Section Entreprise,उद्यम अनुभाग
Company Section,Company Section,Sección de la empresa,قسم الشركة,Section Entreprise,कंपनी अनुभाग
Section,Section,Sección,قسم,Section,अनुभाग
Page Contents,Page Contents,Contenido de la página,محتويات الصفحة,Contenu de la page,पृष्ठ सामग्री
FAQ Contents,FAQ Contents,Contenido de las preguntas frecuentes,محتويات الأسئلة الشائعة,Contenu de la FAQ,FAQ सामग्री
Section Image,Section Image,Imagen de sección,صورة القسم,Image de section,अनुभाग छवि
Setp Image,Setup Image,Imagen de configuración,صورة الإعداد,Image de configuration,सेटअप छवि
Process Step Title,Process Step Title,Título del paso del proceso,عنوان خطوة العملية,Titre de l'étape du processus,प्रक्रिया चरण शीर्षक
Step Title,Step Title,Título del paso,عنوان الخطوة,Titre de l'étape,चरण शीर्षक
Step Sub Title,Step Sub Title,Subtítulo del paso,العنوان الفرعي للخطوة,Sous-titre de l'étape,चरण उपशीर्षक
Add Step,Add Step,Añadir paso,إضافة خطوة,Ajouter une étape,चरण जोड़ें
Header Sections,Header Sections,Secciones de encabezado,أقسام الرأس,Sections d'en-tête,हेडर अनुभाग
Select Page,Select Page,Seleccionar página,حدد الصفحة,Sélectionner une page,पृष्ठ चुनें
The page content is currently empty.,The page content is currently empty.,El contenido de la página está actualmente vacío.,محتوى الصفحة فارغ حالياً.,Le contenu de la page est actuellement vide.,पृष्ठ सामग्री वर्तमान में रिक्त है.
Pricing,Pricing,Precios,التسعير,Tarification,मूल्य निर्धारण
Pricing Section,Pricing Section,Sección de precios,قسم التسعير,Section Tarification,मूल्य निर्धारण अनुभाग
Identity Type,Identity Type,Tipo de identidad,نوع الهوية,Type d'identité,पहचान का प्रकार
Identity Number,Identity Number,Número de identidad,رقم الهوية,Numéro d'identité,पहचान संख्या
Enter Identity Number,Enter Identity Number,Ingrese el número de identidad,أدخل رقم الهوية,Entrez le numéro d'identité,पहचान संख्या दर्ज करें
QRPay For User,QRPay For User,QRPay para el usuario,QRPay للمستخدم,QRPay pour l'utilisateur,उपयोगकर्ता के लिए QRPay
Help,Help,Ayuda,يساعد,Aide,मदद
Log In,Log In,Acceso,تسجيل الدخول,Se connecter,लॉग इन करें
Daily transaction limit exceeded.,Daily transaction limit exceeded.,Límite de transacciones diarias excedido.,تم تجاوز الحد الأقصى للمعاملات اليومية.,Limite de transaction quotidienne dépassée.,दैनिक लेन-देन सीमा पार हो गई।
Monthly transaction limit exceeded,Monthly transaction limit exceeded,Límite de transacciones mensuales excedido,تم تجاوز الحد الأقصى للمعاملات الشهرية,Limite de transaction mensuelle dépassée,मासिक लेनदेन सीमा पार हो गई
Your current total transaction amount,Your current total transaction amount,Su importe total de transacción actual,إجمالي مبلغ المعاملة الحالي الخاص بك,Montant total de votre transaction actuelle,आपकी वर्तमान कुल लेनदेन राशि
Daily Limit,Daily Limit,Límite diario,الحد اليومي,Limite quotidienne,दैनिक सीमा
Remaining Daily Limit,Remaining Daily Limit,Límite diario restante,الحد اليومي المتبقي,Limite quotidienne restante,शेष दैनिक सीमा
Monthly Limit,Monthly Limit,Límite mensual,الحد الشهري,Limite mensuelle,मासिक सीमा
Remaining Monthly Limit,Remaining Monthly Limit,Límite mensual restante,الحد الشهري المتبقي,Limite mensuelle restante,शेष मासिक सीमा
Limit Information,Limit Information,Información de límite,معلومات الحد,Informations sur les limites,सीमा की जानकारी
Transaction Limit,Transaction Limit,Límite de transacciones,حد المعاملة,Limite de transaction,लेनदेन सीमा
Bank Verification Number,Bank Verification Number,Número de verificación bancaria,رقم التحقق البنكي,Numéro de vérification bancaire,बैंक सत्यापन संख्या
National Identification Number,National Identification Number,Número de Identificación Nacional,رقم الهوية الوطنية,Numéro d'identification national,राष्ट्रीय पहचान संख्या
Taxpayer identification numbers,Taxpayer identification numbers,Números de identificación del contribuyente,أرقام تعريف دافعي الضرائب,Numéros d'identification du contribuable,करदाता पहचान संख्या
From Wallet,From Wallet,Desde la billetera,من المحفظة,Depuis le portefeuille,वॉलेट से
Execute if the value is greater than zero.,Execute if the value is greater than zero.,Ejecutar si el valor es mayor que cero.,قم بالتنفيذ إذا كانت القيمة أكبر من الصفر.,Exécuter si la valeur est supérieure à zéro.,यदि मान शून्य से अधिक है तो निष्पादित करें।
Gift Card Charges,Gift Card Charges,Cargos de tarjetas de regalo,رسوم بطاقة الهدايا,Frais de carte-cadeau,उपहार कार्ड शुल्क
Money Exchange Charges,Money Exchange Charges,Cargos por cambio de moneda,رسوم صرف العملات,Frais de change,मुद्रा विनिमय शुल्क
Routing Number,Routing Number,Número de ruta,رقم التوجيه,Numéro de routage,राउटिंग नम्बर
Enter Routing Number,Enter Routing Number,Ingrese el número de ruta,أدخل رقم التوجيه,Entrez le numéro de routage,रूटिंग नंबर दर्ज करें
Swift Code,Swift Code,código SWIFT,رمز السرعة,Code rapide,स्विफ्ट कोड
Enter Swift Code,Enter Swift Code,Ingresar código Swift,أدخل رمز SWIFT,Entrez le code Swift,स्विफ्ट कोड दर्ज करें
Select Beneficiary Country,Select Beneficiary Country,Seleccione el país beneficiario,اختر البلد المستفيد,Sélectionnez le pays bénéficiaire,लाभार्थी देश चुनें
Beneficiary Country,Beneficiary Country,País beneficiario,البلد المستفيد,Pays bénéficiaire,लाभार्थी देश
Beneficiary Address,Beneficiary Address,Dirección del beneficiario,عنوان المستفيد,Adresse du bénéficiaire,लाभार्थी का पता
Enter Beneficiary Address,Enter Beneficiary Address,Ingrese la dirección del beneficiario,أدخل عنوان المستفيد,Entrez l'adresse du bénéficiaire,लाभार्थी का पता दर्ज करें
Postal Code,Postal Code,Código Postal,رمز بريدي,Code Postal,डाक कोड
Enter Postal Code,Enter Postal Code,Introduzca el código postal,أدخل الرمز البريدي,Entrez le code postal,पोस्टल कोड दर्ज करें
Street Number,Street Number,Número de calle,رقم الشارع,Numéro de rue,गली संख्या
Enter Street Number,Enter Street Number,Introduzca el número de calle,أدخل رقم الشارع,Entrez le numéro de rue,स्ट्रीट नंबर दर्ज करें
Street Name,Street Name,Nombre de la calle,اسم الشارع,Nom de la rue,सड़क का नाम
Enter Street Name,Enter Street Name,Ingrese el nombre de la calle,أدخل اسم الشارع,Entrez le nom de la rue,सड़क का नाम दर्ज करें
Recipient Address,Recipient Address,Dirección del destinatario,عنوان المستلم,Adresse du destinataire,प्राप्तकर्ता का पता
Enter Recipient Address,Enter Recipient Address,Ingrese la dirección del destinatario,أدخل عنوان المستلم,Entrez l'adresse du destinataire,प्राप्तकर्ता का पता दर्ज करें
Enter Sender Name,Enter Sender Name,Ingrese el nombre del remitente,أدخل اسم المرسل,Entrez le nom de l'expéditeur,प्रेषक का नाम दर्ज करें
Sender Country,Sender Country,País del remitente,بلد المرسل,Pays de l'expéditeur,प्रेषक देश
Select Sender Country,Select Sender Country,Seleccionar el país del remitente,حدد بلد المرسل,Sélectionnez le pays de l'expéditeur,प्रेषक देश चुनें
Sender Address,Sender Address,Dirección del remitente,عنوان المرسل,Adresse de l'expéditeur,प्रेषक का पता
Enter Sender Address,Enter Sender Address,Introduzca la dirección del remitente,أدخل عنوان المرسل,Entrez l'adresse de l'expéditeur,प्रेषक का पता दर्ज करें
Webhook Logs,Webhook Logs,Registros de webhook,سجلات Webhook,Journaux Webhook,वेबहुक लॉग
Reference,Reference,Referencia,مرجع,Référence,संदर्भ
Balance Before Termination,Balance Before Termination,Saldo antes de la terminación,الرصيد قبل الإنهاء,Solde avant résiliation,समाप्ति से पहले शेष राशि
Charged Amount,Charged Amount,Monto cobrado,المبلغ المدفوع,Montant facturé,चार्ज की गई राशि
Reason,Reason,Razón,سبب,Raison,कारण
bkashPayment ,Bkash Payment,Pago Bkash,دفع بكاش,Paiement Bkash,बीकैश भुगतान
Transfer,Transfer,Transferir,تحويل,Transfert,स्थानांतरण
Services,Services,Servicios,خدمات,Services,सेवाएं
nav_cards,Cards,Tarjetas,بطاقات,Cartes,कार्ड
Security,Security,Seguridad,حماية,Sécurité,सुरक्षा
Mail From Address,Mail From Address,Dirección de correo,عنوان البريد من,Adresse de courrier de,मेल से पता
Refund,Refund,Reembolso,استرداد,Remboursement,धनवापसी
Refund Balance,Refund Balance,Saldo de reembolso,استرداد الرصيد,Solde de remboursement,धनवापसी शेष
Refund processed successfully,Refund processed successfully,Reembolso procesado exitosamente,تمت معالجة استرداد المبلغ بنجاح,Remboursement traité avec succès,धनवापसी सफलतापूर्वक संसाधित
Your PIN has been set up successfully.,Your PIN has been set up successfully.,Su PIN ha sido configurado exitosamente,لقد تم إعداد رقم التعريف الشخصي الخاص بك بنجاح.,Votre code PIN a été configuré avec succès.,आपका पिन सफलतापूर्वक सेट हो गया है.
Invalid old PIN entered.,Invalid old PIN entered.,El PIN antiguo ingresado no es válido.,تم إدخال رقم التعريف الشخصي القديم غير صالح.,Ancien code PIN saisi non valide.,अमान्य पुराना पिन दर्ज किया गया.
PIN updated successfully.,PIN updated successfully.,PIN actualizado exitosamente.,تم تحديث رقم التعريف الشخصي (PIN) بنجاح.,Le code PIN a été mis à jour avec succès.,पिन सफलतापूर्वक अपडेट किया गया.
Congratulations! Your PIN has been successfully set up. Thank you for securing your account.,Congratulations! Your PIN has been successfully set up. Thank you for securing your account.,¡Felicitaciones! Su PIN se ha configurado correctamente. Gracias por proteger su cuenta.,تهانينا! تم إعداد رقم التعريف الشخصي (PIN) الخاص بك بنجاح. شكرًا لك على تأمين حسابك.,Félicitations ! Votre code PIN a été créé avec succès. Merci d'avoir sécurisé votre compte.,बधाई हो! आपका पिन सफलतापूर्वक सेट हो गया है। अपना खाता सुरक्षित करने के लिए धन्यवाद।
Max:4,Max:4,Máx.:4,الحد الأقصى: 4,Max:4,अधिकतम:4
Old PIN,Old PIN,PIN antiguo,رقم التعريف الشخصي القديم,Ancien code PIN,पुराना पिन
New PIN,New PIN,Nuevo PIN,رقم التعريف الشخصي الجديد,Nouveau code PIN,नया पिन
Enter Old PIN,Enter Old PIN,Introduzca el PIN antiguo,أدخل رقم التعريف الشخصي القديم,Entrez l'ancien code PIN,पुराना पिन दर्ज करें
Enter New PIN,Enter New PIN,Introducir nuevo PIN,أدخل رقم التعريف الشخصي الجديد,Entrez un nouveau code PIN,नया पिन दर्ज करें
PIN,PIN,ALFILER,دبوس,ÉPINGLE,नत्थी करना
Setup PIN,Setup PIN,PIN de configuración,إعداد رقم التعريف الشخصي (PIN),Configuration du code PIN,सेटअप पिन
Kindly complete your PIN setup before proceeding.,Kindly complete your PIN setup before proceeding.,"Por favor, complete la configuración de su PIN antes de continuar.",يرجى إكمال إعداد رقم التعريف الشخصي (PIN) الخاص بك قبل المتابعة.,Veuillez terminer la configuration de votre code PIN avant de continuer.,कृपया आगे बढ़ने से पहले अपना पिन सेटअप पूरा करें।
PIN Verification,PIN Verification,Verificación de PIN,التحقق من رقم التعريف الشخصي (PIN),Vérification du code PIN,पिन सत्यापन
Enter PIN,Enter PIN,Introducir PIN,أدخل رقم التعريف الشخصي (PIN),Entrez le code PIN,पिन दर्ज करें
The entered PIN does not match.,The entered PIN does not match.,El PIN ingresado no coincide.,رقم التعريف الشخصي (PIN) المدخل لا يتطابق.,Le code PIN saisi ne correspond pas.,दर्ज किया गया पिन मेल नहीं खाता.
PIN verification is temporarily unavailable.,PIN verification is temporarily unavailable.,La verificación de PIN no está disponible temporalmente.,التحقق من رقم التعريف الشخصي (PIN) غير متاح مؤقتًا.,La vérification du code PIN est temporairement indisponible.,पिन सत्यापन अस्थायी रूप से अनुपलब्ध है.
Enter your PIN to continue.,Enter your PIN to continue.,Introduzca su PIN para continuar.,أدخل رقم التعريف الشخصي الخاص بك للمتابعة.,Entrez votre code PIN pour continuer.,जारी रखने के लिए अपना पिन दर्ज करें.
"You have already set a Security PIN. To update it, please use the update form.","You have already set a Security PIN. To update it, please use the update form.","Ya ha configurado un PIN de seguridad. Para actualizarlo, utilice el formulario de actualización.",لقد قمتَ بالفعل بتعيين رقم تعريف شخصي (PIN) للأمان. لتحديثه، يُرجى استخدام نموذج التحديث.,"Vous avez déjà défini un code PIN de sécurité. Pour le mettre à jour, veuillez utiliser le formulaire de mise à jour.","आपने पहले ही सुरक्षा पिन सेट कर लिया है। इसे अपडेट करने के लिए, कृपया अपडेट फ़ॉर्म का उपयोग करें।"
New PIN must be different from the old PIN.,New PIN must be different from the old PIN.,El nuevo PIN debe ser diferente del PIN anterior.,يجب أن يكون رقم التعريف الشخصي الجديد مختلفًا عن رقم التعريف الشخصي القديم.,Le nouveau code PIN doit être différent de l'ancien.,नया पिन पुराने पिन से अलग होना चाहिए।
PIN verification successful.,PIN verification successful.,Verificación de PIN exitosa.,تم التحقق من رقم التعريف الشخصي (PIN) بنجاح.,Vérification du code PIN réussie.,पिन सत्यापन सफल.
Pin Setup Status,Pin Setup Status,Estado de configuración del PIN,حالة إعداد الدبوس,État de configuration du code PIN,पिन सेटअप स्थिति
The user has not yet submitted the PIN.,The user has not yet submitted the PIN.,El usuario aún no ha enviado el PIN.,لم يقدم المستخدم رقم التعريف الشخصي (PIN) بعد.,L'utilisateur n'a pas encore soumis le code PIN.,उपयोगकर्ता ने अभी तक पिन सबमिट नहीं किया है।
Admin Prefix,Admin Prefix,Prefijo de administrador,بادئة المسؤول,Préfixe d'administration,व्यवस्थापक उपसर्ग
Error Logs,Error Logs,Registros de errores,سجلات الأخطاء,Journaux d'erreurs,त्रुटि लॉग
Log Entry,Log Entry,Entrada de registro,إدخال السجل,Entrée de journal,लॉग प्रविष्टि
Add User,Add User,Agregar usuario,إضافة مستخدم,Ajouter un utilisateur,उपयोगकर्ता जोड़ें
Create New Merchant,Create New Merchant,Crear nuevo comerciante,إنشاء تاجر جديد,Créer un nouveau commerçant,नया व्यापारी बनाएँ
Create New User,Create New User,Crear nuevo usuario,إنشاء مستخدم جديد,Créer un nouvel utilisateur,नया उपयोगकर्ता बनाएँ
Merchant created successfully.,Merchant created successfully.,Comerciante creado exitosamente,تم إنشاء التاجر بنجاح.,Marchand créé avec succès.,व्यापारी सफलतापूर्वक बनाया गया.
User created successfully.,User created successfully.,Usuario creado exitosamente.,تم إنشاء المستخدم بنجاح.,Utilisateur créé avec succès.,उपयोगकर्ता सफलतापूर्वक बनाया गया.
Add Merchant,Add Merchant,Agregar comerciante,إضافة تاجر,Ajouter un marchand,व्यापारी जोड़ें
Create New Agent,Create New Agent,Crear nuevo agente,إنشاء وكيل جديد,Créer un nouvel agent,नया एजेंट बनाएँ
Agent created successfully.,Agent created successfully.,Agente creado exitosamente.,تم إنشاء العميل بنجاح.,Agent créé avec succès.,एजेंट सफलतापूर्वक बनाया गया.
Add Agent,Add Agent,Agregar agente,إضافة وكيل,Ajouter un agent,एजेंट जोड़ें
Add Ticket,Add Ticket,Añadir ticket,إضافة تذكرة,Ajouter un ticket,टिकट जोड़ें
Select User Type,Select User Type,Seleccionar tipo de usuario,حدد نوع المستخدم,Sélectionnez le type d'utilisateur,उपयोगकर्ता प्रकार चुनें
Support ticket deleted successfully,Support ticket deleted successfully,Ticket de soporte eliminado exitosamente,تم حذف تذكرة الدعم بنجاح,Ticket d'assistance supprimé avec succès,सहायता टिकट सफलतापूर्वक हटा दिया गया
Support tickets deleted successfully.,Support tickets deleted successfully.,Tickets de soporte eliminados exitosamente.,تم حذف تذاكر الدعم بنجاح.,Les tickets d'assistance ont été supprimés avec succès.,सहायता टिकट सफलतापूर्वक हटा दिए गए.
Create Support Ticket,Create Support Ticket,Crear un ticket de soporte,إنشاء تذكرة دعم,Créer un ticket d'assistance,समर्थन टिकट बनाएँ
Permission Edit,Permission Edit,Permiso de edición,تعديل الأذونات,Modification des autorisations,अनुमति संपादित करें
Sections updated successfully.,Sections updated successfully.,Secciones actualizadas exitosamente.,تم تحديث الأقسام بنجاح.,Sections mises à jour avec succès.,अनुभाग सफलतापूर्वक अद्यतन किए गए.
Sorry! Setup page not found.,Sorry! Setup page not found.,Lo sentimos. No se encontró la página de configuración.,عذرا! لم يتم العثور على صفحة الإعداد.,Désolé ! Page d'installation introuvable.,क्षमा करें! सेटअप पृष्ठ नहीं मिला.
Authorize card Information,Authorize card Information,Autorizar información de la tarjeta,تفويض معلومات البطاقة,Autoriser les informations de la carte,कार्ड की जानकारी अधिकृत करें
Investment Sub Title,Investment Sub Title,Subtítulo de inversión,العنوان الفرعي للاستثمار,Sous-titre d'investissement,निवेश उपशीर्षक
Log file cleared successfully.,Log file cleared successfully.,El archivo de registro se borró correctamente.,تم مسح ملف السجل بنجاح.,Le fichier journal a été effacé avec succès.,लॉग फ़ाइल सफलतापूर्वक साफ़ कर दी गई.
Log file does not exist.,Log file does not exist.,El archivo de registro no existe.,ملف السجل غير موجود.,Le fichier journal n'existe pas.,लॉग फ़ाइल मौजूद नहीं है.
Error logs cleared successfully.,Error logs cleared successfully.,Los registros de errores se borraron correctamente.,تم مسح سجلات الأخطاء بنجاح.,Les journaux d'erreurs ont été effacés avec succès.,त्रुटि लॉग सफलतापूर्वक साफ़ कर दिए गए.
Oops! It looks like this extension is missing some required setup details. Please complete the configuration before enabling.,Oops! It looks like this extension is missing some required setup details. Please complete the configuration before enabling.,"¡Ups! Parece que a esta extensión le faltan algunos detalles de configuración necesarios. Por favor, complete la configuración antes de habilitarla.",عفواً! يبدو أن هذه الإضافة تفتقد بعض تفاصيل الإعداد المطلوبة. يُرجى إكمال عملية التهيئة قبل تفعيلها.,Oups ! Il semble que certaines informations de configuration nécessaires manquent à cette extension. Veuillez terminer la configuration avant de l'activer.,ओह! ऐसा लगता है कि इस एक्सटेंशन में कुछ ज़रूरी सेटअप विवरण गायब हैं। कृपया सक्षम करने से पहले कॉन्फ़िगरेशन पूरा करें।
Unregistered user.,Unregistered user.,Usuario no registrado.,مستخدم غير مسجل.,Utilisateur non enregistré.,अपंजीकृत उपयोगकर्ता.
Currency enable successfully,Currency enable successfully,La moneda se habilitó correctamente,تم تمكين العملة بنجاح,Activation réussie de la devise,मुद्रा सफलतापूर्वक सक्षम हुई
Currency disable successfully,Currency disable successfully,La moneda se ha desactivado correctamente,تم تعطيل العملة بنجاح,Désactivation réussie de la devise,मुद्रा सफलतापूर्वक अक्षम की गई
Country Restriction,Country Restriction,Restricción de país,قيود البلد,Restriction de pays,देश प्रतिबंध
appLCvv,CVV,CVV,رمز التحقق من البطاقة (CVV),CVV,सीवीवी
appLDebitCardPayment,Debit Card Payment,Pago con tarjeta de débito,الدفع ببطاقة الخصم,Paiement par carte de débit,डेबिट कार्ड भुगतान
Back,Back,Atrás,خلف,Dos,पीछे